t(s),F(N),F_corr(N)
0.000802278518676758,0.673750102519989,-0.162249897480011
0.0506670475006104,0.687750220298767,-0.148249779701233
0.10066556930542,0.680324494838715,-0.155675505161285
0.150676965713501,0.693931818008423,-0.142068181991577
0.2006676197052,0.682498514652252,-0.153501485347748
0.250706911087036,0.699982404708862,-0.136017595291138
0.300668954849243,0.677024185657501,-0.158975814342499
0.350653409957886,0.698738217353821,-0.137261782646179
0.400653123855591,0.678739845752716,-0.157260154247284
0.450673818588257,0.689662277698517,-0.146337722301483
0.500661373138428,0.68680727481842,-0.14919272518158
0.550658702850342,0.698266744613647,-0.137733255386353
0.600660562515259,0.687370419502258,-0.148629580497742
0.650661706924439,0.686244130134583,-0.149755869865417
0.700661659240723,0.685104727745056,-0.150895272254944
0.750685214996338,0.694141387939453,-0.141858612060547
0.800700902938843,0.67922443151474,-0.15677556848526
0.850670337677002,0.689086079597473,-0.146913920402527
0.900669813156128,0.681594848632813,-0.154405151367187
0.950675487518311,0.691155314445496,-0.144844685554504
1.00066828727722,0.677731394767761,-0.158268605232239
1.05066800117493,0.688680112361908,-0.147319887638092
1.10066771507263,0.674404859542847,-0.161595140457153
1.15066838264465,0.689086079597473,-0.146913920402527
1.20067000389099,0.679368436336517,-0.156631563663483
1.25066590309143,0.682904481887817,-0.153095518112183
1.30066967010498,0.671458184719086,-0.164541815280914
1.35067367553711,0.688221752643585,-0.147778247356415
1.40068602561951,0.683140277862549,-0.152859722137451
1.45068097114563,0.679879188537598,-0.156120811462402
1.50067806243896,0.676945626735687,-0.159054373264313
1.55071520805359,0.68376886844635,-0.15223113155365
1.60071444511414,0.680455505847931,-0.155544494152069
1.65071725845337,0.687069237232208,-0.148930762767792
1.70071816444397,0.683637976646423,-0.152362023353577
1.75073027610779,0.690474331378937,-0.145525668621063
1.80072379112244,0.679420828819275,-0.156579171180725
1.8507137298584,0.689727783203125,-0.146272216796875
1.90071558952332,0.685379803180695,-0.150620196819305
1.9507303237915,0.68680727481842,-0.14919272518158
2.00073289871216,0.690579116344452,-0.145420883655548
2.05073022842407,0.681411504745483,-0.154588495254517
2.1007297039032,0.692294716835022,-0.143705283164978
2.15073132514954,0.676709890365601,-0.159290109634399
2.20072555541992,0.682786643505096,-0.153213356494904
2.25068783760071,0.692792356014252,-0.143207643985748
2.3006899356842,0.687252521514893,-0.148747478485107
2.35069155693054,0.693669855594635,-0.142330144405365
2.40069389343262,0.688378870487213,-0.147621129512787
2.45068764686584,0.688182413578033,-0.147817586421967
2.50068998336792,0.687016844749451,-0.148983155250549
2.55069398880005,0.681621015071869,-0.154378984928131
2.60069179534912,0.679813742637634,-0.156186257362366
2.65069365501404,0.683742642402649,-0.152257357597351
2.70069527626038,0.687357306480408,-0.148642693519592
2.75069046020508,0.681765139102936,-0.154234860897064
2.80069494247437,0.689190864562988,-0.146809135437012
2.85069274902344,0.684017717838287,-0.151982282161713
2.90069437026978,0.684292733669281,-0.151707266330719
2.95069193840027,0.676330089569092,-0.159669910430908
3.0006959438324,0.69335550069809,-0.14264449930191
3.050696849823,0.682354509830475,-0.153645490169525
3.10069751739502,0.685104727745056,-0.150895272254944
3.15069437026978,0.67982679605484,-0.15617320394516
3.2006950378418,0.679604172706604,-0.156395827293396
3.25069165229797,0.67901486158371,-0.15698513841629
3.3006956577301,0.686244130134583,-0.149755869865417
3.35069394111633,0.68437135219574,-0.15162864780426
3.40069508552551,0.691967248916626,-0.144032751083374
3.45069932937622,0.681568622589111,-0.154431377410889
3.5006947517395,0.690212368965149,-0.145787631034851
3.55070281028748,0.677168250083923,-0.158831749916077
3.60069465637207,0.683821260929108,-0.152178739070892
3.65069723129272,0.685497641563416,-0.150502358436584
3.70069718360901,0.682092547416687,-0.153907452583313
3.75069403648376,0.679250597953796,-0.156749402046204
3.80069351196289,0.693918645381928,-0.142081354618072
3.85069823265076,0.672348737716675,-0.163651262283325
3.90069842338562,0.685864329338074,-0.150135670661926
3.95071625709534,0.669061541557312,-0.166938458442688
4.00072693824768,0.690854132175446,-0.145145867824554
4.05070519447327,0.68092691898346,-0.155073081016541
4.10069942474365,0.691129088401794,-0.144870911598206
4.15070199966431,0.677574217319489,-0.158425782680511
4.20070695877075,0.687344253063202,-0.148655746936798
4.25070548057556,0.67123556137085,-0.16476443862915
4.30069994926453,0.69194108247757,-0.14405891752243
4.35070323944092,0.682511687278748,-0.153488312721252
4.40070772171021,0.691155314445496,-0.144844685554504
4.45070362091064,0.681922316551209,-0.154077683448791
4.50071310997009,0.697900056838989,-0.138099943161011
4.55070352554321,0.678923189640045,-0.157076810359955
4.60070729255676,0.6921506524086,-0.1438493475914
4.65070581436157,0.676670610904694,-0.159329389095306
4.70070695877075,0.694023430347443,-0.141976569652557
4.75070452690125,0.680795967578888,-0.155204032421112
4.80070447921753,0.691351711750031,-0.144648288249969
4.8507080078125,0.671785533428192,-0.164214466571808
4.90070867538452,0.6905397772789,-0.1454602227211
4.95071315765381,0.677417039871216,-0.158582960128784
5.0007221698761,0.696747541427612,-0.139252458572388
5.05071115493774,0.676880121231079,-0.159119878768921
5.10071659088135,0.685589253902435,-0.150410746097565
5.15072107315064,0.675714552402496,-0.160285447597504
5.20071148872376,0.692766189575195,-0.143233810424805
5.25071215629578,0.66911393404007,-0.16688606595993
5.30071139335632,0.692595958709717,-0.143404041290283
5.35072469711304,0.671680808067322,-0.164319191932678
5.40072226524353,0.697389304637909,-0.138610695362091
5.45071840286255,0.681516230106354,-0.154483769893646
5.50072002410889,0.691364884376526,-0.144635115623474
5.55071926116943,0.669991314411163,-0.166008685588837
5.60072183609009,0.69275313615799,-0.14324686384201
5.65071320533752,0.669742524623871,-0.166257475376129
5.70071768760681,0.695071160793304,-0.140928839206696
5.75071406364441,0.659776091575623,-0.176223908424377
5.80072045326233,0.689269423484802,-0.146730576515198
5.85072016716003,0.683781981468201,-0.152218018531799
5.90073084831238,0.698816776275635,-0.137183223724365
5.95075941085815,0.673920333385468,-0.162079666614532
6.0007951259613,0.694652140140533,-0.141347859859467
6.05075097084045,0.685798823833466,-0.150201176166534
6.10077476501465,0.698908388614655,-0.137091611385345
6.15076231956482,0.673422634601593,-0.162577365398407
6.20074701309204,0.691116034984589,-0.144883965015411
6.25072717666626,0.686073839664459,-0.149926160335541
6.30073046684265,0.683349788188934,-0.152650211811066
6.35073184967041,0.662984728813171,-0.173015271186829
6.40073347091675,0.700309813022614,-0.135690186977386
6.45073318481445,0.674404859542847,-0.161595140457153
6.50073766708374,0.701056301593781,-0.134943698406219
6.55072999000549,0.671353399753571,-0.164646600246429
6.60074496269226,0.686951339244843,-0.149048660755157
6.65073728561401,0.676513433456421,-0.159486566543579
6.70073938369751,0.703230321407318,-0.132769678592682
6.75073337554932,0.683598637580872,-0.152401362419128
6.80074501037598,0.69610583782196,-0.13989416217804
6.85074090957642,0.670043706893921,-0.165956293106079
6.9007465839386,0.690081417560577,-0.145918582439423
6.95073962211609,0.681372225284576,-0.154627774715424
7.00073862075806,0.686571538448334,-0.149428461551666
7.05074024200439,0.67407751083374,-0.16192248916626
7.1007342338562,0.696839213371277,-0.139160786628723
7.15073537826538,0.667371988296509,-0.168628011703491
7.20074033737183,0.70336127281189,-0.13263872718811
7.25073671340942,0.675347805023193,-0.160652194976807
7.30074071884155,0.696891605854034,-0.139108394145966
7.35073828697205,0.681018650531769,-0.154981349468231
7.40075087547302,0.698738217353821,-0.137261782646179
7.45075821876526,0.676631271839142,-0.159368728160858
7.50081038475037,0.691050529479981,-0.14494947052002
7.55078792572022,0.679695844650269,-0.156304155349731
7.60079169273376,0.70296835899353,-0.13303164100647
7.65078687667847,0.681752026081085,-0.154247973918915
7.70079588890076,0.693237662315369,-0.142762337684631
7.75078845024109,0.681673407554626,-0.154326592445374
7.80079293251038,0.699039399623871,-0.136960600376129
7.85077881813049,0.679473221302033,-0.156526778697968
7.9007887840271,0.686375141143799,-0.149624858856201
7.95075631141663,0.676055073738098,-0.159944926261902
8.0007541179657,0.689727783203125,-0.146272216796875
8.05077528953552,0.680573344230652,-0.155426655769348
8.10078310966492,0.692844748497009,-0.143155251502991
8.15078973770142,0.677639722824097,-0.158360277175903
8.20078420639038,0.695411682128906,-0.140588317871094
8.25078225135803,0.681188881397247,-0.154811118602753
8.30075240135193,0.691548228263855,-0.144451771736145
8.35075449943543,0.676316976547241,-0.159683023452759
8.4007568359375,0.694259166717529,-0.141740833282471
8.4507520198822,0.677836179733276,-0.158163820266724
8.50075173377991,0.693709135055542,-0.142290864944458
8.55075740814209,0.675596654415131,-0.160403345584869
8.60075736045837,0.688863456249237,-0.147136543750763
8.65075302124023,0.673239231109619,-0.162760768890381
8.70076608657837,0.691050529479981,-0.14494947052002
8.7507541179657,0.677063465118408,-0.158936534881592
8.80077719688416,0.691679179668427,-0.144320820331573
8.85076022148132,0.678910076618195,-0.157089923381805
8.90076327323914,0.685222625732422,-0.150777374267578
8.95075750350952,0.681306779384613,-0.154693220615387
9.00075602531433,0.699563264846802,-0.136436735153198
9.05076622962952,0.681057870388031,-0.154942129611969
9.10076975822449,0.687894284725189,-0.148105715274811
9.15076518058777,0.677089631557465,-0.158910368442535
9.20076513290405,0.689793288707733,-0.146206711292267
9.25076508522034,0.674902558326721,-0.161097441673279
9.30077838897705,0.697048723697662,-0.138951276302338
9.35076141357422,0.679145812988281,-0.156854187011719
9.40076804161072,0.684960663318634,-0.151039336681366
9.45076847076416,0.682668745517731,-0.153331254482269
9.50076961517334,0.693643629550934,-0.142356370449066
9.55076360702515,0.678176701068878,-0.157823298931122
9.60077118873596,0.683127224445343,-0.152872775554657
9.65076684951782,0.677770733833313,-0.158229266166687
9.70077109336853,0.689989745616913,-0.146010254383087
9.75076532363892,0.677927792072296,-0.158072207927704
9.80077004432678,0.689583718776703,-0.146416281223297
9.85076785087585,0.68306165933609,-0.15293834066391
9.9007670879364,0.685288071632385,-0.150711928367615
9.95076727867126,0.674889445304871,-0.161110554695129
10.0007674694061,0.688287198543549,-0.147712801456451
10.050772190094,0.675832390785217,-0.160167609214783
10.1007688045502,0.689649224281311,-0.146350775718689
10.1507768630981,0.680612683296204,-0.155387316703796
10.20077085495,0.68042927980423,-0.15557072019577
10.2507660388947,0.681385278701782,-0.154614721298218
10.3007724285126,0.680900692939758,-0.155099307060242
10.3508019447327,0.683454573154449,-0.152545426845551
10.4008076190949,0.682223498821259,-0.153776501178741
10.4507744312286,0.684030771255493,-0.151969228744507
10.5007698535919,0.685065448284149,-0.150934551715851
10.5507669448853,0.689649224281311,-0.146350775718689
10.6007747650146,0.706216275691986,-0.129783724308014
10.6507692337036,0.690736174583435,-0.145263825416565
10.700767993927,0.675910949707031,-0.160089050292969
10.7507696151733,0.690448105335236,-0.145551894664764
10.8007729053497,0.678543329238892,-0.157456670761108
10.8507740497589,0.682734251022339,-0.153265748977661
10.9007725715637,0.680966258049011,-0.155033741950989
10.9507730007172,0.687658607959747,-0.148341392040253
11.0007724761963,0.68629652261734,-0.14970347738266
11.0507774353027,0.683480799198151,-0.152519200801849
11.1007764339447,0.684751093387604,-0.151248906612396
11.1507794857025,0.683873653411865,-0.152126346588135
11.2007765769959,0.676526486873627,-0.159473513126373
11.2507703304291,0.685130894184113,-0.150869105815887
11.3007745742798,0.679813742637634,-0.156186257362366
11.3507769107819,0.679473221302033,-0.156526778697968
11.4007816314697,0.670161664485931,-0.165838335514069
11.450777053833,0.691613674163818,-0.144386325836182
11.5007967948914,0.671274781227112,-0.164725218772888
11.550788640976,0.679957807064056,-0.156042192935944
11.6007828712463,0.682092547416687,-0.153907452583313
11.650780916214,0.687265634536743,-0.148734365463257
11.7008109092712,0.678373098373413,-0.157626901626587
11.7507832050324,0.69467830657959,-0.14132169342041
11.8007805347443,0.685641646385193,-0.150358353614807
11.8507826328278,0.685275018215179,-0.150724981784821
11.9007883071899,0.676618218421936,-0.159381781578064
11.9507822990417,0.696092665195465,-0.139907334804535
12.0007843971252,0.681869924068451,-0.154130075931549
12.0507941246033,0.68862771987915,-0.14737228012085
12.100789308548,0.68063884973526,-0.15536115026474
12.1507847309113,0.686178624629974,-0.149821375370026
12.2007856369019,0.67255824804306,-0.16344175195694
12.250785112381,0.679368436336517,-0.156631563663483
12.3007907867432,0.668013751506805,-0.167986248493195
12.3507878780365,0.686898946762085,-0.149101053237915
12.4007880687714,0.675806164741516,-0.160193835258484
12.4507877826691,0.690448105335236,-0.145551894664764
12.5007879734039,0.677207589149475,-0.158792410850525
12.5507850646973,0.688666939735413,-0.147333060264587
12.6007919311523,0.675400197505951,-0.160599802494049
12.6507890224457,0.691849410533905,-0.144150589466095
12.7007918357849,0.675740718841553,-0.160259281158447
12.7507853507996,0.688444375991821,-0.147555624008179
12.8007864952087,0.684384405612946,-0.151615594387054
12.8507897853851,0.694233000278473,-0.141766999721527
12.9007894992828,0.679054081439972,-0.156945918560028
12.9507868289948,0.69517594575882,-0.14082405424118
13.000786781311,0.685340464115143,-0.150659535884857
13.0507917404175,0.696367740631104,-0.139632259368896
13.1007895469666,0.681922316551209,-0.154077683448791
13.1507875919342,0.70316481590271,-0.13283518409729
13.2007937431335,0.677011072635651,-0.158988927364349
13.2507870197296,0.698790609836578,-0.137209390163422
13.3007907867432,0.665211141109467,-0.170788858890533
13.3507945537567,0.691325545310974,-0.144674454689026
13.4007997512817,0.664936125278473,-0.171063874721527
13.4507956504822,0.686676323413849,-0.149323676586151
13.5007939338684,0.675897896289825,-0.160102103710175
13.550794839859,0.710001170635223,-0.125998829364777
13.6008207798004,0.660574972629547,-0.175425027370453
13.6508309841156,0.697245180606842,-0.138754819393158
13.7008039951324,0.680717408657074,-0.155282591342926
13.7507989406586,0.695267677307129,-0.140732322692871
13.8008027076721,0.67659205198288,-0.15940794801712
13.8508098125458,0.698646545410156,-0.137353454589844
13.9008333683014,0.68437135219574,-0.15162864780426
13.9508607387543,0.699117958545685,-0.136882041454315
14.0008106231689,0.677521824836731,-0.158478175163269
14.0508043766022,0.695005714893341,-0.140994285106659
14.1008141040802,0.673475027084351,-0.162524972915649
14.1508057117462,0.695398569107056,-0.140601430892944
14.200808763504,0.675649046897888,-0.160350953102112
14.250803232193,0.701671838760376,-0.134328161239624
14.3008024692535,0.671811759471893,-0.164188240528107
14.3508069515228,0.6956866979599,-0.1403133020401
14.4008150100708,0.672911882400513,-0.163088117599487
14.450804233551,0.702876746654511,-0.133123253345489
14.5008027553558,0.679604172706604,-0.156395827293396
14.5508103370667,0.701056301593781,-0.134943698406219
14.6008105278015,0.677364647388458,-0.158635352611542
14.6508083343506,0.694233000278473,-0.141766999721527
14.7008173465729,0.678608894348145,-0.157391105651855
14.7508232593536,0.696328401565552,-0.139671598434448
14.8008122444153,0.676513433456421,-0.159486566543579
14.8508083820343,0.700990796089172,-0.135009203910828
14.900815486908,0.676788449287415,-0.159211550712585
14.9508097171783,0.698541760444641,-0.137458239555359
15.0008111000061,0.681306779384613,-0.154693220615387
15.0508081912994,0.696878492832184,-0.139121507167816
15.1008150577545,0.681084096431732,-0.154915903568268
15.1508116722107,0.699523985385895,-0.136476014614105
15.2008130550385,0.680809080600739,-0.155190919399261
15.2508144378662,0.703688681125641,-0.132311318874359
15.3008151054382,0.678608894348145,-0.157391105651855
15.3508133888245,0.705548346042633,-0.130451653957367
15.4008162021637,0.680861473083496,-0.155138526916504
15.4508190155029,0.696446359157562,-0.139553640842438
15.5008158683777,0.677548050880432,-0.158451949119568
15.5508098602295,0.701213479042053,-0.134786520957947
15.6008169651032,0.670790255069733,-0.165209744930267
15.6508159637451,0.695044934749603,-0.140955065250397
15.7008123397827,0.678923189640045,-0.157076810359955
15.7508101463318,0.693329334259033,-0.142670665740967
15.8008120059967,0.677796900272369,-0.158203099727631
15.8508157730103,0.692399501800537,-0.143600498199463
15.9008214473724,0.677430212497711,-0.158569787502289
15.9508471488953,0.697585701942444,-0.138414298057556
16.0008640289307,0.674902558326721,-0.161097441673279
16.0508637428284,0.700074017047882,-0.135925982952118
16.1008682250977,0.674300134181976,-0.161699865818024
16.1508522033691,0.695739090442658,-0.140260909557343
16.2008738517761,0.6905397772789,-0.1454602227211
16.2508583068848,0.696354627609253,-0.139645372390747
16.3008592128754,0.678700506687164,-0.157299493312836
16.3508350849152,0.704199433326721,-0.131800566673279
16.4008316993713,0.681869924068451,-0.154130075931549
16.4508295059204,0.694115161895752,-0.141884838104248
16.5008320808411,0.682066321372986,-0.153933678627014
16.5508279800415,0.695791482925415,-0.140208517074585
16.6008434295654,0.674758493900299,-0.161241506099701
16.6508376598358,0.694206833839417,-0.141793166160583
16.7008318901062,0.682825922966003,-0.153174077033997
16.7508356571198,0.699838280677795,-0.136161719322205
16.8008344173431,0.673239231109619,-0.162760768890381
16.8508477210999,0.698829889297485,-0.137170110702515
16.9008555412292,0.675688326358795,-0.160311673641205
16.9508459568024,0.696616590023041,-0.139383409976959
17.0008392333984,0.677181363105774,-0.158818636894226
17.050838470459,0.697546422481537,-0.138453577518463
17.1008388996124,0.681044816970825,-0.154955183029175
17.1508431434631,0.695817649364471,-0.140182350635529
17.2008471488953,0.679302990436554,-0.156697009563446
17.2508413791657,0.689767062664032,-0.146232937335968
17.3008468151093,0.680507898330689,-0.155492101669311
17.3508455753326,0.696957111358643,-0.139042888641357
17.4008400440216,0.684803485870361,-0.151196514129639
17.4508352279663,0.694337785243988,-0.141662214756012
17.5008373260498,0.67547881603241,-0.16052118396759
17.5508377552032,0.704330444335938,-0.131669555664062
17.6008369922638,0.679198205471039,-0.156801794528961
17.6508359909058,0.702418267726898,-0.133581732273102
17.700840473175,0.674129903316498,-0.161870096683502
17.7508416175842,0.695320069789887,-0.140679930210114
17.8008410930634,0.679460167884827,-0.156539832115173
17.8508372306824,0.696930885314941,-0.139069114685059
17.9008455276489,0.685615479946137,-0.150384520053864
17.9508402347565,0.692438781261444,-0.143561218738556
18.0008389949799,0.683651030063629,-0.152348969936371
18.0508375167847,0.689020574092865,-0.146979425907135
18.1008429527283,0.673069000244141,-0.162930999755859
18.1508400440216,0.688889682292938,-0.147110317707062
18.200843334198,0.676107466220856,-0.159892533779144
18.2508416175842,0.687540650367737,-0.148459349632263
18.3008434772491,0.686231017112732,-0.149768982887268
18.3508455753326,0.693159103393555,-0.142840896606445
18.4008440971375,0.681817531585693,-0.154182468414307
18.4508450031281,0.690107583999634,-0.145892416000366
18.5008401870728,0.675256192684174,-0.160743807315826
18.5508413314819,0.69194108247757,-0.14405891752243
18.6008424758911,0.673841714859009,-0.162158285140991
18.6508469581604,0.687815666198731,-0.14818433380127
18.7008438110352,0.676225304603577,-0.159774695396423
18.75084400177,0.694298446178436,-0.141701553821564
18.8008534908295,0.675910949707031,-0.160089050292969
18.8508632183075,0.689492046833038,-0.146507953166962
18.9008593559265,0.680782854557037,-0.155217145442963
18.9508550167084,0.69377464056015,-0.14222535943985
19.0008540153503,0.683362901210785,-0.152637098789215
19.050856590271,0.683624804019928,-0.152375195980072
19.1008539199829,0.677770733833313,-0.158229266166687
19.150848865509,0.684515357017517,-0.151484642982483
19.2008528709412,0.683035492897034,-0.152964507102966
19.2508516311646,0.685759603977203,-0.150240396022797
19.3008496761322,0.679695844650269,-0.156304155349731
19.35085105896,0.69194108247757,-0.14405891752243
19.4008555412292,0.688064575195313,-0.147935424804687
19.4508531093597,0.686741769313812,-0.149258230686188
19.5008540153503,0.685772657394409,-0.150227342605591
19.5508518218994,0.688876509666443,-0.147123490333557
19.6008758544922,0.684345126152039,-0.151654873847961
19.650851726532,0.688378870487213,-0.147621129512787
19.7008583545685,0.68094003200531,-0.15505996799469
19.750869512558,0.684790432453156,-0.151209567546844
19.800897359848,0.690448105335236,-0.145551894664764
19.8509135246277,0.697559475898743,-0.138440524101257
19.9009130001068,0.685327410697937,-0.150672589302063
19.9508962631226,0.687776446342468,-0.148223553657532
20.0009043216705,0.699890673160553,-0.136109326839447
20.05091547966,0.691901803016663,-0.144098196983337
20.1009039878845,0.689780175685883,-0.146219824314117
20.150910615921,0.693735301494598,-0.142264698505402
20.2009079456329,0.692032814025879,-0.143967185974121
20.250904083252,0.681909203529358,-0.154090796470642
20.3008737564087,0.69004213809967,-0.14595786190033
20.3508858680725,0.68951827287674,-0.14648172712326
20.4008784294128,0.688797950744629,-0.147202049255371
20.4508767127991,0.6889289021492,-0.1470710978508
20.5008747577667,0.693316280841827,-0.142683719158173
20.5508794784546,0.689295649528503,-0.146704350471497
20.6008801460266,0.694927096366882,-0.141072903633118
20.6508767604828,0.683493852615356,-0.152506147384644
20.7008812427521,0.695581912994385,-0.140418087005615
20.7508795261383,0.683637976646423,-0.152362023353577
20.8008790016174,0.691875636577606,-0.144124363422394
20.8508894443512,0.689806401729584,-0.146193598270416
20.9008820056915,0.692111372947693,-0.143888627052307
20.9508812427521,0.690592169761658,-0.145407830238342
21.000880241394,0.706792593002319,-0.129207406997681
21.0508818626404,0.691928029060364,-0.144071970939636
21.1008815765381,0.690945744514465,-0.145054255485535
21.1508800983429,0.684541583061218,-0.151458416938782
21.2008783817291,0.700820565223694,-0.135179434776306
21.2508807182312,0.691181480884552,-0.144818519115448
21.3008830547333,0.682563960552216,-0.153436039447784
21.3508913516998,0.694102048873901,-0.141897951126099
21.4008829593658,0.692203044891357,-0.143796955108643
21.4508924484253,0.692006587982178,-0.143993412017822
21.5009009838104,0.702915966510773,-0.133084033489227
21.5509297847748,0.686650097370148,-0.149349902629852
21.6009349822998,0.696210563182831,-0.139789436817169
21.650936126709,0.691718459129334,-0.144281540870666
21.7009325027466,0.68649297952652,-0.14950702047348
21.7509257793427,0.691836357116699,-0.144163642883301
21.8009219169617,0.698436975479126,-0.137563024520874
21.850935459137,0.69517594575882,-0.14082405424118
21.9009387493134,0.705142378807068,-0.130857621192932
21.9509012699127,0.695437908172607,-0.140562091827393
22.0009164810181,0.69801789522171,-0.13798210477829
22.0508968830109,0.694756925106049,-0.141243074893951
22.1008999347687,0.697559475898743,-0.138440524101257
22.150899887085,0.693709135055542,-0.142290864944458
22.2009088993072,0.700702667236328,-0.135297332763672
22.2508981227875,0.683598637580872,-0.152401362419128
22.3009071350098,0.695581912994385,-0.140418087005615
22.3509085178375,0.683310508728027,-0.152689491271973
22.4009046554565,0.698083400726318,-0.137916599273682
22.450900554657,0.686165571212769,-0.149834428787231
22.5009076595306,0.703086197376251,-0.132913802623749
22.5508985519409,0.682721138000488,-0.153278861999512
22.6009128093719,0.692975759506226,-0.143024240493774
22.6509020328522,0.689099133014679,-0.146900866985321
22.7009086608887,0.700191855430603,-0.135808144569397
22.750905752182,0.693211495876312,-0.142788504123688
22.8009085655212,0.691757798194885,-0.144242201805115
22.8509120941162,0.685026109218597,-0.150973890781403
22.9009068012238,0.701527714729309,-0.134472285270691
22.9509074687958,0.681869924068451,-0.154130075931549
23.0009152889252,0.700872957706451,-0.135127042293549
23.0509059429169,0.695974826812744,-0.140025173187256
23.1009066104889,0.702902913093567,-0.133097086906433
23.1509122848511,0.68417489528656,-0.15182510471344
23.2009086608887,0.694612801074982,-0.141387198925018
23.2509124279022,0.679420828819275,-0.156579171180725
23.3009157180786,0.69487476348877,-0.14112523651123
23.3509211540222,0.687959790229797,-0.148040209770203
23.4009132385254,0.700558602809906,-0.135441397190094
23.4509139060974,0.683467626571655,-0.152532373428345
23.500923871994,0.697441637516022,-0.138558362483978
23.5509159564972,0.680442333221436,-0.155557666778564
23.6009135246277,0.696249842643738,-0.139750157356262
23.6509177684784,0.680691242218018,-0.155308757781982
23.7009258270264,0.707015216350555,-0.128984783649445
23.7509107589722,0.682053208351135,-0.153946791648865
23.8009188175201,0.699641883373261,-0.136358116626739
23.8509225845337,0.677063465118408,-0.158936534881592
23.9009187221527,0.701226532459259,-0.134773467540741
23.9509201049805,0.682446122169495,-0.153553877830505
24.0009150505066,0.699393033981323,-0.136606966018677
24.0509209632874,0.674614429473877,-0.161385570526123
24.1009283065796,0.698908388614655,-0.137091611385345
24.1509425640106,0.682786643505096,-0.153213356494904
24.2009625434875,0.707997441291809,-0.128002558708191
24.2509505748749,0.682066321372986,-0.153933678627014
24.3009309768677,0.697258293628693,-0.138741706371307
24.3509221076965,0.682380676269531,-0.153619323730469
24.4009380340576,0.698148846626282,-0.137851153373718
24.4509377479553,0.675334751605988,-0.160665248394012
24.5009281635284,0.696040272712708,-0.139959727287292
24.5509259700775,0.672230899333954,-0.163769100666046
24.6009249687195,0.698031008243561,-0.137968991756439
24.6509284973145,0.68416178226471,-0.151838217735291
24.7009296417236,0.700637221336365,-0.135362778663635
24.7509250640869,0.682642579078674,-0.153357420921326
24.8009278774261,0.70619010925293,-0.12980989074707
24.8509383201599,0.684214174747467,-0.151785825252533
24.9009289741516,0.698358416557312,-0.137641583442688
24.9509255886078,0.68145078420639,-0.15454921579361
25.0009262561798,0.696420133113861,-0.139579866886139
25.0509307384491,0.682367563247681,-0.153632436752319
25.1009318828583,0.698201239109039,-0.137798760890961
25.1509261131287,0.674640655517578,-0.161359344482422
25.2009391784668,0.704697132110596,-0.131302867889404
25.2509286403656,0.676356256008148,-0.159643743991852
25.3009288311005,0.702326655387878,-0.133673344612122
25.3509402275085,0.677050411701202,-0.158949588298798
25.4009339809418,0.699851453304291,-0.136148546695709
25.4509341716766,0.682092547416687,-0.153907452583313
25.5009896755219,0.700506210327148,-0.135493789672852
25.5509796142578,0.681201994419098,-0.154798005580902
25.6009843349457,0.699497759342194,-0.136502240657806
25.6509809494019,0.673815548419952,-0.162184451580048
25.7009904384613,0.696367740631104,-0.139632259368896
25.7509918212891,0.683336675167084,-0.152663324832916
25.8009922504425,0.698358416557312,-0.137641583442688
25.8509972095489,0.684305787086487,-0.151694212913513
25.9010055065155,0.701069355010986,-0.134930644989014
25.9509627819061,0.685144066810608,-0.150855933189392
26.000953912735,0.700152635574341,-0.135847364425659
26.0509548187256,0.683926045894623,-0.152073954105377
26.100958108902,0.69144344329834,-0.14455655670166
26.1509654521942,0.675531208515167,-0.160468791484833
26.2009651660919,0.710381031036377,-0.125618968963623
26.2509546279907,0.694363951683044,-0.141636048316956
26.300952911377,0.693813860416412,-0.142186139583588
26.350968837738,0.683231890201569,-0.152768109798431
26.4009599685669,0.701213479042053,-0.134786520957947
26.4509561061859,0.678045749664307,-0.157954250335693
26.5009641647339,0.697022557258606,-0.138977442741394
26.5509569644928,0.678137362003326,-0.157862637996674
26.6009578704834,0.691063642501831,-0.144936357498169
26.6509580612183,0.685445249080658,-0.150554750919342
26.700962305069,0.696616590023041,-0.139383409976959
26.7509567737579,0.687724053859711,-0.148275946140289
26.8009598255157,0.701973021030426,-0.134026978969574
26.8509612083435,0.67922443151474,-0.15677556848526
26.9009637832642,0.697926223278046,-0.138073776721954
26.9509570598602,0.678412437438965,-0.157587562561035
27.0009570121765,0.700375258922577,-0.135624741077423
27.0509572029114,0.684934496879578,-0.151065503120422
27.1009628772736,0.686964452266693,-0.149035547733307
27.1509735584259,0.683886766433716,-0.152113233566284
27.2009651660919,0.704697132110596,-0.131302867889404
27.2509701251984,0.679591119289398,-0.156408880710602
27.3009715080261,0.70972615480423,-0.12627384519577
27.3509721755981,0.686545372009277,-0.149454627990723
27.4009692668915,0.72043913602829,-0.11556086397171
27.4509696960449,0.689976632595062,-0.146023367404938
27.5009679794312,0.705365002155304,-0.130634997844696
27.5509653091431,0.706779420375824,-0.129220579624176
27.6010682582855,0.711952567100525,-0.124047432899475
27.6510808467865,0.695503354072571,-0.140496645927429
27.7010209560394,0.720465302467346,-0.115534697532654
27.7510237693787,0.690304040908814,-0.145695959091186
27.801025390625,0.697258293628693,-0.138741706371307
27.8510344028473,0.684554696083069,-0.151445303916931
27.9010365009308,0.718304336071014,-0.117695663928986
27.9509913921356,0.684004604816437,-0.151995395183563
28.001012802124,0.69628918170929,-0.13971081829071
28.0510270595551,0.703858911991119,-0.132141088008881
28.1010394096374,0.710695266723633,-0.125304733276367
28.1510243415833,0.692019641399384,-0.143980358600616
28.2010192871094,0.705469787120819,-0.130530212879181
28.2510213851929,0.692818582057953,-0.143181417942047
28.3009884357452,0.722023785114288,-0.113976214885712
28.3509893417358,0.68417489528656,-0.15182510471344
28.4009959697723,0.704945981502533,-0.131054018497467
28.4509880542755,0.687645435333252,-0.148354564666748
28.5009880065918,0.697926223278046,-0.138073776721954
28.5509867668152,0.685654819011688,-0.150345180988312
28.6009871959686,0.702195644378662,-0.133804355621338
28.6509916782379,0.682354509830475,-0.153645490169525
28.7009885311127,0.703741073608398,-0.132258926391602
28.7509882450104,0.693368673324585,-0.142631326675415
28.8009901046753,0.7027587890625,-0.1332412109375
28.8509905338287,0.687540650367737,-0.148459349632263
28.9010050296783,0.70053243637085,-0.13546756362915
28.9509963989258,0.685471415519714,-0.150528584480286
29.0009927749634,0.701619446277618,-0.134380553722382
29.0509915351868,0.690854132175446,-0.145145867824554
29.1009902954102,0.703518450260162,-0.132481549739838
29.1509983539581,0.692399501800537,-0.143600498199463
29.2010130882263,0.701239585876465,-0.134760414123535
29.2510118484497,0.690565943717957,-0.145434056282043
29.3009994029999,0.696118891239166,-0.139881108760834
29.3510069847107,0.693512678146362,-0.142487321853638
29.4010148048401,0.700191855430603,-0.135808144569397
29.4509980678558,0.695503354072571,-0.140496645927429
29.500999212265,0.70539116859436,-0.13060883140564
29.5510013103485,0.688994348049164,-0.147005651950836
29.6009984016418,0.702339768409729,-0.133660231590271
29.6509990692139,0.691901803016663,-0.144098196983337
29.7010054588318,0.704304218292236,-0.131695781707764
29.7510054111481,0.691705405712128,-0.144294594287872
29.8010137081146,0.701108694076538,-0.134891305923462
29.8510375022888,0.693971037864685,-0.142028962135315
29.9010426998138,0.697520256042481,-0.13847974395752
29.9510207176208,0.684908270835876,-0.151091729164124
30.0010030269623,0.69831907749176,-0.13768092250824
30.0510168075562,0.68446296453476,-0.15153703546524
30.1010177135468,0.703544676303864,-0.132455323696136
30.1510062217712,0.692648351192474,-0.143351648807526
30.2010073661804,0.703452944755554,-0.132547055244446
30.2510137557983,0.679722011089325,-0.156277988910675
30.3010199069977,0.698057174682617,-0.137942825317383
30.3510208129883,0.698096454143524,-0.137903545856476
30.4010105133057,0.702811181545258,-0.133188818454742
30.4510219097137,0.696223676204681,-0.139776323795319
30.5010221004486,0.697402358055115,-0.138597641944885
30.5510144233704,0.69356507062912,-0.14243492937088
30.601016998291,0.692910254001617,-0.143089745998383
30.6510150432587,0.698122680187225,-0.137877319812775
30.7010138034821,0.700925350189209,-0.135074649810791
30.7510142326355,0.685589253902435,-0.150410746097565
30.8010132312775,0.694285392761231,-0.14171460723877
30.8510246276855,0.688994348049164,-0.147005651950836
30.9010179042816,0.691482722759247,-0.144517277240753
30.9510176181793,0.68881106376648,-0.14718893623352
31.0010142326355,0.696092665195465,-0.139907334804535
31.0510153770447,0.686388194561005,-0.149611805438995
31.1010158061981,0.699628710746765,-0.136371289253235
31.151017665863,0.690120756626129,-0.145879243373871
31.2010173797607,0.689269423484802,-0.146730576515198
31.2510285377502,0.688562154769897,-0.147437845230103
31.3010194301605,0.695830821990967,-0.140169178009033
31.3510241508484,0.695909380912781,-0.140090619087219
31.4010262489319,0.698044061660767,-0.137955938339233
31.451021194458,0.694403231143951,-0.141596768856049
31.5010211467743,0.695503354072571,-0.140496645927429
31.5510249137878,0.690382599830627,-0.145617400169373
31.6010246276855,0.695490300655365,-0.140509699344635
31.6510219573975,0.691260099411011,-0.144739900588989
31.7010278701782,0.691705405712128,-0.144294594287872
31.7510206699371,0.687029898166657,-0.148970101833343
31.8010203838348,0.695856988430023,-0.140143011569977
31.8510196208954,0.68881106376648,-0.14718893623352
31.9010202884674,0.690199255943298,-0.145800744056702
31.9510221481323,0.695843875408173,-0.140156124591827
32.0010228157043,0.689963579177856,-0.146036420822144
32.0510201454163,0.698423862457275,-0.137576137542725
32.101019859314,0.691783964633942,-0.144216035366058
32.1510272026062,0.697834491729736,-0.138165508270264
32.2010309696198,0.698659598827362,-0.137340401172638
32.2510359287262,0.693918645381928,-0.142081354618072
32.3010475635529,0.696826100349426,-0.139173899650574
32.3510575294495,0.702143251895905,-0.133856748104095
32.4010624885559,0.700584828853607,-0.135415171146393
32.4510428905487,0.703073143959045,-0.132926856040955
32.5010454654694,0.690736174583435,-0.145263825416565
32.5510621070862,0.697847664356232,-0.138152335643768
32.6010665893555,0.696839213371277,-0.139160786628723
32.6510643959045,0.695346236228943,-0.140653763771057
32.7010631561279,0.698436975479126,-0.137563024520874
32.7510695457458,0.695804595947266,-0.140195404052734
32.8010642528534,0.68649297952652,-0.14950702047348
32.8510830402374,0.699170351028442,-0.136829648971558
32.9010415077209,0.697480916976929,-0.138519083023071
32.9510490894318,0.695280730724335,-0.140719269275665
33.0010495185852,0.693421065807343,-0.142578934192657
33.051050901413,0.699615657329559,-0.136384342670441
33.1010448932648,0.686375141143799,-0.149624858856201
33.1510410308838,0.692569732666016,-0.143430267333984
33.2010519504547,0.692451894283295,-0.143548105716705
33.2510378360748,0.696970164775848,-0.139029835224152
33.3010444641113,0.69165301322937,-0.14434698677063
33.351039648056,0.701174139976501,-0.134825860023499
33.4010436534882,0.681686580181122,-0.154313419818878
33.451057434082,0.696839213371277,-0.139160786628723
33.5010511875153,0.684489190578461,-0.151510809421539
33.5510499477386,0.706596076488495,-0.129403923511505
33.6010529994965,0.696380794048309,-0.139619205951691
33.6510539054871,0.70316481590271,-0.13283518409729
33.7010459899902,0.6889289021492,-0.1470710978508
33.7510464191437,0.696786820888519,-0.139213179111481
33.80104804039,0.700244247913361,-0.135755752086639
33.8510460853577,0.705548346042633,-0.130451653957367
33.9010491371155,0.694259166717529,-0.141740833282471
33.9510457515717,0.701462268829346,-0.134537731170654
34.0010914802551,0.685340464115143,-0.150659535884857
34.0510914325714,0.704749464988709,-0.131250535011291
34.1011025905609,0.697769045829773,-0.138230954170227
34.1510856151581,0.705011427402496,-0.130988572597504
34.2010924816132,0.69266140460968,-0.14333859539032
34.2510902881622,0.695267677307129,-0.140732322692871
34.3011074066162,0.698031008243561,-0.137968991756439
34.3510911464691,0.702326655387878,-0.133673344612122
34.4010653495789,0.6956866979599,-0.1403133020401
34.4510583877563,0.704422056674957,-0.131577943325043
34.5010571479797,0.69234710931778,-0.14365289068222
34.5510556697845,0.709582149982452,-0.126417850017548
34.6010639667511,0.680167317390442,-0.155832682609558
34.6510574817657,0.716483950614929,-0.119516049385071
34.7010586261749,0.692897140979767,-0.143102859020233
34.7510569095612,0.712306201457977,-0.123693798542023
34.8010656833649,0.699903845787048,-0.136096154212952
34.8510582447052,0.713065803050995,-0.122934196949005
34.9010622501373,0.704801857471466,-0.131198142528534
34.9510595798492,0.722809612751007,-0.113190387248993
35.0010595321655,0.688850343227387,-0.147149656772614
35.0510621070862,0.706713974475861,-0.129286025524139
35.1010601520538,0.693696022033691,-0.142303977966309
35.1510615348816,0.714218258857727,-0.121781741142273
35.2010645866394,0.692897140979767,-0.143102859020233
35.2510619163513,0.716064929962158,-0.119935070037842
35.3010628223419,0.697035670280457,-0.138964329719543
35.3510644435883,0.717099487781525,-0.118900512218475
35.4010670185089,0.700074017047882,-0.135925982952118
35.4510653018951,0.711572766304016,-0.124427233695984
35.5010664463043,0.691548228263855,-0.144451771736145
35.551064491272,0.714624285697937,-0.121375714302063
35.6010684967041,0.696053445339203,-0.139946554660797
35.6510670185089,0.706805646419525,-0.129194353580475
35.7010707855225,0.696001052856445,-0.139998947143555
35.7510659694672,0.709215402603149,-0.126784597396851
35.8010680675507,0.696773767471314,-0.139226232528686
35.8510687351227,0.718933045864105,-0.117066954135895
35.9010739326477,0.691129088401794,-0.144870911598206
35.9510681629181,0.715946972370148,-0.120053027629852
36.0010678768158,0.696786820888519,-0.139213179111481
36.0510654449463,0.712974071502686,-0.123025928497314
36.1010913848877,0.693643629550934,-0.142356370449066
36.1511199474335,0.716418504714966,-0.119581495285034
36.201103925705,0.695595026016235,-0.140404973983765
36.251101732254,0.721657156944275,-0.114342843055725
36.3010900020599,0.699602544307709,-0.136397455692291
36.3510801792145,0.716588735580444,-0.119411264419556
36.4010848999023,0.69628918170929,-0.13971081829071
36.4510736465454,0.719443798065186,-0.116556201934814
36.5010783672333,0.6992227435112,-0.1367772564888
36.5510740280151,0.722927451133728,-0.113072548866272
36.6010768413544,0.695935606956482,-0.140064393043518
36.6510760784149,0.714755237102509,-0.121244762897491
36.7010788917541,0.691364884376526,-0.144635115623474
36.7510747909546,0.714755237102509,-0.121244762897491
36.8010745048523,0.696891605854034,-0.139108394145966
36.8510792255402,0.713995695114136,-0.122004304885864
36.901091337204,0.694023430347443,-0.141976569652557
36.9510810375214,0.708495080471039,-0.127504919528961
37.0010793209076,0.687946617603302,-0.148053382396698
37.0510783195496,0.712293088436127,-0.123706911563873
37.1010823249817,0.693159103393555,-0.142840896606445
37.1510791778564,0.710577428340912,-0.125422571659088
37.2010807991028,0.694900929927826,-0.141099070072174
37.2510797977448,0.710040509700775,-0.125959490299225
37.3010849952698,0.690421938896179,-0.145578061103821
37.3510837554932,0.71317058801651,-0.12282941198349
37.4010901451111,0.691037476062775,-0.144962523937225
37.4510831832886,0.711638271808624,-0.124361728191376
37.5010890960693,0.693342447280884,-0.142657552719116
37.5510814189911,0.714480221271515,-0.121519778728485
37.6010882854462,0.698175013065338,-0.137824986934662
37.6510825157166,0.709647595882416,-0.126352404117584
37.7010872364044,0.688378870487213,-0.147621129512787
37.7510855197906,0.713091969490051,-0.122908030509949
37.8010971546173,0.68650609254837,-0.14949390745163
37.8510911464691,0.71225380897522,-0.12374619102478
37.9010910987854,0.69002902507782,-0.14597097492218
37.9510927200317,0.711245357990265,-0.124754642009735
38.0010905265808,0.689190864562988,-0.146809135437012
38.0510857105255,0.709398746490479,-0.126601253509521
38.1010847091675,0.695778429508209,-0.140221570491791
38.1510984897614,0.708796381950378,-0.127203618049622
38.2011005878448,0.685890555381775,-0.150109444618225
38.2510890960693,0.712921679019928,-0.123078320980072
38.3010983467102,0.693132877349854,-0.142867122650146
38.3511049747467,0.719103276729584,-0.116896723270416
38.4011073112488,0.690526723861694,-0.145473276138306
38.4511065483093,0.707093775272369,-0.128906224727631
38.5010957717896,0.690736174583435,-0.145263825416565
38.55109167099,0.71700781583786,-0.11899218416214
38.6010942459106,0.692648351192474,-0.143351648807526
38.651091337204,0.708482027053833,-0.127517972946167
38.7010943889618,0.693394839763641,-0.142605160236359
38.751091003418,0.716523289680481,-0.119476710319519
38.801096200943,0.701016962528229,-0.134983037471771
38.8510956764221,0.710132122039795,-0.125867877960205
38.9011042118072,0.696943938732147,-0.139056061267853
38.9511024951935,0.711913287639618,-0.124086712360382
39.0011022090912,0.699170351028442,-0.136829648971558
39.0511012077332,0.716143488883972,-0.119856511116028
39.1011033058167,0.692373335361481,-0.143626664638519
39.1511039733887,0.704539954662323,-0.131460045337677
39.2011058330536,0.699759721755981,-0.136240278244019
39.2511053085327,0.708285510540009,-0.127714489459991
39.3011114597321,0.688247919082642,-0.147752080917358
39.3511078357697,0.710367918014526,-0.125632081985474
39.4011161327362,0.693931818008423,-0.142068181991577
39.4511117935181,0.705063819885254,-0.130936180114746
39.5011229515076,0.692635178565979,-0.143364821434021
39.551114320755,0.713890910148621,-0.122109089851379
39.6011152267456,0.695948660373688,-0.140051339626312
39.6511163711548,0.705823421478272,-0.130176578521728
39.7011187076569,0.693224549293518,-0.142775450706482
39.7511191368103,0.710420250892639,-0.125579749107361
39.8011610507965,0.696053445339203,-0.139946554660797
39.8511528968811,0.709791660308838,-0.126208339691162
39.9011499881744,0.692936480045319,-0.143063519954681
39.9511215686798,0.711939513683319,-0.124060486316681
40.0011320114136,0.689937353134155,-0.146062646865845
40.0511403083801,0.707421183586121,-0.128578816413879
40.1011707782745,0.690120756626129,-0.145879243373871
40.1511487960815,0.701763510704041,-0.134236489295959
40.2011539936066,0.687593042850494,-0.148406957149506
40.2511525154114,0.709189176559448,-0.126810823440552
40.3011295795441,0.693080484867096,-0.142919515132904
40.351124048233,0.713301539421082,-0.122698460578918
40.401130437851,0.689845621585846,-0.146154378414154
40.4511225223541,0.715829133987427,-0.120170866012573
40.5011279582977,0.690827906131744,-0.145172093868256
40.5511231422424,0.711926341056824,-0.124073658943176
40.6011345386505,0.686846554279327,-0.149153445720673
40.6511256694794,0.697952449321747,-0.138047550678253
40.7011270523071,0.702444493770599,-0.133555506229401
40.751122713089,0.70802366733551,-0.12797633266449
40.8011322021484,0.695490300655365,-0.140509699344635
40.8511309623718,0.705351948738098,-0.130648051261902
40.9011478424072,0.697559475898743,-0.138440524101257
40.9511301517487,0.711258411407471,-0.124741588592529
41.0011324882507,0.696537971496582,-0.139462028503418
41.0511257648468,0.708207011222839,-0.127792988777161
41.1011235713959,0.695608139038086,-0.140391860961914
41.1511220932007,0.708193898200989,-0.127806101799011
41.2011218070984,0.69710111618042,-0.13889888381958
41.2511193752289,0.709215402603149,-0.126784597396851
41.3011226654053,0.702680230140686,-0.133319769859314
41.3511209487915,0.713484883308411,-0.122515116691589
41.4011166095734,0.692307829856873,-0.143692170143127
41.4511210918427,0.711978733539581,-0.124021266460419
41.5011191368103,0.698829889297485,-0.137170110702515
41.5511248111725,0.718579471111298,-0.117420528888702
41.6011805534363,0.705260276794434,-0.130739723205566
41.6511766910553,0.708062887191772,-0.127937112808228
41.7011845111847,0.696328401565552,-0.139671598434448
41.7511715888977,0.718500852584839,-0.117499147415161
41.8011672496796,0.695660471916199,-0.140339528083801
41.8511343002319,0.719443798065186,-0.116556201934814
41.9011280536652,0.694783091545105,-0.141216908454895
41.9511270523071,0.718697309494019,-0.117302690505981
42.0011239051819,0.706609189510345,-0.129390810489655
42.0511395931244,0.708914220333099,-0.127085779666901
42.1011295318604,0.706046044826508,-0.129953955173492
42.1511292457581,0.715763688087463,-0.120236311912537
42.2011272907257,0.706308007240295,-0.129691992759705
42.2511267662048,0.714912414550781,-0.121087585449219
42.3011295795441,0.704998373985291,-0.131001626014709
42.3511388301849,0.717767417430878,-0.118232582569122
42.401132106781,0.70336127281189,-0.13263872718811
42.4511287212372,0.710171461105347,-0.125828538894653
42.5011417865753,0.707250952720642,-0.128749047279358
42.5511300563812,0.719195008277893,-0.116804991722107
42.6011290550232,0.707722365856171,-0.128277634143829
42.6511325836182,0.712450265884399,-0.123549734115601
42.7011318206787,0.711585879325867,-0.124414120674133
42.7511296272278,0.710760831832886,-0.125239168167114
42.8011336326599,0.708914220333099,-0.127085779666901
42.8511428833008,0.711507320404053,-0.124492679595947
42.9011342525482,0.709477365016937,-0.126522634983063
42.9511296749115,0.706936597824097,-0.129063402175903
43.0011398792267,0.706321060657501,-0.129678939342499
43.051132440567,0.711952567100525,-0.124047432899475
43.1011352539062,0.710551261901856,-0.125448738098145
43.1511330604553,0.714152753353119,-0.121847246646881
43.2011339664459,0.701449155807495,-0.134550844192505
43.2511365413666,0.708377242088318,-0.127622757911682
43.3011360168457,0.707237839698792,-0.128762160301208
43.3511457443237,0.713091969490051,-0.122908030509949
43.4011421203613,0.711664497852325,-0.124335502147675
43.4511339664459,0.70832484960556,-0.12767515039444
43.5011351108551,0.710250079631805,-0.125749920368195
43.5511400699616,0.710826277732849,-0.125173722267151
43.6011543273926,0.708730816841126,-0.127269183158874
43.6511795520782,0.708207011222839,-0.127792988777161
43.7011752128601,0.706543684005737,-0.129456315994263
43.7511813640595,0.711507320404053,-0.124492679595947
43.8011786937714,0.714375436306,-0.121624563694
43.8511414527893,0.706988990306854,-0.129011009693146
43.9011473655701,0.704566180706024,-0.131433819293976
43.9511830806732,0.70478880405426,-0.13121119594574
44.0012001991272,0.709202349185944,-0.126797650814056
44.0511879920959,0.703937530517578,-0.132062469482422
44.1011869907379,0.705757915973663,-0.130242084026337
44.1511940956116,0.699641883373261,-0.136358116626739
44.2011866569519,0.706648468971252,-0.129351531028748
44.2511837482452,0.698947727680206,-0.137052272319794
44.3012087345123,0.702405214309692,-0.133594785690308
44.3511953353882,0.704697132110596,-0.131302867889404
44.4011926651001,0.707408130168915,-0.128591869831085
44.4511661529541,0.700322866439819,-0.135677133560181
44.5011587142944,0.708887994289398,-0.127112005710602
44.5511653423309,0.69770359992981,-0.13829640007019
44.6011588573456,0.708468914031982,-0.127531085968018
44.6511700153351,0.694154441356659,-0.141845558643341
44.7011613845825,0.71225380897522,-0.12374619102478
44.751166343689,0.70265406370163,-0.13334593629837
44.8011653423309,0.710957229137421,-0.125042770862579
44.85116314888,0.706111490726471,-0.129888509273529
44.901163816452,0.714755237102509,-0.121244762897491
44.9511659145355,0.707316398620606,-0.128683601379395
45.0011732578278,0.710669100284576,-0.125330899715424
45.0511665344238,0.68881106376648,-0.14718893623352
45.1011674404144,0.709149956703186,-0.126850043296814
45.1511716842651,0.714545667171478,-0.121454332828522
45.2011649608612,0.713340818881989,-0.122659181118011
45.251168012619,0.706308007240295,-0.129691992759705
45.3011679649353,0.7073033452034,-0.1286966547966
45.3511769771576,0.708887994289398,-0.127112005710602
45.4011771678925,0.710066676139832,-0.125933323860168
45.4511678218842,0.703649342060089,-0.132350657939911
45.501166343689,0.709621369838715,-0.126378630161285
45.5511660575867,0.697729706764221,-0.138270293235779
45.6011645793915,0.706805646419525,-0.129194353580475
45.6511719226837,0.703701734542847,-0.132298265457153
45.701176404953,0.709267795085907,-0.126732204914093
45.7511668205261,0.702693343162537,-0.133306656837463
45.8011674880981,0.712188303470612,-0.123811696529388
45.8511800765991,0.696629643440247,-0.139370356559753
45.9011695384979,0.70972615480423,-0.12627384519577
45.9511702060699,0.698829889297485,-0.137170110702515
46.0011692047119,0.708298683166504,-0.127701316833496
46.0511708259583,0.694455623626709,-0.141544376373291
46.1011693477631,0.712830066680908,-0.123169933319092
46.1511700153351,0.69973349571228,-0.13626650428772
46.2011690139771,0.70760452747345,-0.12839547252655
46.2511718273163,0.69872510433197,-0.13727489566803
46.3011696338654,0.711900174617767,-0.124099825382233
46.351172208786,0.702431440353394,-0.133568559646606
46.4011738300323,0.713249146938324,-0.122750853061676
46.4511737823486,0.697480916976929,-0.138519083023071
46.501172542572,0.709189176559448,-0.126810823440552
46.5511722564697,0.704291105270386,-0.131708894729614
46.6011743545532,0.71488618850708,-0.12111381149292
46.651172876358,0.699497759342194,-0.136502240657806
46.7011730670929,0.717256665229797,-0.118743334770203
46.7511751651764,0.696786820888519,-0.139213179111481
46.8011744022369,0.705129325389862,-0.130870674610138
46.8511760234833,0.696786820888519,-0.139213179111481
46.9011743068695,0.7146897315979,-0.1213102684021
46.9511761665344,0.69598788022995,-0.14001211977005
47.0011806488037,0.711952567100525,-0.124047432899475
47.0511791706085,0.689478993415833,-0.146521006584167
47.1011760234833,0.715436220169067,-0.120563779830933
47.1511793136597,0.695699810981751,-0.140300189018249
47.2011806964874,0.711533546447754,-0.124466453552246
47.251179933548,0.698816776275635,-0.137183223724365
47.3011775016785,0.715252876281738,-0.120747123718262
47.3511800765991,0.696826100349426,-0.139173899650574
47.4011805057526,0.712424039840698,-0.123575960159302
47.4511775970459,0.697166562080383,-0.138833437919617
47.5011796951294,0.714624285697937,-0.121375714302063
47.5511782169342,0.698122680187225,-0.137877319812775
47.6011855602264,0.719391405582428,-0.116608594417572
47.6511905193329,0.703269600868225,-0.132730399131775
47.7012276649475,0.718579471111298,-0.117420528888702
47.7512276172638,0.700925350189209,-0.135074649810791
47.8012199401856,0.72275722026825,-0.11324277973175
47.8512191772461,0.700571775436401,-0.135428224563599
47.9012260437012,0.716025590896606,-0.119974409103394
47.9511959552765,0.706242501735687,-0.129757498264313
48.0011968612671,0.741629302501678,-0.0943706974983215
48.0511939525604,0.704016089439392,-0.131983910560608
48.1011955738068,0.72075343132019,-0.11524656867981
48.151202917099,0.702719569206238,-0.133280430793762
48.2012269496918,0.727236211299896,-0.108763788700104
48.2512290477753,0.701815903186798,-0.134184096813202
48.3012244701385,0.727838635444641,-0.108161364555359
48.3511898517609,0.703073143959045,-0.132926856040955
48.4011912345886,0.717649579048157,-0.118350420951843
48.4511878490448,0.709568977355957,-0.126431022644043
48.5011956691742,0.742598414421082,-0.0934015855789184
48.5511887073517,0.707381904125214,-0.128618095874786
48.6011884212494,0.731427073478699,-0.104572926521301
48.65119099617,0.705954372882843,-0.130045627117157
48.7011907100677,0.728061318397522,-0.107938681602478
48.751190662384,0.703780353069305,-0.132219646930695
48.8011894226074,0.724040627479553,-0.111959372520447
48.8512098789215,0.71235853433609,-0.12364146566391
48.9012002944946,0.734426200389862,-0.101573799610138
48.9511950016022,0.713917076587677,-0.122082923412323
49.0011973381043,0.726502776145935,-0.109497223854065
49.051194190979,0.715619564056397,-0.120380435943603
49.101197719574,0.714977860450745,-0.121022139549255
49.1511976718903,0.701894462108612,-0.134105537891388
49.2012038230896,0.72457766532898,-0.11142233467102
49.251204252243,0.705797255039215,-0.130202744960785
49.3012030124664,0.730261504650116,-0.105738495349884
49.3512001037598,0.7008336186409,-0.1351663813591
49.4012060165405,0.732500970363617,-0.103499029636383
49.4512004852295,0.711520373821259,-0.124479626178741
49.5011990070343,0.72075343132019,-0.11524656867981
49.5511982440948,0.71509575843811,-0.12090424156189
49.6012046337128,0.726253986358643,-0.109746013641357
49.6511971950531,0.707054495811462,-0.128945504188538
49.7012057304382,0.726267099380493,-0.109732900619507
49.7512016296387,0.709346354007721,-0.126653645992279
49.801206111908,0.726987361907959,-0.109012638092041
49.8512003421783,0.708141505718231,-0.127858494281769
49.9012455940247,0.725992023944855,-0.110007976055145
49.9512376785278,0.708141505718231,-0.127858494281769
50.0012435913086,0.736508548259735,-0.0994914517402649
50.0512437820435,0.702876746654511,-0.133123253345489
50.1012442111969,0.728336334228516,-0.107663665771484
50.1512451171875,0.71317058801651,-0.12282941198349
50.2012143135071,0.724629998207092,-0.111370001792908
50.2512097358704,0.707421183586121,-0.128578816413879
50.3012092113495,0.724708557128906,-0.111291442871094
50.3512110710144,0.701069355010986,-0.134930644989014
50.4012107849121,0.718396067619324,-0.117603932380676
50.4512102603912,0.705404341220856,-0.130595658779144
50.5012123584747,0.727642238140106,-0.108357761859894
50.5512111186981,0.710996568202972,-0.125003431797028
50.6012089252472,0.727013528347015,-0.108986471652985
50.6512081623077,0.711467981338501,-0.124532018661499
50.7012209892273,0.723346590995789,-0.112653409004211
50.7512099742889,0.706975936889648,-0.129024063110352
50.8012108802795,0.725625395774841,-0.110374604225159
50.8512141704559,0.706831812858582,-0.129168187141418
50.9012222290039,0.724407374858856,-0.111592625141144
50.951210975647,0.703505337238312,-0.132494662761688
51.0012185573578,0.723333418369293,-0.112666581630707
51.0512132644653,0.706085324287415,-0.129914675712585
51.1012189388275,0.72559916973114,-0.11040083026886
51.1512362957001,0.705744862556458,-0.130255137443542
51.2012231349945,0.725075304508209,-0.110924695491791
51.2512180805206,0.702719569206238,-0.133280430793762
51.3012180328369,0.721814215183258,-0.114185784816742
51.3512184619904,0.70548290014267,-0.13051709985733
51.4012157917023,0.716392278671265,-0.119607721328735
51.4512271881104,0.708612978458405,-0.127387021541595
51.5012283325195,0.723595380783081,-0.112404619216919
51.5512187480927,0.712777674198151,-0.123222325801849
51.6012208461761,0.721919000148773,-0.114080999851227
51.6512248516083,0.709673762321472,-0.126326237678528
51.7012338638306,0.724040627479553,-0.111959372520447
51.7512264251709,0.714139699935913,-0.121860300064087
51.8012228012085,0.726384937763214,-0.109615062236786
51.851224899292,0.705980539321899,-0.130019460678101
51.9012205600739,0.720150947570801,-0.115849052429199
51.9512228965759,0.708233237266541,-0.127766762733459
52.0012261867523,0.718671083450317,-0.117328916549683
52.0512301921845,0.70831173658371,-0.12768826341629
52.1012244224548,0.719744980335236,-0.116255019664764
52.1512215137482,0.706530630588532,-0.129469369411468
52.2012248039246,0.720072388648987,-0.115927611351013
52.2512338161469,0.709660708904266,-0.126339291095734
52.3012232780457,0.725664615631104,-0.110335384368896
52.3512315750122,0.708285510540009,-0.127714489459991
52.4012475013733,0.723503649234772,-0.112496350765228
52.4512317180634,0.700205028057098,-0.135794971942902
52.501232624054,0.716903030872345,-0.119096969127655
52.5512301921845,0.701501548290253,-0.134498451709747
52.6012346744537,0.728978037834168,-0.107021962165832
52.6512303352356,0.71338015794754,-0.12261984205246
52.7012310028076,0.728139817714691,-0.107860182285309
52.7512300014496,0.706858038902283,-0.129141961097717
52.8012306690216,0.715357661247253,-0.120642338752747
52.8512310981751,0.707643866539001,-0.128356133460999
52.9012281894684,0.71691620349884,-0.11908379650116
52.9512300491333,0.709490418434143,-0.126509581565857
53.0012383460999,0.721473753452301,-0.114526246547699
53.0512387752533,0.702588617801666,-0.133411382198334
53.1012394428253,0.721657156944275,-0.114342843055725
53.1512348651886,0.71044647693634,-0.12555352306366
53.2012324333191,0.716169655323029,-0.119830344676971
53.2512323856354,0.700060963630676,-0.135939036369324
53.3012316226959,0.717845976352692,-0.118154023647308
53.3512313365936,0.718147277832031,-0.117852722167969
53.4012327194214,0.715946972370148,-0.120053027629852
53.451230764389,0.71155971288681,-0.12444028711319
53.5012428760529,0.710629820823669,-0.125370179176331
53.5512638092041,0.706975936889648,-0.129024063110352
53.6012687683106,0.715370774269104,-0.120629225730896
53.6512653827667,0.712882459163666,-0.123117540836334
53.7012379169464,0.720308125019074,-0.115691874980926
53.7512557506561,0.704330444335938,-0.131669555664062
53.8012428283691,0.719286620616913,-0.116713379383087
53.8512427806854,0.706923544406891,-0.129076455593109
53.9012458324432,0.719417572021484,-0.116582427978516
53.951238155365,0.707984328269959,-0.128015671730041
54.0012419223785,0.725232422351837,-0.110767577648163
54.0512406826019,0.712751448154449,-0.123248551845551
54.1012418270111,0.724132359027863,-0.111867640972137
54.1512477397919,0.711323976516724,-0.124676023483276
54.2012443542481,0.713327765464783,-0.122672234535217
54.2512440681458,0.707342565059662,-0.128657434940338
54.3012456893921,0.718854427337647,-0.117145572662353
54.3512449264526,0.708940386772156,-0.127059613227844
54.4012513160706,0.716156542301178,-0.119843457698822
54.4512424468994,0.711062014102936,-0.124937985897064
54.5012443065643,0.72215473651886,-0.11384526348114
54.5512437820435,0.716929256916046,-0.119070743083954
54.6012418270111,0.719548583030701,-0.116451416969299
54.6512467861176,0.713105022907257,-0.122894977092743
54.7012443542481,0.712581217288971,-0.123418782711029
54.7512443065643,0.711873948574066,-0.124126051425934
54.8012452125549,0.722731053829193,-0.113268946170807
54.8512516021729,0.71265983581543,-0.12334016418457
54.9012498855591,0.715750575065613,-0.120249424934387
54.9512624740601,0.719915211200714,-0.116084788799286
55.0012500286102,0.721788048744202,-0.114211951255798
55.0512504577637,0.71417897939682,-0.12182102060318
55.1012501716614,0.729567408561707,-0.106432591438293
55.1512515544891,0.720085501670837,-0.115914498329163
55.2012574672699,0.718684196472168,-0.117315803527832
55.2512505054474,0.724459767341614,-0.111540232658386
55.3012473583221,0.722731053829193,-0.113268946170807
55.3512513637543,0.726293325424194,-0.109706674575806
55.401251077652,0.723202466964722,-0.112797533035278
55.4512486457825,0.72690886259079,-0.10909113740921
55.501247882843,0.724721670150757,-0.111278329849243
55.551248550415,0.731793820858002,-0.104206179141998
55.6012518405914,0.727655291557312,-0.108344708442688
55.6512489318848,0.719391405582428,-0.116608594417572
55.7012476921082,0.728611350059509,-0.107388649940491
55.7512481212616,0.720308125019074,-0.115691874980926
55.8012542724609,0.73216050863266,-0.10383949136734
55.8512506484985,0.730130553245544,-0.105869446754456
55.9012432098389,0.73053652048111,-0.10546347951889
55.9512519836426,0.73529052734375,-0.10070947265625
56.0012564659119,0.730785369873047,-0.105214630126953
56.0512471199036,0.739573121070862,-0.0964268789291381
56.1012442111969,0.733352303504944,-0.102647696495056
56.1512491703033,0.726568281650543,-0.109431718349457
56.2012629508972,0.73256653547287,-0.10343346452713
56.2512431144714,0.730850875377655,-0.105149124622345
56.3012475967407,0.721761822700501,-0.114238177299499
56.351256608963,0.732068836688995,-0.103931163311005
56.4012515544891,0.72610992193222,-0.10989007806778
56.4512484073639,0.726175367832184,-0.109824632167816
56.5012545585632,0.73316890001297,-0.10283109998703
56.5512564182282,0.739861249923706,-0.0961387500762939
56.6012506484985,0.73175448179245,-0.10424551820755
56.6512558460236,0.739114761352539,-0.0968852386474609
56.7012560367584,0.728755354881287,-0.107244645118713
56.7512571811676,0.73053652048111,-0.10546347951889
56.8012635707855,0.722966730594635,-0.113033269405365
56.8512606620789,0.726633727550507,-0.109366272449493
56.9012644290924,0.71912944316864,-0.11687055683136
56.9512586593628,0.724512159824371,-0.111487840175629
57.0012586116791,0.722259521484375,-0.113740478515625
57.0512568950653,0.735775113105774,-0.100224886894226
57.1012687683106,0.727039754390717,-0.108960245609283
57.1512718200684,0.735356092453003,-0.100643907546997
57.2012777328491,0.719391405582428,-0.116608594417572
57.2512686252594,0.726633727550507,-0.109366272449493
57.3012790679932,0.712004959583283,-0.123995040416718
57.3512728214264,0.719574749469757,-0.116425250530243
57.4012713432312,0.721892833709717,-0.114107166290283
57.4512662887573,0.719103276729584,-0.116896723270416
57.5012810230255,0.722547650337219,-0.113452349662781
57.5513007640839,0.726515889167786,-0.109484110832214
57.6013088226318,0.711192965507507,-0.124807034492493
57.6512975692749,0.734701216220856,-0.101298783779144
57.7013053894043,0.71347177028656,-0.12252822971344
57.7512986660004,0.72004622220993,-0.11595377779007
57.8012912273407,0.715920805931091,-0.120079194068909
57.8513045310974,0.727039754390717,-0.108960245609283
57.9013004302979,0.718304336071014,-0.117695663928986
57.9512875080109,0.730300784111023,-0.105699215888977
58.0012943744659,0.717859148979187,-0.118140851020813
58.0513067245483,0.72912210226059,-0.10687789773941
58.1013214588165,0.710315525531769,-0.125684474468231
58.151275396347,0.72266548871994,-0.11333451128006
58.2012796401978,0.720923662185669,-0.115076337814331
58.2512986660004,0.728912532329559,-0.107087467670441
58.3012971878052,0.713353931903839,-0.122646068096161
58.3512799739838,0.733064115047455,-0.102935884952545
58.4012892246246,0.721683263778687,-0.114316736221313
58.4512815475464,0.727131426334381,-0.108868573665619
58.5012853145599,0.717531740665436,-0.118468259334564
58.551278591156,0.725926578044891,-0.110073421955109
58.6012899875641,0.709883332252502,-0.126116667747498
58.6512830257416,0.730313897132874,-0.105686102867126
58.7012810707092,0.719522356987,-0.116477643013
58.7512865066528,0.739180266857147,-0.0968197331428527
58.8012938499451,0.714558839797974,-0.121441160202026
58.8512864112854,0.74064701795578,-0.0953529820442199
58.9012892246246,0.714454054832459,-0.121545945167541
58.9512827396393,0.732461750507355,-0.103538249492645
59.0012884140015,0.714454054832459,-0.121545945167541
59.0512940883636,0.727799355983734,-0.108200644016266
59.1012854576111,0.712122857570648,-0.123877142429352
59.1512939929962,0.732383131980896,-0.103616868019104
59.2013006210327,0.716863811016083,-0.119136188983917
59.2512962818146,0.731806874275208,-0.104193125724792
59.3012948036194,0.710184514522553,-0.125815485477447
59.3512964248657,0.737386047840118,-0.0986139521598816
59.4013030529022,0.709595203399658,-0.126404796600342
59.4512963294983,0.724852681159973,-0.111147318840027
59.5012967586517,0.717296004295349,-0.118703995704651
59.5512926578522,0.721945226192474,-0.114054773807526
59.6012997627258,0.715868413448334,-0.120131586551666
59.6512966156006,0.726188540458679,-0.109811459541321
59.7012901306152,0.712777674198151,-0.123222325801849
59.7512910366058,0.727472007274628,-0.108527992725372
59.8012897968292,0.715986311435699,-0.120013688564301
59.8512952327728,0.730484127998352,-0.105515872001648
59.9012954235077,0.716588735580444,-0.119411264419556
59.9512932300568,0.731165111064911,-0.104834888935089
60.0012907981873,0.712594270706177,-0.123405729293823
60.0512914657593,0.731531858444214,-0.104468141555786
60.10129570961,0.709608316421509,-0.126391683578491
60.1512923240662,0.731977164745331,-0.104022835254669
60.2012982368469,0.710734605789185,-0.125265394210815
60.2512946128845,0.737386047840118,-0.0986139521598816
60.301295042038,0.709333300590515,-0.126666699409485
60.3513004779816,0.73053652048111,-0.10546347951889
60.4012999534607,0.706923544406891,-0.129076455593109
60.4513065814972,0.725952744483948,-0.110047255516052
60.5013077259064,0.714650452136993,-0.121349547863007
60.5513129234314,0.728742301464081,-0.107257698535919
60.601309299469,0.700925350189209,-0.135074649810791
60.6513121128082,0.72590035200119,-0.11009964799881
60.7013082504272,0.711284637451172,-0.124715362548828
60.7513093948364,0.728925704956055,-0.107074295043945
60.8013060092926,0.703531503677368,-0.132468496322632
60.8513119220734,0.728048205375671,-0.107951794624329
60.9013113975525,0.704474449157715,-0.131525550842285
60.9513084888458,0.730484127998352,-0.105515872001648
61.0013086795807,0.709464192390442,-0.126535807609558
61.0513098239899,0.733889222145081,-0.102110777854919
61.1013104915619,0.70508998632431,-0.13091001367569
61.1513066291809,0.728375613689423,-0.107624386310577
61.2013111114502,0.715488612651825,-0.120511387348175
61.2513103485107,0.722927451133728,-0.113072548866272
61.3013112545013,0.710786998271942,-0.125213001728058
61.3513076305389,0.726764738559723,-0.109235261440277
61.4013183116913,0.709817886352539,-0.126182113647461
61.4513080120087,0.72487884759903,-0.11112115240097
61.5013122558594,0.712293088436127,-0.123706911563873
61.5513129234314,0.731885433197022,-0.104114566802978
61.6013178825378,0.708089113235474,-0.127910886764526
61.6513113975525,0.732435524463654,-0.103564475536346
61.7013142108917,0.705784142017365,-0.130215857982635
61.7513072490692,0.729606688022614,-0.106393311977386
61.8013138771057,0.714519500732422,-0.121480499267578
61.8513081073761,0.735879898071289,-0.100120101928711
61.9013092517853,0.707133054733276,-0.128866945266724
61.9513082504272,0.727969586849213,-0.108030413150787
62.0013105869293,0.720845103263855,-0.115154896736145
62.0513088703156,0.739717245101929,-0.0962827548980713
62.1013095378876,0.721120119094849,-0.114879880905151
62.1513235569,0.742519855499268,-0.0934801445007324
62.2013227939606,0.716628074645996,-0.119371925354004
62.2513399124146,0.7366002202034,-0.0993997797966003
62.3013393878937,0.720124781131744,-0.115875218868256
62.3513181209564,0.745597541332245,-0.0904024586677551
62.4013164043427,0.720019996166229,-0.115980003833771
62.4513194561005,0.743593752384186,-0.0924062476158142
62.5013160705566,0.72094988822937,-0.11505011177063
62.5513162612915,0.721591591835022,-0.114408408164978
62.601313829422,0.722927451133728,-0.113072548866272
62.6513116359711,0.738957583904266,-0.0970424160957336
62.7013154029846,0.726332545280457,-0.109667454719543
62.7513165473938,0.743633091449738,-0.0923669085502624
62.8013169765472,0.727039754390717,-0.108960245609283
62.8513174057007,0.741105377674103,-0.0948946223258972
62.9013178348541,0.718435347080231,-0.117564652919769
62.9513280391693,0.751320719718933,-0.0846792802810669
63.0013148784637,0.723241806030273,-0.112758193969727
63.0513167381287,0.75468647480011,-0.0813135251998901
63.1013340950012,0.726633727550507,-0.109366272449493
63.1513192653656,0.76136577129364,-0.0746342287063598
63.2013170719147,0.730484127998352,-0.105515872001648
63.2513172626495,0.743318736553192,-0.0926812634468078
63.3013203144074,0.720111727714539,-0.115888272285461
63.3513290882111,0.742742419242859,-0.0932575807571411
63.4013247489929,0.722442924976349,-0.113557075023651
63.4513249397278,0.745911836624146,-0.0900881633758545
63.5013275146484,0.722285747528076,-0.113714252471924
63.5513274669647,0.745401084423065,-0.0905989155769348
63.6013286113739,0.72287505865097,-0.11312494134903
63.6513288021088,0.745322525501251,-0.0906774744987487
63.7013249397278,0.721355855464935,-0.114644144535065
63.7513258457184,0.741589963436127,-0.0944100365638733
63.801331281662,0.713707506656647,-0.122292493343353
63.851350069046,0.745820164680481,-0.090179835319519
63.901349067688,0.721107065677643,-0.114892934322357
63.9513516426086,0.74195671081543,-0.0940432891845703
64.0013720989227,0.722678661346436,-0.113321338653564
64.05135846138,0.750037252902985,-0.0859627470970153
64.1013550758362,0.726502776145935,-0.109497223854065
64.1513333320618,0.743606865406036,-0.0923931345939636
64.2013502120972,0.720543920993805,-0.115456079006195
64.2513585090637,0.736875236034393,-0.0991247639656067
64.3013467788696,0.72125107049942,-0.11474892950058
64.3513376712799,0.749303817749023,-0.0866961822509765
64.4013450145721,0.72275722026825,-0.11324277973175
64.4513401985168,0.740542232990265,-0.0954577670097351
64.5013387203217,0.715842187404633,-0.120157812595367
64.5513396263123,0.742559134960175,-0.0934408650398254
64.6013433933258,0.719535410404205,-0.116464589595795
64.6513395309448,0.742323398590088,-0.0936766014099121
64.7013385295868,0.730929434299469,-0.105070565700531
64.7513380050659,0.743292510509491,-0.092707489490509
64.8013393878937,0.723700165748596,-0.112299834251404
64.8513405323029,0.744746208190918,-0.091253791809082
64.9013516902924,0.722298800945282,-0.113701199054718
64.9513463973999,0.743135392665863,-0.0928646073341369
65.0013499259949,0.725861072540283,-0.110138927459717
65.0513513088226,0.742821037769318,-0.0931789622306823
65.1013514995575,0.722822666168213,-0.113177333831787
65.1513493061066,0.741878092288971,-0.094121907711029
65.2013461589813,0.720399856567383,-0.115600143432617
65.2513470649719,0.744733154773712,-0.0912668452262878
65.3013482093811,0.723752558231354,-0.112247441768646
65.351350069046,0.742585361003876,-0.0934146389961242
65.4013483524323,0.726319491863251,-0.109680508136749
65.4513487815857,0.741707861423492,-0.0942921385765075
65.5013539791107,0.721028447151184,-0.114971552848816
65.5513501167297,0.733967840671539,-0.102032159328461
65.6013505458832,0.722259521484375,-0.113740478515625
65.6513478755951,0.740280389785767,-0.0957196102142334
65.7013509273529,0.71669352054596,-0.119306479454041
65.7513489723206,0.740895926952362,-0.0951040730476379
65.8013479709625,0.727052867412567,-0.108947132587433
65.851357460022,0.736429989337921,-0.0995700106620788
65.9013540744782,0.723451256752014,-0.112548743247986
65.9513506889343,0.740673243999481,-0.0953267560005188
66.001350402832,0.721814215183258,-0.114185784816742
66.051352262497,0.736940741539001,-0.0990592584609985
66.1013519763947,0.725271701812744,-0.110728298187256
66.1513514518738,0.746134459972382,-0.0898655400276184
66.2013490200043,0.72376561164856,-0.11223438835144
66.2513589859009,0.742349624633789,-0.0936503753662109
66.3013560771942,0.72872918844223,-0.10727081155777
66.3513531684876,0.742100775241852,-0.0938992247581482
66.4013586044312,0.725036025047302,-0.110963974952698
66.4513475894928,0.738957583904266,-0.0970424160957336
66.5013568401337,0.726764738559723,-0.109235261440277
66.5513529777527,0.742925822734833,-0.0930741772651672
66.6013722419739,0.732854604721069,-0.103145395278931
66.6513562202454,0.732095003128052,-0.103904996871948
66.7013576030731,0.730078160762787,-0.105921839237213
66.7513632774353,0.738158702850342,-0.0978412971496582
66.8013598918915,0.731977164745331,-0.104022835254669
66.8513600826263,0.736940741539001,-0.0990592584609985
66.9013686180115,0.726162314414978,-0.109837685585022
66.9513626098633,0.743410348892212,-0.0925896511077881
67.0013542175293,0.725861072540283,-0.110138927459717
67.0513575077057,0.731217503547668,-0.104782496452332
67.1013596057892,0.72588723897934,-0.11011276102066
67.1513547897339,0.742585361003876,-0.0934146389961242
67.2013583183289,0.71741384267807,-0.11858615732193
67.2513554096222,0.736770510673523,-0.099229489326477
67.3013594150543,0.723123908042908,-0.112876091957092
67.3513820171356,0.733457088470459,-0.102542911529541
67.4013695716858,0.727629065513611,-0.108370934486389
67.4513630867004,0.737556278705597,-0.098443721294403
67.501363992691,0.724760949611664,-0.111239050388336
67.5513617992401,0.728074371814728,-0.107925628185272
67.6013712882996,0.721604764461517,-0.114395235538483
67.651362657547,0.732461750507355,-0.103538249492645
67.7013657093048,0.723752558231354,-0.112247441768646
67.7513625621796,0.737805068492889,-0.0981949315071106
67.8013718128204,0.72588723897934,-0.11011276102066
67.8513813018799,0.734845280647278,-0.101154719352722
67.9013965129852,0.723320364952087,-0.112679635047913
67.9513673782349,0.730484127998352,-0.105515872001648
68.0013740062714,0.723909735679626,-0.112090264320374
68.0513715744019,0.735617995262146,-0.100382004737854
68.1013765335083,0.727982759475708,-0.108017240524292
68.1513755321503,0.734190464019775,-0.101809535980225
68.2013926506042,0.724302589893341,-0.111697410106659
68.251389503479,0.73619419336319,-0.0998058066368103
68.3013689517975,0.732605755329132,-0.103394244670868
68.3513832092285,0.731008052825928,-0.104991947174072
68.4013829231262,0.723202466964722,-0.112797533035278
68.4513745307922,0.738394439220428,-0.0976055607795715
68.5013747215271,0.728532731533051,-0.107467268466949
68.5513770580292,0.734413146972656,-0.101586853027344
68.6013793945313,0.731518805027008,-0.104481194972992
68.6513760089874,0.738604009151459,-0.0973959908485412
68.7013776302338,0.731911659240723,-0.104088340759277
68.7513790130615,0.740712523460388,-0.0952874765396118
68.8013775348663,0.732370018959045,-0.103629981040955
68.8513839244843,0.731846213340759,-0.104153786659241
68.9013855457306,0.730562746524811,-0.105437253475189
68.951381444931,0.738132476806641,-0.0978675231933593
69.0013828277588,0.741079211235046,-0.0949207887649536
69.0513770580292,0.742506742477417,-0.093493257522583
69.1013894081116,0.735984683036804,-0.100015316963196
69.1513774394989,0.739795744419098,-0.0962042555809021
69.2013809680939,0.740241050720215,-0.0957589492797851
69.2513778209686,0.745387971401215,-0.0906120285987854
69.3013768196106,0.738276600837708,-0.0977233991622924
69.3513822555542,0.732252180576324,-0.103747819423676
69.4013817310333,0.737386047840118,-0.0986139521598816
69.4513795375824,0.741799533367157,-0.094200466632843
69.5013828277588,0.74681544303894,-0.0891845569610595
69.5513873100281,0.740935146808624,-0.0950648531913757
69.6014175415039,0.744222402572632,-0.0917775974273681
69.6514103412628,0.741144716739655,-0.0948552832603454
69.7014193534851,0.750574231147766,-0.0854257688522339
69.7514116764069,0.761130034923553,-0.0748699650764465
69.8014197349548,0.752525627613068,-0.0834743723869323
69.8514120578766,0.755158007144928,-0.080841992855072
69.9014148712158,0.743305623531342,-0.0926943764686584
69.9514136314392,0.748871624469757,-0.0871283755302429
70.0014345645905,0.742572247982025,-0.0934277520179748
70.0514235496521,0.745938062667847,-0.0900619373321533
70.1014275550842,0.751320719718933,-0.0846792802810669
70.1514248847961,0.757986783981323,-0.0780132160186767
70.2014305591583,0.763618350028992,-0.0723816499710083
70.2514481544495,0.742559134960175,-0.0934408650398254
70.301438331604,0.748308479785919,-0.0876915202140808
70.3514339923859,0.748609662055969,-0.0873903379440307
70.4014177322388,0.744837939739227,-0.0911620602607727
70.4514074325562,0.761130034923553,-0.0748699650764465
70.5014102458954,0.746265470981598,-0.0897345290184021
70.5514042377472,0.741131603717804,-0.094868396282196
70.6014175415039,0.745859444141388,-0.090140555858612
70.6514024734497,0.749133586883545,-0.086866413116455
70.7014009952545,0.752525627613068,-0.0834743723869323
70.7514021396637,0.745387971401215,-0.0906120285987854
70.8014078140259,0.743305623531342,-0.0926943764686584
70.8514051437378,0.74651426076889,-0.0894857392311096
70.9014112949371,0.739573121070862,-0.0964268789291381
70.9514038562775,0.742585361003876,-0.0934146389961242
71.0014111995697,0.745898723602295,-0.090101276397705
71.0514051914215,0.744065225124359,-0.0919347748756408
71.1014053821564,0.746998846530914,-0.0890011534690857
71.1514077186584,0.738368213176727,-0.0976317868232727
71.2014083862305,0.747850120067596,-0.0881498799324035
71.2514061927795,0.745414137840271,-0.090585862159729
71.3014073371887,0.748950242996216,-0.0870497570037841
71.3514139652252,0.742794811725616,-0.0932051882743835
71.4014143943787,0.740227997303009,-0.0957720026969909
71.4514067173004,0.752656519412994,-0.0833434805870056
71.5014064311981,0.737399101257324,-0.0986008987426757
71.5514092445374,0.742546021938324,-0.093453978061676
71.601419210434,0.751923143863678,-0.084076856136322
71.6514368057251,0.746985793113709,-0.0890142068862915
71.7014360427856,0.756166398525238,-0.0798336014747619
71.7514164447784,0.747313141822815,-0.088686858177185
71.8014130592346,0.745466530323029,-0.0905334696769714
71.8514115810394,0.73923259973526,-0.09676740026474
71.9014225006104,0.75205409526825,-0.0839459047317505
71.9514322280884,0.744562864303589,-0.0914371356964111
72.0014402866364,0.756834328174591,-0.0791656718254089
72.0514397621155,0.743567526340485,-0.0924324736595153
72.1014454364777,0.750102698802948,-0.085897301197052
72.1514179706574,0.738708734512329,-0.0972912654876709
72.2014167308807,0.742205500602722,-0.0937944993972778
72.2514188289642,0.737818241119385,-0.0981817588806152
72.3014206886292,0.746317863464356,-0.0896821365356445
72.3514194488525,0.744536697864533,-0.0914633021354675
72.4014208316803,0.746828615665436,-0.0891713843345642
72.4514195919037,0.747889459133148,-0.0881105408668518
72.5014181137085,0.751700520515442,-0.0842994794845581
72.5514209270477,0.741878092288971,-0.094121907711029
72.6014201641083,0.750246822834015,-0.0857531771659851
72.6514246463776,0.740188658237457,-0.0958113417625427
72.7014267444611,0.749421715736389,-0.0865782842636108
72.7514202594757,0.746527373790741,-0.089472626209259
72.8014211654663,0.752224326133728,-0.0837756738662719
72.8514235019684,0.734033286571503,-0.101966713428497
72.9014282226563,0.760514497756958,-0.075485502243042
72.951423406601,0.738695621490479,-0.0973043785095214
73.0014197826386,0.753494739532471,-0.0825052604675293
73.0514233112335,0.740306556224823,-0.095693443775177
73.1014256477356,0.752617239952087,-0.0833827600479126
73.1514201164246,0.744471251964569,-0.0915287480354309
73.2014272212982,0.751923143863678,-0.084076856136322
73.2514224052429,0.740044593811035,-0.0959554061889648
73.3014237880707,0.747378587722778,-0.0886214122772216
73.3514232635498,0.740096986293793,-0.0959030137062072
73.4014241695404,0.746736943721771,-0.0892630562782287
73.4514241218567,0.738957583904266,-0.0970424160957336
73.5014204978943,0.758026123046875,-0.077973876953125
73.5514221191406,0.736979961395264,-0.0990200386047363
73.601425409317,0.75671648979187,-0.0792835102081298
73.651421546936,0.744235455989838,-0.0917645440101623
73.7014238834381,0.754398345947266,-0.0816016540527343
73.7514219284058,0.738250374794006,-0.0977496252059936
73.8014264106751,0.754070937633514,-0.0819290623664856
73.8514239788055,0.743253290653229,-0.0927467093467712
73.9014277458191,0.750679016113281,-0.0853209838867187
73.9514248371124,0.732422411441803,-0.103577588558197
74.0014269351959,0.754280507564545,-0.0817194924354553
74.0514245033264,0.737674117088318,-0.0983258829116821
74.1014235019684,0.751490950584412,-0.0845090494155883
74.151430606842,0.731950998306274,-0.104049001693726
74.2014672756195,0.751635015010834,-0.0843649849891662
74.2514729499817,0.73235696554184,-0.10364303445816
74.3014562129974,0.756664097309113,-0.0793359026908874
74.351434469223,0.74266391992569,-0.0933360800743103
74.4014337062836,0.757292687892914,-0.0787073121070861
74.4514307975769,0.730104386806488,-0.105895613193512
74.5014283657074,0.750246822834015,-0.0857531771659851
74.5514309406281,0.734452366828918,-0.101547633171082
74.6014316082001,0.751333773136139,-0.084666226863861
74.6514296531677,0.732959389686585,-0.103040610313416
74.7014298439026,0.753141164779663,-0.0828588352203369
74.7514324188232,0.727157652378082,-0.108842347621918
74.8014318943024,0.750037252902985,-0.0859627470970153
74.8514368534088,0.734714329242706,-0.101285670757294
74.9014341831207,0.745191514492035,-0.0908084855079651
74.9514348506928,0.74409145116806,-0.0919085488319397
75.0014338493347,0.757606983184814,-0.0783930168151855
75.0514318943024,0.739154100418091,-0.0968458995819091
75.1014385223389,0.746920228004456,-0.0890797719955444
75.1514325141907,0.733902394771576,-0.102097605228424
75.2014329433441,0.751765966415405,-0.0842340335845947
75.2514350414276,0.733273684978485,-0.102726315021515
75.3014407157898,0.744982004165649,-0.0910179958343506
75.3514370918274,0.727838635444641,-0.108161364555359
75.4014401435852,0.746160686016083,-0.0898393139839172
75.4514367580414,0.736128747463226,-0.0998712525367736
75.5014436244965,0.752852976322174,-0.0831470236778259
75.5514373779297,0.736665725708008,-0.0993342742919922
75.601437330246,0.748766839504242,-0.087233160495758
75.6514360904694,0.746186852455139,-0.0898131475448608
75.7014372348785,0.745623707771301,-0.0903762922286987
75.7514462471008,0.746226131916046,-0.0897738680839538
75.8014817237854,0.767848432064056,-0.0681515679359436
75.8514842987061,0.747064352035522,-0.0889356479644775
75.901483297348,0.7536780834198,-0.0823219165802002
75.951447725296,0.745387971401215,-0.0906120285987854
76.0014488697052,0.761404991149902,-0.0745950088500976
76.0514612197876,0.745571315288544,-0.0904286847114563
76.1014912128448,0.76539945602417,-0.07060054397583
76.1514871120453,0.745833277702332,-0.0901667222976684
76.2014982700348,0.765988767147064,-0.0700112328529358
76.2514867782593,0.745309352874756,-0.0906906471252441
76.3014843463898,0.76884388923645,-0.0671561107635498
76.351485490799,0.754607915878296,-0.0813920841217041
76.4014852046967,0.768856942653656,-0.067143057346344
76.4514586925507,0.753599524497986,-0.0824004755020141
76.5014698505402,0.773231148719788,-0.0627688512802124
76.5514652729034,0.750115871429443,-0.0858841285705566
76.6014604568481,0.761824131011963,-0.0741758689880371
76.6514637470245,0.757436752319336,-0.078563247680664
76.7014555931091,0.773833632469177,-0.0621663675308227
76.7514584064484,0.750495612621307,-0.0855043873786926
76.801459312439,0.785581171512604,-0.0504188284873962
76.8514575958252,0.746710777282715,-0.0892892227172851
76.9014599323273,0.771515488624573,-0.0644845113754272
76.951464176178,0.756742656230927,-0.0792573437690735
77.0014576911926,0.776020705699921,-0.0599792943000793
77.0514571666718,0.75316733121872,-0.0828326687812805
77.101466178894,0.760737061500549,-0.0752629384994506
77.1514649391174,0.754699647426605,-0.0813003525733947
77.2014644145966,0.77084755897522,-0.0651524410247802
77.2514588832855,0.75559014081955,-0.0804098591804504
77.3014848232269,0.777723252773285,-0.0582767472267151
77.3514935970306,0.768555700778961,-0.0674442992210388
77.4014999866486,0.783525049686432,-0.0524749503135681
77.4514651298523,0.757070064544678,-0.0789299354553222
77.5014646053314,0.775169491767883,-0.0608305082321167
77.5514633655548,0.755013883113861,-0.0809861168861389
77.6014635562897,0.773925244808197,-0.0620747551918029
77.6514658927917,0.755852103233337,-0.0801478967666626
77.7014644145966,0.774278819561005,-0.0617211804389953
77.751472234726,0.750089645385742,-0.0859103546142578
77.8014736175537,0.769930839538574,-0.0660691604614257
77.85147356987,0.758720219135284,-0.0772797808647155
77.9014806747437,0.771423876285553,-0.064576123714447
77.9514689445496,0.757332026958466,-0.0786679730415344
78.0014934539795,0.770493984222412,-0.0655060157775879
78.0515012741089,0.755852103233337,-0.0801478967666626
78.1015074253082,0.775562286376953,-0.0604377136230468
78.1514818668366,0.754057884216309,-0.0819421157836914
78.2014741897583,0.774449169635773,-0.0615508303642273
78.251473903656,0.757842779159546,-0.0781572208404541
78.3014812469482,0.78106290102005,-0.0549370989799499
78.3514759540558,0.748085856437683,-0.0879141435623169
78.401477098465,0.773728847503662,-0.0622711524963379
78.4514729976654,0.75348162651062,-0.0825183734893798
78.5014731884003,0.771017849445343,-0.0649821505546569
78.5514743328095,0.757816553115845,-0.0781834468841552
78.6014740467072,0.781901061534882,-0.0540989384651184
78.651477098465,0.758694052696228,-0.0773059473037719
78.7014756202698,0.773650228977203,-0.0623497710227966
78.751476764679,0.755681812763214,-0.0803181872367859
78.8014767169952,0.770520150661469,-0.0654798493385315
78.8514761924744,0.756389081478119,-0.0796109185218811
78.9014806747437,0.769957005977631,-0.0660429940223693
78.9514799118042,0.751543343067169,-0.0844566569328308
79.0014772415161,0.769826054573059,-0.0661739454269409
79.0514822006226,0.74984073638916,-0.0861592636108398
79.1014821529388,0.773872852325439,-0.0621271476745605
79.1514801979065,0.749631285667419,-0.0863687143325805
79.2014796733856,0.772392988204956,-0.0636070117950439
79.2514824867249,0.750063478946686,-0.0859365210533142
79.3014807701111,0.768712878227234,-0.0672871217727661
79.351482629776,0.750390827655792,-0.0856091723442077
79.4014840126038,0.771751224994659,-0.0642487750053405
79.45148396492,0.758026123046875,-0.077973876953125
79.5014827251434,0.770873785018921,-0.0651262149810791
79.5514886379242,0.758916676044464,-0.0770833239555359
79.6015119552612,0.771882236003876,-0.0641177639961242
79.6515080928802,0.7466059923172,-0.0893940076828003
79.7015135288239,0.76186341047287,-0.0741365895271301
79.7515115737915,0.756703317165375,-0.0792966828346252
79.8015115261078,0.76863431930542,-0.06736568069458
79.8514893054962,0.74741792678833,-0.0885820732116699
79.9014894962311,0.770572543144226,-0.0654274568557739
79.9514915943146,0.751844525337219,-0.0841554746627807
80.0014975070953,0.769053339958191,-0.066946660041809
80.0515034198761,0.752499401569366,-0.0835005984306335
80.1015057563782,0.772222757339478,-0.0637772426605224
80.1515123844147,0.756179511547089,-0.0798204884529113
80.2015316486359,0.769590318202972,-0.0664096817970276
80.2514955997467,0.750548005104065,-0.085451994895935
80.3014938831329,0.77165961265564,-0.0643403873443603
80.3514997959137,0.749513387680054,-0.0864866123199463
80.4014942646027,0.770088016986847,-0.065911983013153
80.4514946937561,0.751346945762634,-0.0846530542373657
80.501496553421,0.770651161670685,-0.0653488383293151
80.5514984130859,0.753913760185242,-0.0820862398147583
80.6014950275421,0.767638981342316,-0.0683610186576843
80.6515016555786,0.760147750377655,-0.0758522496223449
80.7015027999878,0.766407907009125,-0.0695920929908752
80.751503944397,0.754215061664581,-0.0817849383354187
80.8015043735504,0.765137493610382,-0.0708625063896179
80.8515069484711,0.745414137840271,-0.090585862159729
80.9015076160431,0.765517294406891,-0.0704827055931091
80.9515089988708,0.760566830635071,-0.0754331693649292
81.0015068054199,0.7726811170578,-0.0633188829421997
81.0515093803406,0.756821215152741,-0.0791787848472595
81.1015105247498,0.763055205345154,-0.0729447946548462
81.1515145301819,0.758209466934204,-0.0777905330657959
81.2015106678009,0.767272233963013,-0.0687277660369873
81.2515110969543,0.750626623630524,-0.0853733763694763
81.3015122413635,0.765648245811462,-0.0703517541885376
81.3515157699585,0.750705182552338,-0.0852948174476623
81.4015145301819,0.76803183555603,-0.0679681644439697
81.4515142440796,0.759636998176575,-0.0763630018234253
81.501517534256,0.769786775112152,-0.0662132248878479
81.5515158176422,0.756153285503387,-0.0798467144966125
81.6015155315399,0.768568754196167,-0.067431245803833
81.6515161991119,0.752237439155579,-0.0837625608444214
81.7015163898468,0.770533323287964,-0.0654666767120361
81.7515122890472,0.752669632434845,-0.083330367565155
81.8015115261078,0.769917786121368,-0.0660822138786316
81.8515179157257,0.758314251899719,-0.0776857481002807
81.9015142917633,0.772615611553192,-0.0633843884468078
81.9515147209168,0.753861367702484,-0.0821386322975158
82.0015137195587,0.769695103168488,-0.0663048968315124
82.0515460968018,0.75559014081955,-0.0804098591804504
82.1015403270721,0.759846568107605,-0.076153431892395
82.1515476703644,0.758353531360626,-0.0776464686393737
82.2015600204468,0.765726864337921,-0.0702731356620788
82.2515511512756,0.763094484806061,-0.0729055151939392
82.3015666007996,0.766669750213623,-0.0693302497863769
82.3515450954437,0.759781002998352,-0.0762189970016479
82.4015483856201,0.76055371761322,-0.0754462823867797
82.4515280723572,0.760475158691406,-0.0755248413085937
82.5015299320221,0.766826927661896,-0.0691730723381042
82.5515275001526,0.760357320308685,-0.0756426796913147
82.6015329360962,0.770729720592499,-0.0652702794075012
82.6515300273895,0.76701033115387,-0.0689896688461303
82.7015314102173,0.772091805934906,-0.063908194065094
82.7515318393707,0.766473352909088,-0.0695266470909118
82.8015377521515,0.772484600543976,-0.0635153994560241
82.8515312671661,0.765504240989685,-0.0704957590103149
82.9015302658081,0.767979443073273,-0.0680205569267273
82.9515264034271,0.763002812862396,-0.0729971871376037
83.0015478134155,0.778378069400787,-0.0576219305992126
83.0515379905701,0.765687584877014,-0.0703124151229858
83.101539850235,0.778090000152588,-0.0579099998474121
83.1515347957611,0.766853153705597,-0.069146846294403
83.2015428543091,0.7713583111763,-0.0646416888236999
83.2515375614166,0.770677328109741,-0.0653226718902588
83.3015398979187,0.77459317445755,-0.0614068255424499
83.3515470027924,0.776793360710144,-0.0592066392898559
83.4015462398529,0.780106842517853,-0.0558931574821472
83.4515409469605,0.783655941486359,-0.0523440585136413
83.5015432834625,0.778718590736389,-0.0572814092636108
83.551543712616,0.776335000991821,-0.0596649990081787
83.6015481948853,0.799817085266113,-0.0361829147338867
83.6515550613403,0.773899078369141,-0.0621009216308593
83.7015836238861,0.789431571960449,-0.0465684280395507
83.7515773773193,0.773047745227814,-0.0629522547721862
83.8015863895416,0.792469918727875,-0.0435300812721252
83.8515727519989,0.79156631231308,-0.0444336876869201
83.9015684127808,0.779124557971954,-0.0568754420280456
83.9515736103058,0.785594284534454,-0.0504057154655456
84.0015935897827,0.800380289554596,-0.035619710445404
84.0515902042389,0.777081549167633,-0.0589184508323669
84.1015994548798,0.788082659244537,-0.0479173407554626
84.1515543460846,0.787886142730713,-0.0481138572692871
84.2015588283539,0.793583154678345,-0.0424168453216552
84.251576423645,0.80641770362854,-0.0295822963714599
84.3016109466553,0.786249101161957,-0.0497508988380432
84.351588010788,0.78884220123291,-0.0471577987670898
84.4015851020813,0.787846863269806,-0.0481531367301941
84.4515874385834,0.79025661945343,-0.0457433805465698
84.5015594959259,0.796005964279175,-0.0399940357208252
84.5515565872192,0.784166693687439,-0.051833306312561
84.601556301117,0.790204226970673,-0.0457957730293274
84.6515555381775,0.786471784114838,-0.0495282158851623
84.7015581130981,0.794788002967835,-0.0412119970321655
84.7515563964844,0.787467122077942,-0.0485328779220581
84.8015570640564,0.794565439224243,-0.0414345607757568
84.8515636920929,0.789811313152313,-0.0461886868476867
84.9015626907349,0.785803854465485,-0.0501961455345153
84.9515590667725,0.786864638328552,-0.0491353616714477
85.0015592575073,0.786524057388306,-0.0494759426116943
85.0515630245209,0.788986265659332,-0.0470137343406677
85.1015613079071,0.786838412284851,-0.0491615877151489
85.151558637619,0.782634437084198,-0.053365562915802
85.2015595436096,0.787584960460663,-0.0484150395393371
85.251561164856,0.782647550106049,-0.0533524498939514
85.3015711307526,0.77722555398941,-0.0587744460105896
85.3515706062317,0.785162091255188,-0.050837908744812
85.4015717506409,0.778744757175446,-0.0572552428245544
85.4515719413757,0.789248168468475,-0.0467518315315246
85.5015687942505,0.775130152702332,-0.0608698472976684
85.551563501358,0.78267377614975,-0.0533262238502502
85.6015665531158,0.775012314319611,-0.0609876856803894
85.6515650749207,0.781180739402771,-0.054819260597229
85.7015628814697,0.787375390529633,-0.0486246094703674
85.7515635490418,0.787859916687012,-0.0481400833129882
85.8015797138214,0.78763735294342,-0.0483626470565796
85.8515961170196,0.790073275566101,-0.0459267244338989
85.9015979766846,0.788855254650116,-0.047144745349884
85.9516015052795,0.783551275730133,-0.0524487242698669
86.0016138553619,0.779111504554749,-0.0568884954452514
86.0516102313995,0.78106290102005,-0.0549370989799499
86.1016163825989,0.779255568981171,-0.0567444310188293
86.1516106128693,0.793072402477264,-0.0429275975227356
86.2016243934631,0.7794389128685,-0.0565610871315002
86.2516140937805,0.783734560012817,-0.0522654399871826
86.301632642746,0.777238726615906,-0.0587612733840942
86.3516142368317,0.781272411346436,-0.0547275886535644
86.4016103744507,0.779661536216736,-0.0563384637832641
86.4516320228577,0.781455755233765,-0.0545442447662353
86.5016248226166,0.780486643314362,-0.0555133566856384
86.5516169071197,0.782267808914185,-0.0537321910858154
86.6016147136688,0.781678438186646,-0.0543215618133545
86.6516036987305,0.784559607505798,-0.0514403924942016
86.7015886306763,0.779019773006439,-0.0569802269935608
86.751588344574,0.786236047744751,-0.049763952255249
86.8015892505646,0.773637115955353,-0.0623628840446472
86.8515887260437,0.784611999988556,-0.0513880000114441
86.9015920162201,0.780617594718933,-0.0553824052810669
86.9515907764435,0.786157429218292,-0.0498425707817077
87.0015869140625,0.775483727455139,-0.0605162725448608
87.051593542099,0.791788935661316,-0.044211064338684
87.1015954017639,0.769668877124786,-0.0663311228752136
87.1515891551971,0.787571847438812,-0.0484281525611877
87.2016208171845,0.77378123998642,-0.0622187600135803
87.2516195774078,0.781115293502808,-0.0548847064971923
87.301632642746,0.780198454856873,-0.0558015451431274
87.3516228199005,0.787205159664154,-0.0487948403358459
87.4016225337982,0.772995471954346,-0.0630045280456543
87.4516007900238,0.779713928699493,-0.0562860713005066
87.5015995502472,0.772916853427887,-0.063083146572113
87.5515942573547,0.775012314319611,-0.0609876856803894
87.6015975475311,0.769014060497284,-0.066985939502716
87.6516125202179,0.787336111068726,-0.0486638889312744
87.7016136646271,0.772523939609528,-0.0634760603904724
87.7516121864319,0.786772966384888,-0.0492270336151123
87.8016128540039,0.772026240825653,-0.0639737591743469
87.8516082763672,0.786026477813721,-0.0499735221862793
87.9015982151032,0.772798955440521,-0.0632010445594787
87.9516005516052,0.783786952495575,-0.052213047504425
88.0015969276428,0.769131898880005,-0.0668681011199951
88.051600933075,0.784808456897736,-0.0511915431022644
88.1015963554382,0.773218095302582,-0.0627819046974182
88.1515986919403,0.78327614068985,-0.0527238593101501
88.2015969753265,0.764679133892059,-0.0713208661079406
88.25159907341,0.78318452835083,-0.0528154716491699
88.3015966415405,0.771515488624573,-0.0644845113754272
88.3516075611115,0.777631640434265,-0.0583683595657348
88.4015970230103,0.769158124923706,-0.0668418750762939
88.4516024589539,0.782857120037079,-0.0531428799629211
88.5015983581543,0.770035624504089,-0.0659643754959106
88.5515995025635,0.781285524368286,-0.0547144756317138
88.6016001701355,0.764679133892059,-0.0713208661079406
88.6516020298004,0.785293102264404,-0.0507068977355957
88.7016003131867,0.770873785018921,-0.0651262149810791
88.7516002655029,0.783223748207092,-0.0527762517929077
88.8016035556793,0.765569686889648,-0.0704303131103515
88.8516116142273,0.785685956478119,-0.0503140435218811
88.9016094207764,0.765150606632233,-0.0708493933677673
88.9516131877899,0.791697263717651,-0.0443027362823486
89.0016093254089,0.773715674877167,-0.0622843251228332
89.0516104698181,0.785882413387299,-0.0501175866127014
89.1016111373901,0.766434073448181,-0.0695659265518188
89.1516110897064,0.784428656101227,-0.0515713438987732
89.2016153335571,0.769917786121368,-0.0660822138786316
89.2516160011292,0.788501679897308,-0.0474983201026916
89.3016135692596,0.762819468975067,-0.0731805310249328
89.3516147136688,0.776754140853882,-0.0592458591461181
89.4016189575195,0.768568754196167,-0.067431245803833
89.4516115188599,0.791526973247528,-0.0444730267524719
89.5016129016876,0.778823375701904,-0.0571766242980957
89.5516126155853,0.790636420249939,-0.045363579750061
89.6016061306,0.773925244808197,-0.0620747551918029
89.6516072750092,0.791291236877441,-0.0447087631225586
89.7016067504883,0.7759028673172,-0.0600971326828003
89.7516074180603,0.797512114048004,-0.0384878859519958
89.8016073703766,0.777160108089447,-0.0588398919105529
89.8516080379486,0.796818017959595,-0.0391819820404052
89.9016363620758,0.772445380687714,-0.0635546193122863
89.9516403675079,0.796752452850342,-0.0392475471496582
90.0016615390778,0.784323871135712,-0.0516761288642883
90.0516514778137,0.798795521259308,-0.0372044787406921
90.1016509532928,0.783145189285278,-0.0528548107147216
90.1516501903534,0.805225908756256,-0.0307740912437439
90.20166015625,0.783957242965698,-0.0520427570343017
90.2516441345215,0.843297481536865,0.00729748153686527
90.3016781806946,0.786497890949249,-0.0495021090507507
90.3516507148743,0.8119837641716,-0.0240162358283996
90.4016516208649,0.773073971271515,-0.0629260287284851
90.4516232013702,0.811813473701477,-0.0241865262985229
90.5016338825226,0.78590852022171,-0.0500914797782898
90.551628112793,0.812167048454285,-0.0238329515457153
90.6016275882721,0.787034928798676,-0.0489650712013244
90.651627779007,0.817143738269806,-0.0188562617301941
90.7016296386719,0.792535424232483,-0.0434645757675171
90.751629114151,0.817235469818115,-0.0187645301818847
90.801628112793,0.793714106082916,-0.0422858939170837
90.8516323566437,0.803143620491028,-0.0328563795089721
90.9016346931458,0.795704782009125,-0.0402952179908752
90.9516310691834,0.807478606700897,-0.0285213932991027
91.0016341209412,0.798926472663879,-0.0370735273361206
91.051638841629,0.819658279418945,-0.0163417205810547
91.1016349792481,0.801021993160248,-0.0349780068397522
91.1516349315643,0.837168335914612,0.00116833591461185
91.2016344070435,0.800196886062622,-0.0358031139373779
91.2516362667084,0.81976306438446,-0.0162369356155395
91.3016383647919,0.796333432197571,-0.0396665678024292
91.3516421318054,0.81883317232132,-0.0171668276786804
91.401641368866,0.794054627418518,-0.0419453725814819
91.4516389369965,0.822382390499115,-0.013617609500885
91.5016400814056,0.794015347957611,-0.0419846520423889
91.5516386032104,0.808788180351257,-0.0272118196487426
91.6016447544098,0.795796513557434,-0.0402034864425659
91.6516423225403,0.815834105014801,-0.0201658949851989
91.7016365528107,0.79228663444519,-0.0437133655548095
91.751636505127,0.811590850353241,-0.024409149646759
91.8016486167908,0.784703731536865,-0.0512962684631347
91.8516507148743,0.81410539150238,-0.0218946084976196
91.901654958725,0.789366126060486,-0.0466338739395141
91.9516730308533,0.818335592746735,-0.0176644072532653
92.00168633461,0.793452203273773,-0.0425477967262268
92.0516774654388,0.816934168338776,-0.0190658316612243
92.101687669754,0.795639336109161,-0.0403606638908386
92.1516828536987,0.80965256690979,-0.0263474330902099
92.2016880512238,0.790544807910919,-0.0454551920890808
92.2516837120056,0.815768659114838,-0.0202313408851623
92.3017148971558,0.792142510414124,-0.0438574895858764
92.3516793251038,0.813476741313934,-0.0225232586860656
92.401682138443,0.791500806808472,-0.0444991931915283
92.4516479969025,0.81248140335083,-0.0235185966491699
92.5016467571259,0.789994716644287,-0.0460052833557129
92.5516493320465,0.814681589603424,-0.0213184103965759
92.6016464233399,0.789588689804077,-0.0464113101959228
92.6516463756561,0.808958470821381,-0.0270415291786193
92.7016477584839,0.795324981212616,-0.040675018787384
92.7516491413116,0.817654490470886,-0.0183455095291137
92.8016495704651,0.787467122077942,-0.0485328779220581
92.8516495227814,0.808094024658203,-0.0279059753417968
92.9016499519348,0.791474580764771,-0.0445254192352295
92.9516506195068,0.810765743255615,-0.0252342567443847
93.0016503334045,0.78228086233139,-0.0537191376686096
93.0516498088837,0.811538457870483,-0.0244615421295166
93.101654291153,0.78842306137085,-0.0475769386291504
93.151654958725,0.808041751384735,-0.0279582486152649
93.2016515731812,0.783223748207092,-0.0527762517929077
93.251663684845,0.811040759086609,-0.0249592409133911
93.3016641139984,0.793439090251923,-0.0425609097480774
93.3516628742218,0.803169786930084,-0.0328302130699157
93.4016630649567,0.782686829566956,-0.0533131704330444
93.4516625404358,0.804335355758667,-0.031664644241333
93.5016696453095,0.792090117931366,-0.043909882068634
93.551664352417,0.814131557941437,-0.0218684420585632
93.6016585826874,0.791631758213043,-0.0443682417869568
93.6516575813294,0.810975313186646,-0.0250246868133545
93.7016727924347,0.794866621494293,-0.0411333785057068
93.7516930103302,0.812979102134705,-0.0230208978652954
93.8016986846924,0.791186451911926,-0.0448135480880737
93.851699590683,0.816423416137695,-0.0195765838623047
93.9016675949097,0.794932067394257,-0.0410679326057434
93.9516634941101,0.817353308200836,-0.0186466917991638
94.0016646385193,0.788501679897308,-0.0474983201026916
94.0516765117645,0.802043497562408,-0.0339565024375915
94.1016654968262,0.784533441066742,-0.051466558933258
94.1516628265381,0.81529712677002,-0.0207028732299804
94.2016668319702,0.788148105144501,-0.0478518948554992
94.2516648769379,0.8087357878685,-0.0272642121315002
94.3016641139984,0.790400683879852,-0.0455993161201477
94.3516635894775,0.810975313186646,-0.0250246868133545
94.4016690254211,0.790387630462647,-0.0456123695373535
94.4516634941101,0.808866739273071,-0.0271332607269287
94.501663684845,0.788370728492737,-0.0476292715072631
94.5516636371613,0.804466307163239,-0.0315336928367614
94.601669549942,0.78702175617218,-0.0489782438278198
94.6516630649567,0.806221306324005,-0.0297786936759948
94.7016627788544,0.784127473831177,-0.0518725261688232
94.7516634464264,0.803981781005859,-0.0320182189941406
94.8016691207886,0.776754140853882,-0.0592458591461181
94.851667881012,0.798795521259308,-0.0372044787406921
94.9016671180725,0.778613805770874,-0.0573861942291259
94.9516677856445,0.809691846370697,-0.0263081536293029
95.0016710758209,0.779635310173035,-0.0563646898269653
95.0516691207886,0.812848091125488,-0.0231519088745117
95.1016688346863,0.792129456996918,-0.0438705430030822
95.1516675949097,0.807373821735382,-0.0286261782646179
95.2016725540161,0.788881480693817,-0.0471185193061828
95.2516689300537,0.81440657377243,-0.0215934262275695
95.3016681671143,0.788894593715668,-0.0471054062843322
95.3516829013824,0.805500984191895,-0.0304990158081054
95.4016718864441,0.789562523365021,-0.0464374766349792
95.4516680240631,0.806941568851471,-0.029058431148529
95.5016691684723,0.788017094135284,-0.0479829058647155
95.5516710281372,0.807557106018066,-0.0284428939819336
95.6016709804535,0.788318336009979,-0.0476816639900207
95.6516687870026,0.808761954307556,-0.0272380456924438
95.7016704082489,0.790204226970673,-0.0457957730293274
95.7516710758209,0.809390664100647,-0.026609335899353
95.8016865253449,0.785712122917175,-0.0502878770828247
95.8517000675201,0.804649710655212,-0.0313502893447876
95.9016966819763,0.787139594554901,-0.0488604054450988
95.9516994953156,0.80318284034729,-0.0328171596527099
96.0017275810242,0.785895466804504,-0.0501045331954956
96.0517060756683,0.802462577819824,-0.0335374221801757
96.1017117500305,0.786131262779236,-0.0498687372207641
96.151704788208,0.805736720561981,-0.0302632794380188
96.2016789913178,0.784258425235748,-0.0517415747642517
96.251677274704,0.809377491474152,-0.0266225085258484
96.3016831874847,0.784310817718506,-0.0516891822814941
96.3516826629639,0.817248523235321,-0.0187514767646789
96.401683807373,0.792496085166931,-0.0435039148330688
96.4516792297363,0.807622611522675,-0.0283773884773254
96.5016853809357,0.790230453014374,-0.0457695469856262
96.5516800880432,0.810831248760223,-0.0251687512397766
96.6016843318939,0.793281972408295,-0.0427180275917053
96.6516804695129,0.800485014915466,-0.0355149850845337
96.701682806015,0.811407506465912,-0.0245924935340881
96.7516815662384,0.816763937473297,-0.0192360625267028
96.8016834259033,0.790020883083344,-0.0459791169166565
96.8516874313355,0.805278301239014,-0.0307216987609863
96.9016869068146,0.799882590770721,-0.0361174092292785
96.9516844749451,0.826717376708984,-0.00928262329101559
97.0016856193542,0.809168040752411,-0.0268319592475891
97.0516841411591,0.822618126869202,-0.0133818731307983
97.1016848087311,0.817916452884674,-0.0180835471153259
97.1516840457916,0.827450752258301,-0.00854924774169918
97.2016844749451,0.802619695663452,-0.0333803043365478
97.2516841888428,0.836159884929657,0.000159884929657017
97.3016850948334,0.818505823612213,-0.0174941763877868
97.351687669754,0.835937261581421,-6.27384185790669E-05
97.4016890525818,0.833540558815002,-0.00245944118499752
97.4516851902008,0.830855786800385,-0.00514421319961544
97.5016889572144,0.824949324131012,-0.011050675868988
97.5516862869263,0.830947458744049,-0.00505254125595089
97.6017153263092,0.830855786800385,-0.00514421319961544
97.6517102718353,0.838163673877716,0.0021636738777161
97.7016937732697,0.817968845367432,-0.0180311546325683
97.7516882419586,0.832741677761078,-0.00325832223892208
97.801691532135,0.816384196281433,-0.0196158037185669
97.8516912460327,0.84782886505127,0.0118288650512696
97.9017324447632,0.840167462825775,0.00416746282577518
97.9517276287079,0.852595984935761,0.0165959849357605
98.0017337799072,0.830397427082062,-0.0056025729179382
98.051723241806,0.850277960300446,0.0142779603004456
98.1017436981201,0.842040181159973,0.00604018115997318
98.1517372131348,0.853931844234467,0.0179318442344666
98.2017397880554,0.827201902866364,-0.00879809713363644
98.2517337799072,0.85541170835495,0.01941170835495
98.3017475605011,0.844135701656342,0.00813570165634159
98.3517611026764,0.854023575782776,0.0180235757827759
98.4017355442047,0.846008539199829,0.0100085391998291
98.4517347812653,0.850775599479675,0.0147755994796753
98.5017342567444,0.845510840415955,0.00951084041595462
98.5517067909241,0.854272365570068,0.0182723655700684
98.601716041565,0.834444284439087,-0.00155571556091305
98.6517109870911,0.847671747207642,0.0116717472076416
98.7017118930817,0.829939067363739,-0.00606093263626095
98.7517158985138,0.860401570796967,0.0244015707969666
98.8017106056213,0.834797859191895,-0.00120214080810543
98.8517096042633,0.84308797121048,0.00708797121047977
98.901712179184,0.833579897880554,-0.00242010211944577
98.9517097473145,0.84197473526001,0.0059747352600098
99.0017077922821,0.825643360614777,-0.0103566393852234
99.0517091751099,0.846309721469879,0.0103097214698792
99.1017181873321,0.835819363594055,-0.00018063640594479
99.1517102718353,0.836474239826202,0.000474239826202427
99.2017116546631,0.838098168373108,0.00209816837310794
99.2517108917236,0.848274171352387,0.0122741713523865
99.3017206192017,0.838726818561554,0.00272681856155399
99.3517165184021,0.84370344877243,0.00770344877243045
99.4017169475555,0.831628501415253,-0.00437149858474728
99.4517135620117,0.844646453857422,0.00864645385742191
99.5017137527466,0.831982135772705,-0.00401786422729489
99.5517168045044,0.846388280391693,0.0103882803916932
99.6017282009125,0.840245962142944,0.00424596214294437
99.6517288684845,0.839185178279877,0.00318517827987674
99.7017192840576,0.827476918697357,-0.00852308130264279
99.7517161369324,0.829925954341888,-0.00607404565811154
99.801741361618,0.834549069404602,-0.00145093059539791
99.851749420166,0.842066407203674,0.00606640720367435
99.9017481803894,0.833841800689697,-0.0021581993103027
99.9517195224762,0.851770997047424,0.0157709970474244
100.001718759537,0.832571446895599,-0.0034285531044006
100.05171918869,0.84359872341156,0.00759872341156009
100.101729869843,0.829978346824646,-0.00602165317535397
100.151747941971,0.840115070343018,0.00411507034301761
100.201771259308,0.832925021648407,-0.00307497835159298
100.251757144928,0.836238503456116,0.000238503456115757
100.30176281929,0.832230925559998,-0.00376907444000241
100.351736068726,0.841175854206085,0.00517585420608524
100.401730060577,0.829375922679901,-0.00662407732009884
100.451734781265,0.84400475025177,0.00800475025177005
100.501737594605,0.832859575748444,-0.00314042425155636
100.551728725433,0.832257091999054,-0.00374290800094601
100.601739883423,0.834575235843658,-0.00142476415634152
100.651730775833,0.84429281949997,0.00829281949996952
100.701733350754,0.839106619358063,0.00310661935806278
100.751733779907,0.83732545375824,0.00132545375823978
100.801738023758,0.835400342941284,-0.000599657058715786
100.851732254028,0.84703004360199,0.0110300436019898
100.901736021042,0.83965665102005,0.00365665102005008
100.951732873917,0.84006267786026,0.00406267786026004
101.001742124558,0.834038257598877,-0.00196174240112301
101.051733493805,0.834797859191895,-0.00120214080810543
101.101740121841,0.832807183265686,-0.00319281673431393
101.151735782623,0.837679147720337,0.00167914772033695
101.201749324799,0.835334837436676,-0.00066516256332394
101.251747131348,0.832898855209351,-0.00310114479064938
101.301738500595,0.841778337955475,0.00577833795547489
101.351739645004,0.840599656105042,0.00459965610504154
101.401742935181,0.83732545375824,0.00132545375823978
101.451737880707,0.835400342941284,-0.000599657058715786
101.501738548279,0.831890463829041,-0.00410953617095944
101.551737308502,0.829808115959168,-0.00619188404083249
101.601739406586,0.831969022750855,-0.00403097724914547
101.651735782623,0.833763301372528,-0.00223669862747189
101.701737642288,0.833815574645996,-0.00218442535400387
101.751737833023,0.837076663970947,0.0010766639709473
101.801738977432,0.827018558979034,-0.00898144102096554
101.851738214493,0.82318127155304,-0.0128187284469604
101.901739120483,0.829742550849915,-0.00625744915008541
101.951737642288,0.833959698677063,-0.00204030132293698
102.001739025116,0.83378940820694,-0.00221059179306027
102.051737070084,0.832060694694519,-0.00393930530548092
102.101742506027,0.831026017665863,-0.00497398233413693
102.151739358902,0.837286174297333,0.0012861742973328
102.201739788055,0.837613582611084,0.00161358261108402
102.25173997879,0.830436706542969,-0.00556329345703122
102.301743984222,0.833186984062195,-0.00281301593780514
102.351745843887,0.829009175300598,-0.00699082469940182
102.401742458344,0.830201029777527,-0.00579897022247311
102.451741695404,0.830554604530335,-0.00544539546966549
102.501749038696,0.825879096984863,-0.0101209030151367
102.551747322083,0.826088666915894,-0.00991133308410641
102.601740598679,0.834824025630951,-0.00117597436904904
102.651741027832,0.833435833454132,-0.00256416654586789
102.701742887497,0.827162563800812,-0.0088374361991882
102.751742601395,0.825289785861969,-0.010710214138031
102.801743268967,0.827778100967407,-0.00822189903259274
102.851749897003,0.830973625183106,-0.0050263748168945
102.901750326157,0.832872629165649,-0.00312737083435055
102.951746463776,0.825695753097534,-0.0103042469024658
103.001745462418,0.827804327011108,-0.00819567298889157
103.05174612999,0.826403021812439,-0.009596978187561
103.101749897003,0.822251439094543,-0.0137485609054565
103.151746034622,0.82206803560257,-0.0139319643974304
103.201747655869,0.830803453922272,-0.00519654607772824
103.251747131348,0.818898737430573,-0.0171012625694275
103.301750183105,0.837116003036499,0.00111600303649906
103.351757764816,0.824713587760925,-0.0112864122390747
103.401754140854,0.839984118938446,0.00398411893844608
103.451753854752,0.832034528255463,-0.00396547174453732
103.501756906509,0.846375167369843,0.0103751673698426
103.551752328873,0.831838071346283,-0.00416192865371701
103.601755380631,0.853578269481659,0.017578269481659
103.651762723923,0.846807360649109,0.0108073606491089
103.701761484146,0.850657761096954,0.0146577610969544
103.751761674881,0.831733286380768,-0.00426671361923214
103.801769018173,0.846584737300873,0.0105847373008728
103.851763486862,0.871402621269226,0.0354026212692261
103.901787519455,0.856682121753693,0.0206821217536927
103.951794147491,0.851797163486481,0.0157971634864807
104.001806020737,0.857939422130585,0.0219394221305848
104.051795482636,0.856302380561829,0.0203023805618286
104.101808547974,0.851849555969238,0.0158495559692383
104.151796340942,0.860728979110718,0.0247289791107178
104.201809167862,0.887616038322449,0.0516160383224488
104.251799821854,0.870197713375092,0.0341977133750916
104.301811695099,0.870394229888916,0.034394229888916
104.351798772812,0.875305354595184,0.0393053545951844
104.401797533035,0.886018335819244,0.0500183358192444
104.451800107956,0.864409029483795,0.0284090294837952
104.501800298691,0.870053708553314,0.0340537085533142
104.5518014431,0.860990881919861,0.0249908819198609
104.601770877838,0.887288689613342,0.0512886896133423
104.651778697968,0.878029465675354,0.042029465675354
104.701779603958,0.890824735164642,0.0548247351646424
104.751778125763,0.878789067268372,0.0427890672683716
104.801783800125,0.88502299785614,0.0490229978561402
104.851774454117,0.873890936374664,0.0378909363746643
104.901782751083,0.896796762943268,0.0607967629432679
104.951776266098,0.880792856216431,0.0447928562164307
105.0017786026,0.886489748954773,0.050489748954773
105.051775217056,0.893470227718353,0.0574702277183533
105.101787567139,0.901197135448456,0.0651971354484558
105.151776313782,0.886869609355927,0.0508696093559265
105.201781988144,0.896940767765045,0.0609407677650452
105.251776218414,0.896849155426025,0.0608491554260254
105.301782131195,0.902834236621857,0.0668342366218567
105.351781606674,0.887969732284546,0.0519697322845459
105.401779651642,0.900175631046295,0.0641756310462952
105.451776027679,0.895290672779083,0.0592906727790833
105.501782894135,0.902834236621857,0.0668342366218567
105.551776409149,0.900123238563538,0.0641232385635376
105.601779937744,0.904353439807892,0.0683534398078919
105.651777029037,0.891911745071411,0.0559117450714112
105.701783418655,0.897255122661591,0.0612551226615906
105.751778125763,0.892068922519684,0.0560689225196839
105.801829576492,0.9008828997612,0.0648828997612
105.851814508438,0.874545812606812,0.0385458126068116
105.901817798615,0.909736096858978,0.0737360968589783
105.951809644699,0.886293351650238,0.0502933516502381
106.001822948456,0.897111058235168,0.0611110582351685
106.051786899567,0.88956743478775,0.0535674347877503
106.101786851883,0.898879110813141,0.0628791108131409
106.151783704758,0.883294224739075,0.0472942247390747
106.201787471771,0.898512363433838,0.0625123634338379
106.251788854599,0.892396330833435,0.0563963308334351
106.301788806915,0.899010062217712,0.0630100622177124
106.351790904999,0.880805909633637,0.0448059096336365
106.401792287827,0.898538589477539,0.0625385894775391
106.451787948608,0.880701124668121,0.0447011246681214
106.501790761948,0.89713728427887,0.0611372842788697
106.551788806915,0.880190372467041,0.044190372467041
106.60179567337,0.897503912448883,0.0615039124488831
106.651787519455,0.878199696540833,0.0421996965408326
106.701791763306,0.890497326850891,0.0544973268508911
106.751791238785,0.872686088085175,0.0366860880851746
106.801792383194,0.881932199001312,0.0459321990013123
106.85179400444,0.877557992935181,0.0415579929351807
106.901792049408,0.891584277153015,0.0555842771530152
106.951790571213,0.873353958129883,0.0373539581298828
107.00182390213,0.896574139595032,0.0605741395950318
107.051864862442,0.874532699584961,0.038532699584961
107.101823806763,0.895958602428436,0.0599586024284363
107.151819467545,0.873196840286255,0.0371968402862549
107.201812744141,0.891152143478394,0.0551521434783936
107.251796483994,0.877086460590363,0.0410864605903626
107.301819086075,0.894963264465332,0.0589632644653321
107.351804971695,0.88076663017273,0.0447666301727295
107.401802062988,0.896416962146759,0.0604169621467591
107.451800107956,0.875776886940002,0.0397768869400025
107.50180721283,0.88917464017868,0.0531746401786805
107.55180644989,0.875698328018189,0.0396983280181885
107.601803302765,0.897661089897156,0.0616610898971558
107.65180182457,0.87310516834259,0.0371051683425904
107.701802492142,0.906592965126038,0.0705929651260376
107.751803636551,0.879823684692383,0.0438236846923828
107.80181145668,0.890235364437103,0.0542353644371033
107.851801872253,0.876667439937592,0.0406674399375916
107.901806592941,0.887052893638611,0.0510528936386109
107.951804161072,0.876706659793854,0.0407066597938538
108.001804828644,0.890929520130158,0.0549295201301575
108.051804065704,0.875881612300873,0.0398816123008728
108.101811408997,0.895146548748016,0.0591465487480164
108.151804208756,0.871926486492157,0.035926486492157
108.201808452606,0.891034305095673,0.0550343050956726
108.251803874969,0.875069618225098,0.0390696182250977
108.301818609238,0.892016530036926,0.0560165300369263
108.351806163788,0.867395102977753,0.0313951029777527
108.401807785034,0.893169045448303,0.0571690454483033
108.451804161072,0.873563528060913,0.0375635280609131
108.501810073853,0.904156982898712,0.0681569828987122
108.551804065704,0.878068745136261,0.042068745136261
108.601804971695,0.888703107833862,0.0527031078338623
108.651804447174,0.874401688575745,0.0384016885757447
108.701809644699,0.899822056293488,0.0638220562934876
108.751806735992,0.868835687637329,0.0328356876373291
108.801814317703,0.892527341842651,0.0565273418426514
108.851821899414,0.875645935535431,0.0396459355354309
108.901823043823,0.88794356584549,0.0519435658454895
108.951813936234,0.872817039489746,0.0368170394897461
109.001813650131,0.886018335819244,0.0500183358192444
109.051812410355,0.866792619228363,0.0307926192283631
109.101814031601,0.88663387298584,0.0506338729858399
109.151814699173,0.874454081058502,0.0384540810585022
109.201816558838,0.890405714511871,0.0544057145118714
109.25181555748,0.872843205928803,0.0368432059288025
109.301822423935,0.891859412193298,0.0558594121932984
109.351814031601,0.876064956188202,0.0400649561882019
109.40181517601,0.889646053314209,0.053646053314209
109.451813936234,0.873183786869049,0.0371837868690491
109.501811981201,0.893404722213745,0.0574047222137452
109.55181312561,0.868468999862671,0.0324689998626709
109.601817369461,0.893417835235596,0.0574178352355957
109.651814699173,0.872581303119659,0.0365813031196595
109.701826810837,0.894517958164215,0.0585179581642151
109.751832485199,0.867578446865082,0.0315784468650818
109.801843881607,0.887197017669678,0.0511970176696778
109.85183930397,0.86854761838913,0.0325476183891297
109.90182185173,0.888493537902832,0.0524935379028321
109.951817750931,0.868861854076386,0.0328618540763855
110.001817464828,0.88500988483429,0.0490098848342896
110.051818847656,0.875187516212463,0.0391875162124634
110.101821184158,0.885861158370972,0.0498611583709717
110.151817798615,0.862261235713959,0.0262612357139588
110.201821565628,0.887511312961578,0.0515113129615784
110.25181889534,0.867892742156982,0.0318927421569825
110.301830530167,0.89068067073822,0.0546806707382202
110.351866483688,0.864238858222961,0.0282388582229615
110.401851415634,0.892265379428864,0.0562653794288636
110.451835870743,0.886005222797394,0.0500052227973938
110.501846313477,0.884433686733246,0.0484336867332459
110.551857948303,0.882036983966827,0.0460369839668274
110.60182595253,0.907483518123627,0.0714835181236267
110.651825666428,0.887000501155853,0.0510005011558533
110.701825141907,0.902205646038055,0.0662056460380555
110.751826286316,0.877309143543243,0.0413091435432434
110.801825523376,0.899049341678619,0.0630493416786194
110.85182929039,0.894871532917023,0.0588715329170227
110.901827812195,0.908740758895874,0.0727407588958741
110.951829195023,0.902310371398926,0.0663103713989258
111.001828193665,0.919191777706146,0.0831917777061463
111.051830768585,0.898695766925812,0.0626957669258118
111.10184431076,0.91704398393631,0.0810439839363099
111.151830911636,0.906789362430573,0.0707893624305725
111.201829433441,0.925412654876709,0.089412654876709
111.251829624176,0.900450646877289,0.0644506468772889
111.301835298538,0.932249009609222,0.0962490096092225
111.351834535599,0.923120677471161,0.0871206774711609
111.401833057404,0.929289221763611,0.0932892217636109
111.451832056046,0.913389980792999,0.0773899807929993
111.501835346222,0.908216893672943,0.0722168936729431
111.551834106445,0.916559398174286,0.0805593981742859
111.601832389832,0.94259524345398,0.10659524345398
111.651832818985,0.926591336727142,0.0905913367271424
111.701837778091,0.948763728141785,0.112763728141785
111.751834392548,0.931947767734528,0.0959477677345276
111.80185508728,0.95523339509964,0.11923339509964
111.851863622665,0.937932848930359,0.101932848930359
111.901862621307,0.94706118106842,0.11106118106842
111.951864719391,0.935012340545654,0.0990123405456543
112.001877784729,0.950453221797943,0.114453221797943
112.051873922348,0.94128555059433,0.10528555059433
112.10187625885,0.964702129364014,0.128702129364014
112.151866674423,0.945345520973206,0.109345520973206
112.201863527298,0.961938798427582,0.125938798427582
112.251842498779,0.947742164134979,0.111742164134979
112.301843166351,0.962672233581543,0.126672233581543
112.351864337921,0.953137934207916,0.117137934207916
112.401865720749,0.966679751873016,0.130679751873016
112.451880931854,0.938666343688965,0.102666343688965
112.501873731613,0.964112818241119,0.128112818241119
112.551873922348,0.942883372306824,0.106883372306824
112.601874828339,0.9614018201828,0.1254018201828
112.651877403259,0.940958201885223,0.104958201885223
112.70187664032,0.956818044185638,0.120818044185638
112.751878023148,0.940892696380615,0.104892696380615
112.80185341835,0.962541282176971,0.126541282176971
112.851857185364,0.942673802375793,0.106673802375794
112.901854753494,0.962266206741333,0.126266206741333
112.951853513718,0.941429674625397,0.105429674625397
113.001857042313,0.964846253395081,0.128846253395081
113.05185341835,0.939517557621002,0.103517557621002
113.101855039597,0.960498154163361,0.124498154163361
113.151852846146,0.933951556682587,0.0979515566825867
113.201854944229,0.956032276153564,0.120032276153564
113.251868009567,0.937343537807465,0.101343537807465
113.301864147186,0.953399896621704,0.117399896621704
113.351870298386,0.937644779682159,0.101644779682159
113.401870965958,0.954316675662994,0.118316675662994
113.451865434647,0.935287415981293,0.0992874159812928
113.501866817474,0.951828300952911,0.115828300952911
113.551863431931,0.933427691459656,0.0974276914596558
113.6018679142,0.955154776573181,0.119154776573181
113.651866197586,0.93664938211441,0.10064938211441
113.701861143112,0.946615874767303,0.110615874767304
113.751861095428,0.938247203826904,0.102247203826904
113.801864385605,0.952679574489594,0.116679574489594
113.851863861084,0.938325822353363,0.102325822353363
113.901872873306,0.963130593299866,0.127130593299866
113.951899766922,0.937409043312073,0.101409043312073
114.001914262772,0.957996726036072,0.121996726036072
114.05190372467,0.934540927410126,0.0985409274101258
114.101918935776,0.950963973999023,0.114963973999023
114.151906967163,0.931633472442627,0.095633472442627
114.201922416687,0.949169754981995,0.113169754981995
114.251911401749,0.927233040332794,0.0912330403327942
114.301924705505,0.951422333717346,0.115422333717346
114.351919412613,0.932235956192017,0.0962359561920166
114.401917219162,0.950361490249634,0.114361490249634
114.451895952225,0.935012340545654,0.0990123405456543
114.501887559891,0.946262240409851,0.110262240409851
114.551884174347,0.931947767734528,0.0959477677345276
114.601896286011,0.94847559928894,0.11247559928894
114.651890039444,0.934030175209045,0.0980301752090455
114.701890468597,0.939622342586517,0.103622342586517
114.751887321472,0.9321049451828,0.0961049451828003
114.80190372467,0.951042532920837,0.115042532920837
114.851888895035,0.934763550758362,0.0987635507583619
114.90189409256,0.944193005561829,0.108193005561829
114.951887369156,0.936872124671936,0.100872124671936
115.001900672913,0.938365042209625,0.102365042209625
115.051889657974,0.928162932395935,0.0921629323959351
115.101892471313,0.938181757926941,0.102181757926941
115.151887178421,0.923683941364288,0.0876839413642884
115.201891422272,0.950125694274902,0.114125694274902
115.251889944077,0.92775696516037,0.0917569651603699
115.301897287369,0.952614068984985,0.116614068984985
115.351897954941,0.938325822353363,0.102325822353363
115.401901960373,0.94936615228653,0.11336615228653
115.451895952225,0.923644602298737,0.0876446022987366
115.501890897751,0.943171501159668,0.107171501159668
115.551888465881,0.927324712276459,0.0913247122764588
115.601891279221,0.939386665821075,0.103386665821075
115.651890277863,0.937566220760345,0.101566220760346
115.701892375946,0.946746826171875,0.110746826171875
115.751888990402,0.927573561668396,0.091573561668396
115.801894187927,0.950715065002441,0.114715065002441
115.851891279221,0.927481830120087,0.0914818301200867
115.90189242363,0.948698222637177,0.112698222637177
115.951889514923,0.934776663780212,0.0987766637802124
116.001895666122,0.946092009544373,0.110092009544373
116.051891326904,0.928123593330383,0.0921235933303833
116.101898908615,0.95129132270813,0.11529132270813
116.151892900467,0.938875794410706,0.102875794410706
116.201901435852,0.945974111557007,0.109974111557007
116.251893281937,0.933846771717072,0.0978467717170716
116.301898241043,0.945410966873169,0.109410966873169
116.351898193359,0.934567093849182,0.0985670938491822
116.401896953583,0.944559752941132,0.108559752941132
116.451895236969,0.9321049451828,0.0961049451828003
116.501898288727,0.935483872890472,0.0994838728904725
116.55189704895,0.933453857898712,0.0974538578987122
116.601900339127,0.946576595306397,0.110576595306397
116.651894330978,0.930926263332367,0.094926263332367
116.701898813248,0.941560626029968,0.105560626029968
116.751897096634,0.921261012554169,0.0852610125541687
116.80189871788,0.939845025539398,0.103845025539398
116.851904153824,0.93634819984436,0.10034819984436
116.901901960373,0.939347326755524,0.103347326755524
116.951898574829,0.925006628036499,0.0890066280364991
117.001902580261,0.938967525959015,0.102967525959015
117.051898479462,0.933807492256165,0.0978074922561646
117.101907968521,0.934134960174561,0.0981349601745606
117.151898860931,0.933283627033234,0.0972836270332337
117.201901912689,0.933886051177979,0.0978860511779786
117.251902103424,0.933964610099793,0.0979646100997925
117.301908731461,0.939137756824493,0.103137756824493
117.351907968521,0.937801897525787,0.101801897525787
117.401904344559,0.94281792640686,0.10681792640686
117.451903343201,0.931031048297882,0.0950310482978821
117.501907110214,0.94655042886734,0.11055042886734
117.55190372467,0.941521346569061,0.105521346569061
117.601905822754,0.944546639919281,0.108546639919281
117.651903629303,0.940945088863373,0.104945088863373
117.701915502548,0.966535687446594,0.130535687446594
117.751931667328,0.948789954185486,0.112789954185486
117.801956653595,0.977012872695923,0.141012872695923
117.851943016052,0.949405431747437,0.113405431747437
117.901943922043,0.966614305973053,0.130614305973053
117.951928377152,0.965461790561676,0.129461790561676
118.001958370209,0.972586274147034,0.136586274147034
118.051953554153,0.968316793441772,0.132316793441773
118.101965427399,0.978178441524506,0.142178441524506
118.151950836182,0.973922073841095,0.137922073841095
118.201964139938,0.98473984003067,0.14873984003067
118.251956939697,0.981884837150574,0.145884837150574
118.301964521408,0.992178678512573,0.156178678512573
118.351950645447,0.992990612983704,0.156990612983704
118.401953220367,1.0016473531723,0.165647353172302
118.451936483383,1.02782738208771,0.191827382087708
118.501935243607,1.01508450508118,0.179084505081177
118.551928520203,1.00818252563477,0.172182525634766
118.601927757263,1.00751459598541,0.171514595985413
118.651933670044,1.0084183216095,0.172418321609497
118.701931238174,1.01406300067902,0.178063000679016
118.751934289932,1.01875150203705,0.182751502037048
118.801938056946,1.0387237071991,0.202723707199097
118.851924180985,1.02463185787201,0.188631857872009
118.901926517487,1.03920817375183,0.203208173751831
118.951922655106,1.0300145149231,0.194014514923096
119.001925945282,1.02799761295319,0.191997612953186
119.05192399025,1.03810811042786,0.202108110427856
119.101929426193,1.04114651679993,0.205146516799927
119.151923656464,1.045769572258,0.209769572257996
119.201930999756,1.0406881570816,0.204688157081604
119.251924514771,1.04444682598114,0.20844682598114
119.301924467087,1.05167603492737,0.215676034927368
119.351927280426,1.0532214641571,0.217221464157104
119.401928663254,1.05983519554138,0.223835195541382
119.451929092407,1.04304552078247,0.207045520782471
119.501928567886,1.04405391216278,0.208053912162781
119.55192899704,1.04011189937592,0.204111899375916
119.601938247681,1.0509819984436,0.214981998443604
119.651936769485,1.04556000232697,0.209560002326965
119.701930999756,1.04611015319824,0.210110153198242
119.751931428909,1.04335975646973,0.207359756469727
119.801932573318,1.03863203525543,0.202632035255432
119.851929187775,1.04364800453186,0.20764800453186
119.901933193207,1.03856647014618,0.202566470146179
119.951932907104,1.04280972480774,0.206809724807739
120.001963615417,1.0383962392807,0.202396239280701
120.051968812943,1.04046547412872,0.204465474128723
120.101979970932,1.03868436813355,0.202684368133545
120.15197300911,1.04411935806274,0.208119358062744
120.201982498169,1.03818666934967,0.20218666934967
120.251974821091,1.02844285964966,0.192442859649658
120.301987886429,1.03442800045013,0.198428000450134
120.351959705353,1.04153943061829,0.205539430618286
120.401944160461,1.0339173078537,0.197917307853699
120.4519572258,1.04151320457459,0.205513204574585
120.501976013184,1.03302669525146,0.197026695251465
120.55197262764,1.03767597675323,0.201675976753235
120.601969480515,1.03335416316986,0.197354163169861
120.651967763901,1.0322539806366,0.196253980636597
120.701948642731,1.0306431055069,0.194643105506897
120.75194311142,1.03402209281921,0.198022092819214
120.801945209503,1.02501153945923,0.189011539459229
120.851944923401,1.04037380218506,0.204373802185059
120.901949644089,1.03523993492126,0.199239934921265
120.951945543289,1.0390772819519,0.203077281951904
121.001945972443,1.03269922733307,0.196699227333069
121.05194735527,1.03995478153229,0.203954781532288
121.101948261261,1.03157293796539,0.195572937965393
121.151944875717,1.03738784790039,0.201387847900391
121.201948642731,1.03324937820435,0.197249378204346
121.251948595047,1.03272545337677,0.19672545337677
121.30194568634,1.02197325229645,0.185973252296448
121.3519551754,1.03568530082703,0.199685300827026
121.401957511902,1.03808188438416,0.202081884384155
121.451948881149,1.03212308883667,0.19612308883667
121.501953363419,1.03047287464142,0.194472874641419
121.551949977875,1.03527927398682,0.199279273986816
121.601955890656,1.02514255046844,0.189142550468445
121.651952266693,1.03326237201691,0.197262372016907
121.701958179474,1.0290584564209,0.193058456420898
121.75198340416,1.03488636016846,0.198886360168457
121.801995515823,1.02292931079865,0.186929310798645
121.85196352005,1.03318381309509,0.197183813095093
121.901959657669,1.02454018592834,0.188540185928345
121.951958179474,1.03230631351471,0.19630631351471
122.001971960068,1.02188146114349,0.185881461143494
122.051969766617,1.03898561000824,0.20298561000824
122.101974487305,1.03183484077454,0.195834840774536
122.151975631714,1.03645789623261,0.200457896232605
122.20196723938,1.02594149112701,0.189941491127014
122.251961231232,1.03007996082306,0.194079960823059
122.301962375641,1.02309954166412,0.187099541664124
122.351962089539,1.03529238700867,0.199292387008667
122.401967048645,1.01683938503265,0.180839385032654
122.451960325241,1.03035497665405,0.194354976654053
122.501961708069,1.02657008171082,0.190570081710815
122.551959276199,1.03357672691345,0.197576726913452
122.60196352005,1.02038860321045,0.184388603210449
122.651961565018,1.03314459323883,0.197144593238831
122.70196056366,1.02017903327942,0.184179033279419
122.75196146965,1.02954292297363,0.193542922973633
122.801958799362,1.01546430587769,0.179464305877686
122.851963043213,1.02992284297943,0.193922842979431
122.901963233948,1.01938009262085,0.18338009262085
122.951960802078,1.03191351890564,0.19591351890564
123.001963615417,1.01733708381653,0.181337083816528
123.051961660385,1.02664864063263,0.190648640632629
123.101964235306,1.02092552185059,0.184925521850586
123.151962518692,1.0271463394165,0.191146339416504
123.201964139938,1.01728463172913,0.181284631729126
123.251966238022,1.02537834644318,0.189378346443176
123.30197930336,1.0161452293396,0.1801452293396
123.351974248886,1.03230631351471,0.19630631351471
123.401975154877,1.01585721969605,0.179857219696045
123.451965332031,1.03501737117767,0.199017371177673
123.501967906952,1.0068074464798,0.170807446479797
123.551964759827,1.03662824630737,0.200628246307373
123.60196685791,1.00595617294312,0.169956172943115
123.651965379715,1.03021085262299,0.194210852622986
123.701968193054,1.01627624034882,0.180276240348816
123.751965284348,1.0287047624588,0.192704762458801
123.801966667175,1.0116138458252,0.175613845825195
123.851967334747,1.02121353149414,0.185213531494141
123.901978254318,1.01465225219727,0.178652252197266
123.951989889145,1.03053832054138,0.194538320541382
124.002015590668,1.00701701641083,0.171017016410828
124.052034854889,1.03945708274841,0.203457082748413
124.102012395859,1.00878500938416,0.172785009384155
124.152011632919,1.02389848232269,0.187898482322693
124.202021360397,1.00338923931122,0.167389239311218
124.252014875412,1.02612483501434,0.190124835014343
124.302023410797,0.991026163101196,0.155026163101196
124.352009534836,1.02109575271606,0.185095752716065
124.402012109756,1.01765143871307,0.181651438713074
124.451991558075,1.04110717773438,0.205107177734375
124.50199341774,1.02374124526978,0.187741245269775
124.552006006241,1.04976403713226,0.213764037132263
124.602004051209,1.03568530082703,0.199685300827026
124.651983737946,1.06179964542389,0.225799645423889
124.701983690262,1.01318550109863,0.177185501098633
124.751984119415,1.06942188739777,0.233421887397766
124.801988124847,1.05250120162964,0.216501201629639
124.851984262466,1.07166135311127,0.235661353111267
124.901988983154,1.06214022636414,0.226140226364136
124.951984405518,1.08949887752533,0.25349887752533
125.00199174881,1.06538808345795,0.229388083457947
125.051988840103,1.07777750492096,0.241777504920959
125.101985454559,1.07210671901703,0.236106719017029
125.15198969841,1.0931134223938,0.257113422393799
125.201991558075,1.0821385383606,0.246138538360596
125.251987695694,1.10255599021912,0.266555990219116
125.301988601685,1.08194220066071,0.245942200660706
125.351992607117,1.11059725284576,0.274597252845764
125.401995658875,1.09509110450745,0.259091104507446
125.451988935471,1.12239730358124,0.286397303581238
125.50198841095,1.08008241653442,0.244082416534424
125.5519926548,1.12387716770172,0.287877167701721
125.601991891861,1.1115403175354,0.2755403175354
125.651991605759,1.12737393379211,0.291373933792114
125.701991796494,1.11066281795502,0.274662817955017
125.751991033554,1.14734613895416,0.311346138954163
125.802004814148,1.12125790119171,0.285257901191711
125.852025985718,1.14611506462097,0.310115064620972
125.902025461197,1.12614285945892,0.290142859458923
125.952025175095,1.15033209323883,0.314332093238831
126.00201010704,1.13946199417114,0.303461994171143
126.051996707916,1.16248571872711,0.326485718727112
126.102000236511,1.14094197750092,0.304941977500916
126.151996135712,1.16154277324677,0.325542773246765
126.202001571655,1.13699984550476,0.300999845504761
126.25200009346,1.16811716556549,0.332117165565491
126.302004575729,1.1453423500061,0.309342350006104
126.352001667023,1.16823506355286,0.332235063552856
126.402003526688,1.13088381290436,0.294883812904358
126.451997756958,1.16008901596069,0.324089015960693
126.502005338669,1.13419723510742,0.298197235107422
126.552000045776,1.15807211399078,0.322072113990784
126.602000951767,1.13313639163971,0.297136391639709
126.651998519897,1.16020691394806,0.324206913948059
126.70200419426,1.14062762260437,0.30462762260437
126.751999855042,1.16028547286987,0.324285472869873
126.802001953125,1.14184558391571,0.30584558391571
126.852001428604,1.15623867511749,0.320238675117493
126.902007341385,1.13870239257813,0.302702392578125
126.952002763748,1.15761375427246,0.321613754272461
127.002001047134,1.12995398044586,0.293953980445862
127.052003383636,1.15124893188477,0.315248931884766
127.10200881958,1.13067424297333,0.294674242973328
127.152005195618,1.15151083469391,0.315510834693909
127.202013015747,1.12296044826508,0.286960448265076
127.252013206482,1.15272879600525,0.316728796005249
127.30201292038,1.12911581993103,0.29311581993103
127.352005720139,1.15900206565857,0.323002065658569
127.402005910873,1.12293422222137,0.286934222221375
127.452008724213,1.14806640148163,0.312066401481628
127.502009391785,1.13280892372131,0.296808923721313
127.552007198334,1.14924514293671,0.313245142936707
127.602007865906,1.12138879299164,0.285388792991638
127.652013063431,1.14746391773224,0.311463917732239
127.70200920105,1.12783229351044,0.291832293510437
127.752014398575,1.14493632316589,0.308936323165894
127.802048921585,1.12361526489258,0.287615264892578
127.852040052414,1.14890456199646,0.31290456199646
127.902036905289,1.13389599323273,0.297895993232727
127.952026367188,1.14809262752533,0.31209262752533
128.002057075501,1.12619531154633,0.290195311546326
128.052051067352,1.14726758003235,0.311267580032349
128.102059602737,1.1198695898056,0.283869589805603
128.152056455612,1.13599145412445,0.299991454124451
128.2020611763,1.11739444732666,0.28139444732666
128.252054929733,1.15219187736511,0.316191877365112
128.302065134048,1.12593328952789,0.289933289527893
128.352049350739,1.14539468288422,0.309394682884216
128.402054786682,1.12238419055939,0.286384190559387
128.452037334442,1.14154434204102,0.305544342041016
128.502035856247,1.12061607837677,0.28461607837677
128.552036523819,1.14760804176331,0.311608041763306
128.602029800415,1.12573683261871,0.289736832618713
128.652023077011,1.13360786437988,0.297607864379883
128.702024698257,1.12296044826508,0.286960448265076
128.752026319504,1.13284826278687,0.296848262786865
128.802025556564,1.11659550666809,0.280595506668091
128.852024793625,1.13545453548431,0.299454535484314
128.902044057846,1.11313796043396,0.27713796043396
128.952035903931,1.13235056400299,0.296350564002991
129.002059221268,1.12057685852051,0.284576858520508
129.052052497864,1.14091575145721,0.304915751457214
129.102032661438,1.1144345998764,0.278434599876404
129.152028560638,1.13994657993317,0.303946579933167
129.202027082443,1.11355710029602,0.277557100296021
129.252034187317,1.1427229642868,0.306722964286804
129.302078485489,1.11981725692749,0.28381725692749
129.352057933807,1.12844789028168,0.292447890281677
129.402035713196,1.10495269298553,0.268952692985535
129.452030658722,1.13199698925018,0.295996989250183
129.502043247223,1.11577045917511,0.27977045917511
129.552031755447,1.13156485557556,0.295564855575562
129.602034330368,1.11271893978119,0.276718939781189
129.652035236359,1.12931227684021,0.29331227684021
129.702035188675,1.10431098937988,0.268310989379883
129.75204372406,1.13249468803406,0.296494688034058
129.802041053772,1.1108592748642,0.274859274864197
129.852035522461,1.12289488315582,0.286894883155823
129.902039766312,1.10927450656891,0.273274506568909
129.952035903931,1.13317573070526,0.297175730705261
130.002036571503,1.10679936408997,0.270799364089966
130.052037715912,1.13152551651001,0.29552551651001
130.102037191391,1.10941863059998,0.273418630599976
130.152035951614,1.13043856620789,0.294438566207886
130.202036142349,1.09929502010345,0.263295020103455
130.252040863037,1.13248157501221,0.296481575012207
130.302036762238,1.10936617851257,0.273366178512573
130.352036714554,1.13493061065674,0.298930610656738
130.402039766312,1.09984505176544,0.263845051765442
130.452039241791,1.12628698348999,0.29028698348999
130.502037763596,1.11152720451355,0.27552720451355
130.552037000656,1.12746560573578,0.291465605735779
130.60203909874,1.10012006759644,0.264120067596436
130.652039766312,1.12857890129089,0.292578901290894
130.702036857605,1.10666835308075,0.27066835308075
130.752036333084,1.13118505477905,0.295185054779053
130.802043199539,1.10594809055328,0.269948090553284
130.852038621902,1.12589395046234,0.289893950462341
130.902041435242,1.11540377140045,0.279403771400452
130.952039718628,1.13042533397675,0.294425333976746
131.002043247223,1.10510993003845,0.269109930038452
131.052038908005,1.13185298442841,0.295852984428406
131.102044820786,1.11155331134796,0.275553311347961
131.152039051056,1.12847411632538,0.292474116325378
131.202044963837,1.10160005092621,0.265600050926208
131.252038955688,1.12620830535889,0.290208305358887
131.302039146423,1.10323703289032,0.26723703289032
131.352039813995,1.12034106254578,0.284341062545776
131.40204668045,1.10473001003265,0.268730010032654
131.452040910721,1.13024210929871,0.294242109298706
131.502040147781,1.12006604671478,0.284066046714783
131.552042484283,1.14680922031403,0.310809220314026
131.602044820786,1.12009227275848,0.284092272758484
131.65204167366,1.1495463848114,0.313546384811401
131.702041149139,1.14523756504059,0.309237565040588
131.75204372406,1.16348099708557,0.327480997085571
131.802054166794,1.15009641647339,0.314096416473389
131.852071285248,1.15605533123016,0.320055331230164
131.90207028389,1.1385452747345,0.302545274734497
131.95205283165,1.17492735385895,0.338927353858948
132.00207734108,1.17532026767731,0.339320267677307
132.052080631256,1.17892181873322,0.342921818733215
132.102078914642,1.17306768894196,0.337067688941956
132.152057886124,1.1868714094162,0.350871409416199
132.202050924301,1.18080770969391,0.344807709693909
132.252050161362,1.19174325466156,0.35574325466156
132.302051782608,1.19493877887726,0.358938778877258
132.35205245018,1.20905685424805,0.373056854248047
132.402052402496,1.19539725780487,0.359397257804871
132.452052593231,1.22686815261841,0.390868152618408
132.502054691315,1.20248246192932,0.366482461929321
132.552061080933,1.23991227149963,0.403912271499634
132.602056503296,1.21611595153809,0.380115951538086
132.652055263519,1.24198150634766,0.405981506347656
132.702059268951,1.22242844104767,0.386428441047668
132.7520570755,1.25126695632935,0.415266956329346
132.80205821991,1.23936223983765,0.403362239837646
132.85206079483,1.25020611286163,0.414206112861633
132.902066707611,1.24346137046814,0.40746137046814
132.952061653137,1.27106893062592,0.435068930625916
133.002060651779,1.24851667881012,0.41251667881012
133.052062749863,1.27491927146912,0.438919271469116
133.102062225342,1.27140939235687,0.435409392356873
133.152075767517,1.28373312950134,0.447733129501343
133.202075481415,1.27447402477264,0.438474024772644
133.252066135407,1.2963844537735,0.460384453773499
133.302056789398,1.27963399887085,0.44363399887085
133.35206079483,1.30140030384064,0.465400303840637
133.402061223984,1.280930519104,0.444930519104004
133.452061891556,1.30920588970184,0.473205889701843
133.502060413361,1.29290068149567,0.456900681495667
133.552062034607,1.30159676074982,0.465596760749817
133.602060079575,1.2812579870224,0.4452579870224
133.652062177658,1.3008371591568,0.464837159156799
133.702060461044,1.27677893638611,0.440778936386108
133.752063035965,1.29872858524323,0.462728585243225
133.802064657211,1.28356289863586,0.447562898635864
133.852085113525,1.29900372028351,0.463003720283508
133.902086019516,1.27618968486786,0.440189684867859
133.952088594437,1.28945636749268,0.453456367492676
134.002113342285,1.27184152603149,0.435841526031494
134.052104711533,1.28366768360138,0.447667683601379
134.102104187012,1.2757967710495,0.4397967710495
134.152106761932,1.28319621086121,0.447196210861206
134.202129125595,1.27624201774597,0.440242017745972
134.252110481262,1.27730274200439,0.441302742004395
134.302118062973,1.26412773132324,0.428127731323242
134.352108955383,1.28158533573151,0.445585335731506
134.402105093002,1.27118670940399,0.435186709403992
134.452081918716,1.27831125259399,0.442311252593994
134.502082824707,1.27876961231232,0.442769612312317
134.552113294601,1.28161156177521,0.445611561775208
134.60212469101,1.27140939235687,0.435409392356873
134.652121067047,1.28589415550232,0.449894155502319
134.702084302902,1.26943182945251,0.433431829452515
134.752088308334,1.2841522693634,0.448152269363403
134.802084684372,1.26696968078613,0.430969680786133
134.852085828781,1.27525973320007,0.439259733200073
134.902079582214,1.26588261127472,0.429882611274719
134.952078580856,1.28110074996948,0.445100749969482
135.002079963684,1.25857472419739,0.422574724197388
135.052078485489,1.2689733505249,0.432973350524902
135.102077960968,1.25873196125031,0.422731961250305
135.15208029747,1.2693008184433,0.433300818443298
135.202078819275,1.25302183628082,0.417021836280823
135.252083778381,1.27474904060364,0.438749040603638
135.302082061768,1.26162624359131,0.425626243591309
135.352082490921,1.26805663108826,0.432056631088257
135.402082443237,1.25675439834595,0.420754398345947
135.452087402344,1.2686722278595,0.432672227859497
135.502089500427,1.26140367984772,0.425403679847717
135.552090883255,1.27463114261627,0.438631142616272
135.602080821991,1.25526142120361,0.419261421203613
135.652092456818,1.26846265792847,0.432462657928467
135.702085018158,1.25733065605164,0.421330656051636
135.752091884613,1.2670089006424,0.431008900642395
135.802099943161,1.2518562078476,0.415856207847595
135.852110385895,1.26453375816345,0.428533758163452
135.902131557465,1.25179076194763,0.415790761947632
135.952106237412,1.26435041427612,0.428350414276123
136.002103328705,1.25651860237122,0.420518602371216
136.052097320557,1.25815570354462,0.422155703544617
136.102090358734,1.2510312795639,0.415031279563904
136.15208864212,1.26081430912018,0.424814309120178
136.202091693878,1.2557852268219,0.419785226821899
136.25209403038,1.26431107521057,0.428311075210571
136.302093982697,1.25505185127258,0.419051851272583
136.352101802826,1.26073575019836,0.424735750198364
136.402094841003,1.25370287895203,0.417702878952026
136.452094554901,1.2647956609726,0.428795660972595
136.502098083496,1.24957740306854,0.413577403068542
136.552093267441,1.26243817806244,0.426438178062439
136.602095127106,1.24217796325684,0.406177963256836
136.652096509933,1.26197981834412,0.425979818344116
136.70209813118,1.25456726551056,0.418567265510559
136.752093315125,1.24737727642059,0.411377276420593
136.802097320557,1.25179076194763,0.415790761947632
136.852096319199,1.26315855979919,0.427158559799194
136.902096271515,1.24682724475861,0.410827244758606
136.952095985413,1.26022493839264,0.424224938392639
137.002098560333,1.25084781646729,0.414847816467285
137.052096843719,1.25291705131531,0.416917051315308
137.102095127106,1.23814427852631,0.402144278526306
137.152096033096,1.25632214546204,0.420322145462036
137.202108383179,1.23957180976868,0.403571809768677
137.252101898193,1.24621164798737,0.410211647987366
137.302099704742,1.24537360668182,0.409373606681824
137.35210108757,1.25756645202637,0.421566452026367
137.402105093002,1.24228274822235,0.406282748222351
137.452106237412,1.24501991271973,0.409019912719727
137.502100944519,1.24429953098297,0.408299530982971
137.552104234695,1.25913798809052,0.423137988090515
137.602103471756,1.25410890579224,0.418108905792236
137.652098178864,1.24333047866821,0.407330478668213
137.702102184296,1.24807143211365,0.412071432113647
137.752103805542,1.25370287895203,0.417702878952026
137.802100419998,1.24245297908783,0.40645297908783
137.852104187012,1.25104427337646,0.415044273376465
137.902105808258,1.24386739730835,0.40786739730835
137.952142477036,1.25475060939789,0.418750609397888
138.00217294693,1.24532115459442,0.409321154594421
138.052145004272,1.24817609786987,0.412176097869873
138.10214138031,1.2454913854599,0.4094913854599
138.152141332626,1.24685347080231,0.410853470802307
138.202153682709,1.24619853496552,0.410198534965515
138.252137184143,1.24906671047211,0.413066710472107
138.302141666412,1.25244557857513,0.416445578575134
138.352152824402,1.25802481174469,0.42202481174469
138.402126789093,1.25566744804382,0.419667448043823
138.452119112015,1.26153469085693,0.425534690856934
138.502184152603,1.26331567764282,0.427315677642822
138.552183151245,1.27450013160706,0.438500131607056
138.60215306282,1.28348433971405,0.44748433971405
138.652153730392,1.29032075405121,0.454320754051208
138.702155351639,1.28610372543335,0.45010372543335
138.752125740051,1.29654157161713,0.460541571617126
138.802122354507,1.3008371591568,0.464837159156799
138.852133989334,1.31748282909393,0.481482829093933
138.902129411697,1.31922471523285,0.483224715232849
138.952127218246,1.32650637626648,0.490506376266479
139.002133131027,1.35419249534607,0.518192495346069
139.052128791809,1.34059822559357,0.504598225593567
139.102127075195,1.33703601360321,0.50103601360321
139.15212893486,1.35466396808624,0.518663968086243
139.202126502991,1.35509610176086,0.519096101760864
139.252131223679,1.37165009975433,0.535650099754333
139.302128791809,1.3669615983963,0.530961598396301
139.352137804031,1.37649583816528,0.540495838165283
139.402132034302,1.38124990463257,0.545249904632568
139.452131032944,1.38348925113678,0.54748925113678
139.502135515213,1.3968608379364,0.560860837936401
139.552130222321,1.40525567531586,0.569255675315857
139.602128744125,1.41189575195313,0.575895751953125
139.652132511139,1.41510426998138,0.579104269981384
139.702128648758,1.41780209541321,0.581802095413208
139.752130270004,1.43093800544739,0.594938005447388
139.802145242691,1.40318655967712,0.567186559677124
139.852140903473,1.43143558502197,0.595435585021973
139.902134895325,1.44491195678711,0.608911956787109
139.952131986618,1.43900549411774,0.603005494117737
140.002141952515,1.44779324531555,0.611793245315552
140.052140712738,1.4477276802063,0.611727680206299
140.102168083191,1.46962511539459,0.633625115394592
140.152177095413,1.46730697154999,0.631306971549988
140.202162504196,1.487344622612,0.651344622612
140.25216794014,1.48849725723267,0.652497257232666
140.302189826965,1.47296476364136,0.636964763641357
140.352185964584,1.48841857910156,0.652418579101563
140.402186870575,1.48458123207092,0.648581232070923
140.452154636383,1.48150360584259,0.64550360584259
140.502161741257,1.4851576089859,0.649157608985901
140.552175760269,1.47571492195129,0.639714921951294
140.602174282074,1.47147166728973,0.635471667289734
140.652164936066,1.47880578041077,0.642805780410767
140.702166080475,1.46670460700989,0.630704607009888
140.752142190933,1.46868205070496,0.632682050704956
140.802139759064,1.46739864349365,0.631398643493652
140.852142095566,1.46924519538879,0.633245195388794
140.902143716812,1.46565675735474,0.629656757354736
140.952142477036,1.46024799346924,0.624247993469238
141.002141714096,1.46767365932465,0.631673659324646
141.052143335342,1.46441268920898,0.628412689208984
141.102142333984,1.46513307094574,0.62913307094574
141.152145385742,1.45703935623169,0.621039356231689
141.20214343071,1.46049678325653,0.624496783256531
141.252143383026,1.45816564559937,0.622165645599365
141.302149534225,1.46658670902252,0.630586709022522
141.352147579193,1.46684861183167,0.630848611831665
141.402148723602,1.45878124237061,0.622781242370605
141.452145814896,1.45599162578583,0.619991625785828
141.502147197723,1.459357380867,0.623357380867004
141.552145957947,1.45456409454346,0.618564094543457
141.602145671844,1.45665955543518,0.620659555435181
141.652146339417,1.44855272769928,0.61255272769928
141.702147722244,1.45091009140015,0.614910091400146
141.752146959305,1.44673240184784,0.610732401847839
141.802148103714,1.44470238685608,0.608702386856079
141.852148532867,1.44093060493469,0.604930604934692
141.902154922485,1.43973875045776,0.603738750457764
141.952175855637,1.44091749191284,0.604917491912842
142.002203464508,1.44069492816925,0.60469492816925
142.052186727524,1.44640493392944,0.610404933929443
142.102180480957,1.44104850292206,0.605048502922058
142.152170181274,1.43900549411774,0.603005494117737
142.202158212662,1.44812071323395,0.612120713233948
142.252158880234,1.44529175758362,0.609291757583618
142.302155017853,1.44827783107758,0.612277831077576
142.352158069611,1.43942451477051,0.603424514770508
142.40215754509,1.44411313533783,0.60811313533783
142.452159643173,1.43840289115906,0.602402891159058
142.502158403397,1.44499063491821,0.608990634918213
142.552153348923,1.44078660011292,0.604786600112915
142.602159261704,1.43439555168152,0.598395551681519
142.652156829834,1.43080711364746,0.594807113647461
142.702158927917,1.43725049495697,0.60125049495697
142.752156257629,1.43093800544739,0.594938005447388
142.802157402039,1.43760406970978,0.601604069709778
142.852161169052,1.43879592418671,0.602795924186707
142.902161359787,1.4403018951416,0.604301895141602
142.95216345787,1.42467784881592,0.588677848815918
143.00216293335,1.42830550670624,0.592305506706238
143.052166700363,1.42720544338226,0.591205443382263
143.102159738541,1.43571829795837,0.599718297958374
143.152160167694,1.43148803710938,0.595488037109375
143.202168464661,1.4284234046936,0.592423404693604
143.252161502838,1.41661047935486,0.580610479354858
143.30215883255,1.42805671691895,0.592056716918945
143.352161407471,1.42292284965515,0.586922849655151
143.402162790298,1.43151426315308,0.595514263153076
143.452162504196,1.42843651771545,0.592436517715454
143.502163410187,1.43045353889465,0.594453538894653
143.552167892456,1.42073583602905,0.584735836029053
143.602161169052,1.43118679523468,0.59518679523468
143.65216255188,1.41695094108582,0.580950941085815
143.702160358429,1.4284234046936,0.592423404693604
143.752163887024,1.42327654361725,0.587276543617249
143.802161693573,1.42854130268097,0.592541302680969
143.852162361145,1.42179656028748,0.585796560287476
143.902163982391,1.42317175865173,0.587171758651733
143.952164173126,1.42310631275177,0.58710631275177
144.002163410187,1.42607915401459,0.590079154014587
144.052161931992,1.41291725635529,0.576917256355286
144.102162599564,1.42528021335602,0.589280213356018
144.15217757225,1.41988456249237,0.583884562492371
144.202199935913,1.42537200450897,0.589372004508972
144.252201557159,1.4171736240387,0.581173624038696
144.302205562592,1.42166566848755,0.585665668487549
144.352213382721,1.41211819648743,0.576118196487427
144.402216434479,1.41551029682159,0.579510296821594
144.45219874382,1.42027735710144,0.58427735710144
144.502185583115,1.42212402820587,0.586124028205872
144.552178382874,1.41315293312073,0.577152933120728
144.602174282074,1.42440283298492,0.588402832984924
144.652173519135,1.41564130783081,0.579641307830811
144.702175378799,1.41663658618927,0.58063658618927
144.752173423767,1.40300309658051,0.567003096580505
144.802172899246,1.42177045345306,0.585770453453064
144.852183818817,1.41519594192505,0.579195941925049
144.902181863785,1.42029058933258,0.584290589332581
144.952174663544,1.41200053691864,0.57600053691864
145.002173662186,1.42123341560364,0.585233415603638
145.052179813385,1.4135981798172,0.5775981798172
145.102177858353,1.41835224628449,0.582352246284485
145.152184486389,1.40812385082245,0.572123850822449
145.202185869217,1.42340743541718,0.587407435417175
145.252187728882,1.4126945734024,0.576694573402405
145.302181482315,1.41566741466522,0.579667414665222
145.352180719376,1.40910613536835,0.573106135368347
145.402181148529,1.4145280122757,0.578528012275696
145.452180862427,1.40236139297485,0.566361392974854
145.502191305161,1.43176305294037,0.595763052940369
145.552188396454,1.39937543869019,0.563375438690186
145.602187395096,1.44009244441986,0.604092444419861
145.652189016342,1.42412781715393,0.588127817153931
145.70219039917,1.43856012821198,0.602560128211975
145.752192497253,1.4557820558548,0.619782055854797
145.802198171616,1.47351479530334,0.637514795303345
145.85218667984,1.46873450279236,0.632734502792358
145.902188301086,1.48393964767456,0.647939647674561
145.952187776566,1.47887134552002,0.64287134552002
146.00218963623,1.51889407634735,0.682894076347351
146.052187681198,1.49729800224304,0.661298002243042
146.102201938629,1.51593434810638,0.679934348106384
146.152220487595,1.52024304866791,0.684243048667908
146.202233314514,1.53766143321991,0.70166143321991
146.252235412598,1.53997957706451,0.703979577064514
146.302230596542,1.54651463031769,0.710514630317688
146.352221488953,1.54595148563385,0.70995148563385
146.402221441269,1.56441760063171,0.728417600631714
146.452208995819,1.56894898414612,0.732948984146118
146.502218723297,1.60657525062561,0.77057525062561
146.552235603333,1.58734953403473,0.751349534034729
146.602246522903,1.59770894050598,0.761708940505981
146.652234077454,1.59381926059723,0.757819260597229
146.702229976654,1.61927890777588,0.783278907775879
146.752231836319,1.61723589897156,0.781235898971558
146.802227258682,1.61961948871613,0.783619488716125
146.852204799652,1.6245698928833,0.788569892883301
146.902205467224,1.63693308830261,0.800933088302612
146.95220208168,1.63601624965668,0.800016249656677
147.00220656395,1.65652537345886,0.820525373458862
147.05220246315,1.64595639705658,0.80995639705658
147.102204322815,1.6634795665741,0.827479566574097
147.152205467224,1.65268814563751,0.816688145637512
147.202206611633,1.67297458648682,0.836974586486816
147.252207517624,1.6523345708847,0.816334570884705
147.302210569382,1.6657452583313,0.829745258331299
147.352207422256,1.65869951248169,0.82269951248169
147.402205944061,1.65824103355408,0.822241033554077
147.452205181122,1.64809131622314,0.812091316223145
147.502211332321,1.66062462329865,0.824624623298645
147.552203893662,1.64164781570435,0.805647815704346
147.602204561234,1.65229523181915,0.816295231819153
147.652203559876,1.63731276988983,0.801312769889832
147.702206850052,1.65279293060303,0.816792930603027
147.752208709717,1.64167392253876,0.805673922538757
147.802210330963,1.64809131622314,0.812091316223145
147.852208137512,1.6358984708786,0.799898470878601
147.90221452713,1.6461398601532,0.810139860153198
147.952209472656,1.62467467784882,0.788674677848816
148.002217769623,1.63296473026276,0.796964730262756
148.052220582962,1.62725460529327,0.791254605293274
148.102244853973,1.63595080375671,0.799950803756714
148.152234077454,1.6174191236496,0.781419123649597
148.202218532562,1.63580679893494,0.799806798934937
148.252218961716,1.6229590177536,0.786959017753601
148.302212715149,1.62709760665894,0.791097606658936
148.352213382721,1.62480556964874,0.788805569648743
148.402215003967,1.63266360759735,0.796663607597351
148.452213764191,1.61109364032745,0.775093640327454
148.502213716507,1.62642967700958,0.790429677009583
148.55221414566,1.61502254009247,0.779022540092468
148.60221862793,1.62515914440155,0.78915914440155
148.652214765549,1.61472129821777,0.778721298217773
148.702215433121,1.62694048881531,0.790940488815308
148.752219200134,1.6087886095047,0.7727886095047
148.802222967148,1.62284123897553,0.786841238975525
148.852219104767,1.60798966884613,0.77198966884613
148.90222120285,1.61677753925324,0.780777539253235
148.952219009399,1.60492515563965,0.768925155639648
149.002220392227,1.61677753925324,0.780777539253235
149.052218437195,1.60296070575714,0.766960705757141
149.102218151093,1.61820495128632,0.782204951286316
149.152219772339,1.60791110992432,0.771911109924316
149.202220916748,1.62356150150299,0.787561501502991
149.252222776413,1.60039377212524,0.764393772125244
149.302219390869,1.61643707752228,0.780437077522278
149.35222196579,1.5978399515152,0.761839951515198
149.402228355408,1.61442017555237,0.778420175552368
149.452219963074,1.60028898715973,0.764288987159729
149.502223968506,1.61889922618866,0.78289922618866
149.552228450775,1.5987960100174,0.762796010017395
149.602224588394,1.6107269525528,0.774726952552795
149.652222633362,1.59440875053406,0.758408750534058
149.702221155167,1.61697387695313,0.780973876953125
149.752224206924,1.59848165512085,0.76248165512085
149.802225351334,1.60905063152313,0.773050631523132
149.85222697258,1.59106910228729,0.755069102287292
149.902226448059,1.60186052322388,0.765860523223877
149.952225923538,1.59591472148895,0.759914721488953
150.002227306366,1.61248183250427,0.776481832504272
150.052226066589,1.59291565418243,0.756915654182434
150.10222363472,1.60715162754059,0.771151627540588
150.152227878571,1.58696985244751,0.75096985244751
150.202226400375,1.61106729507446,0.775067295074463
150.252226352692,1.57942628860474,0.743426288604736
150.302230358124,1.60275113582611,0.766751135826111
150.352229356766,1.57980608940125,0.743806089401245
150.402234315872,1.59933292865753,0.763332928657532
150.452229976654,1.57822132110596,0.742221321105957
150.502230405808,1.60017108917236,0.764171089172363
150.552228450775,1.58391833305359,0.747918333053589
150.602227449417,1.59795773029327,0.761957730293274
150.652228116989,1.57620453834534,0.740204538345337
150.70223236084,1.59646475315094,0.76046475315094
150.752232313156,1.57743561267853,0.741435612678528
150.802227497101,1.5930073261261,0.757007326126099
150.852235794067,1.58133840560913,0.745338405609131
150.902235269547,1.59738159179688,0.761381591796875
150.952231168747,1.58458626270294,0.748586262702942
151.0022315979,1.59803640842438,0.762036408424377
151.052233695984,1.58000254631042,0.744002546310425
151.102233171463,1.59262752532959,0.75662752532959
151.152232408524,1.57727837562561,0.74127837562561
151.202234745026,1.59491944313049,0.758919443130493
151.252235889435,1.5755627155304,0.739562715530396
151.302233934402,1.60383820533752,0.767838205337524
151.352235555649,1.5772260427475,0.741226042747498
151.402243375778,1.59328246116638,0.757282461166382
151.452243089676,1.57883679866791,0.742836798667908
151.502235412598,1.59395039081574,0.757950390815735
151.552237272263,1.57764518260956,0.741645182609558
151.602234840393,1.59144878387451,0.755448783874512
151.652236938477,1.57087421417236,0.734874214172363
151.7022356987,1.58920931816101,0.753209318161011
151.752237796783,1.57351970672607,0.737519706726074
151.802240371704,1.58854138851166,0.752541388511658
151.852240800858,1.56732499599457,0.731324995994568
151.902254104614,1.58345997333527,0.747459973335266
151.952270746231,1.56652617454529,0.730526174545288
152.002286911011,1.58676028251648,0.750760282516479
152.052273988724,1.56956446170807,0.733564461708069
152.102275848389,1.58814859390259,0.752148593902588
152.152281045914,1.56073760986328,0.724737609863281
152.202278137207,1.57455432415009,0.738554324150085
152.252273321152,1.56880497932434,0.732804979324341
152.302263975143,1.58247768878937,0.746477688789368
152.352250337601,1.56602847576141,0.730028475761414
152.402254581451,1.58220279216766,0.746202792167664
152.452248573303,1.57374238967896,0.737742389678955
152.502248048782,1.59499800205231,0.758998002052307
152.552255630493,1.59068918228149,0.754689182281494
152.6022605896,1.6214005947113,0.785400594711304
152.652258872986,1.61536312103271,0.779363121032715
152.702261209488,1.6512998342514,0.815299834251404
152.752256393433,1.64006316661835,0.804063166618347
152.802251338959,1.66785383224487,0.831853832244873
152.852250576019,1.66217005252838,0.826170052528381
152.902254343033,1.68341243267059,0.847412432670593
152.952265262604,1.65941977500916,0.823419775009155
153.002253055573,1.69626021385193,0.860260213851929
153.052255868912,1.68616282939911,0.850162829399109
153.102253675461,1.71006393432617,0.874063934326172
153.152256011963,1.71166169643402,0.875661696434021
153.202255010605,1.73283886909485,0.896838869094849
153.252254247665,1.72976112365723,0.893761123657227
153.302271127701,1.77012455463409,0.934124554634094
153.352259397507,1.74351239204407,0.907512392044067
153.402260065079,1.76341915130615,0.927419151306152
153.452258586884,1.76015818119049,0.924158181190491
153.502261161804,1.78392827510834,0.947928275108337
153.552260160446,1.76983642578125,0.93383642578125
153.602258205414,1.79754865169525,0.961548651695252
153.6522564888,1.78447830677032,0.948478306770325
153.702262639999,1.81277990341187,0.976779903411865
153.752260446548,1.79576754570007,0.959767545700073
153.802259922028,1.83806920051575,1.00206920051575
153.85226225853,1.81716728210449,0.981167282104492
153.90226817131,1.85031449794769,1.01431449794769
153.952261209488,1.83508324623108,0.999083246231079
154.002270698547,1.862677693367,1.026677693367
154.052288770676,1.84785234928131,1.01185234928131
154.102295398712,1.87196290493011,1.03596290493011
154.152293205261,1.86291337013245,1.02691337013245
154.202302694321,1.90882968902588,1.07282968902588
154.252295017242,1.88944685459137,1.05344685459137
154.302309036255,1.90683913230896,1.07083913230896
154.352293491364,1.88681447505951,1.05081447505951
154.402292728424,1.9111739397049,1.0751739397049
154.452282190323,1.88433921337128,1.04833921337128
154.502298116684,1.90520203113556,1.06920203113556
154.552314281464,1.87911379337311,1.04311379337311
154.602311372757,1.89784169197083,1.06184169197083
154.652305603027,1.87893033027649,1.04293033027649
154.702301979065,1.89386034011841,1.05786034011841
154.752302408218,1.86791610717773,1.03191610717773
154.802278757095,1.88498091697693,1.04898091697693
154.852276802063,1.86270380020142,1.02670380020142
154.902277469635,1.87759459018707,1.04159459018707
154.95227599144,1.86210131645203,1.02610131645203
155.002280473709,1.87591814994812,1.03991814994812
155.052275180817,1.85195159912109,1.01595159912109
155.10227894783,1.87800061702728,1.04200061702728
155.152276992798,1.85204315185547,1.01604315185547
155.202281475067,1.87168800830841,1.03568800830841
155.252279281616,1.85040616989136,1.01440616989136
155.302279233933,1.86058223247528,1.02458223247528
155.352281332016,1.84007298946381,1.00407298946381
155.402284383774,1.85847365856171,1.02247365856171
155.452281951904,1.8396931886673,1.0036931886673
155.502279996872,1.85932493209839,1.02332493209839
155.552279949188,1.84391033649445,1.00791033649445
155.60228228569,1.85800218582153,1.02200218582153
155.652278661728,1.83246386051178,0.99646386051178
155.702278375626,1.85559237003326,1.01959237003326
155.752281427383,1.84091126918793,1.00491126918793
155.802282333374,1.84793102741241,1.01193102741241
155.852284431458,1.83286988735199,0.99686988735199
155.902285575867,1.8545708656311,1.0185708656311
155.952290296555,1.83626186847687,1.00026186847687
156.0023188591,1.84442102909088,1.00842102909088
156.052322864532,1.82924211025238,0.99324211025238
156.102311372757,1.8387109041214,1.0027109041214
156.152291297913,1.82556211948395,0.989562119483948
156.202287435532,1.84139573574066,1.00539573574066
156.252285957336,1.82560133934021,0.98960133934021
156.302292585373,1.84062302112579,1.00462302112579
156.352291584015,1.82347977161407,0.987479771614075
156.402292490006,1.83953607082367,1.00353607082367
156.452290296555,1.81114292144775,0.975142921447754
156.502294540405,1.82858741283417,0.992587412834168
156.552292346954,1.81395864486694,0.977958644866943
156.602290391922,1.82543122768402,0.989431227684021
156.65229344368,1.81512415409088,0.979124154090881
156.702299356461,1.82899332046509,0.992993320465088
156.752290725708,1.81580531597137,0.979805315971375
156.802298784256,1.83081388473511,0.994813884735108
156.852288961411,1.81727206707001,0.981272067070007
156.902297973633,1.84080648422241,1.00480648422241
156.952292203903,1.80873310565949,0.972733105659485
157.002314805985,1.82497274875641,0.988972748756409
157.052322864532,1.81691837310791,0.98091837310791
157.102317333221,1.82530009746552,0.989300097465515
157.152314662933,1.81435143947601,0.978351439476013
157.20229434967,1.82258915901184,0.986589159011841
157.252292871475,1.81021296977997,0.974212969779968
157.302305936813,1.82725155353546,0.991251553535462
157.352301120758,1.80924391746521,0.97324391746521
157.40230679512,1.82270705699921,0.986707056999207
157.452301979065,1.81368350982666,0.97768350982666
157.50230050087,1.81745529174805,0.981455291748047
157.552294969559,1.79872739315033,0.96272739315033
157.602294921875,1.82116162776947,0.98516162776947
157.652295827866,1.80314087867737,0.967140878677368
157.702293395996,1.81496703624725,0.978967036247254
157.752294540405,1.80002391338348,0.964023913383484
157.802294015884,1.81573975086212,0.979739750862122
157.852306604385,1.80121564865112,0.965215648651123
157.902299404144,1.81002962589264,0.974029625892639
157.952295780182,1.80079650878906,0.964796508789063
158.002299547195,1.80942714214325,0.97342714214325
158.052296876907,1.7936327457428,0.957632745742798
158.102296113968,1.81221675872803,0.976216758728027
158.152294635773,1.80337655544281,0.96737655544281
158.202296972275,1.81465268135071,0.978652681350708
158.252296209335,1.80104553699493,0.965045536994934
158.302299022675,1.80807816982269,0.972078169822693
158.352300643921,1.78780484199524,0.951804841995239
158.402312517166,1.80369091033936,0.967690910339356
158.452325105667,1.788498878479,0.952498878479004
158.502336025238,1.8094140291214,0.973414029121399
158.552334547043,1.79355418682098,0.957554186820984
158.602334022522,1.80489575862885,0.968895758628845
158.65233206749,1.79601645469666,0.960016454696655
158.702331781387,1.80101919174194,0.965019191741943
158.752338647842,1.7878965139389,0.951896513938904
158.802356004715,1.80452919006348,0.968529190063477
158.852308273315,1.7814267873764,0.945426787376404
158.902310609818,1.79416978359222,0.958169783592224
158.952308177948,1.78755605220795,0.951556052207947
159.002306938171,1.80147755146027,0.965477551460266
159.052307367325,1.78796195983887,0.951961959838867
159.102313280106,1.7968807220459,0.960880722045899
159.152306318283,1.78952050209045,0.953520502090454
159.202306985855,1.79646158218384,0.960461582183838
159.252305984497,1.7953485250473,0.959348525047302
159.302309751511,1.80346822738647,0.967468227386475
159.352314949036,1.79605567455292,0.960055674552918
159.402315616608,1.81868636608124,0.982686366081238
159.452309131622,1.81966865062714,0.983668650627136
159.502314329147,1.83230674266815,0.996306742668152
159.552311897278,1.8358166217804,0.999816621780396
159.602313995361,1.8664493560791,1.0304493560791
159.65231180191,1.87466096878052,1.03866096878052
159.702315807343,1.88385462760925,1.04785462760925
159.752315044403,1.8931792974472,1.0571792974472
159.802313327789,1.907022356987,1.071022356987
159.852315664291,1.90076220035553,1.06476220035553
159.902322292328,1.92529213428497,1.08929213428497
159.952315092087,1.91697573661804,1.08097573661804
160.002313613892,1.950843334198,1.114843334198
160.052313566208,1.94382357597351,1.10782357597351
160.102321386337,1.9569855928421,1.1209855928421
160.152327299118,1.95126247406006,1.11526247406006
160.202357769012,1.97583138942719,1.13983138942719
160.252360343933,1.99542391300201,1.15942391300201
160.302364110947,1.99847531318665,1.16247531318665
160.352349281311,1.99852764606476,1.16252764606476
160.402351379395,2.01309108734131,1.17709108734131
160.452324867249,2.01484608650208,1.17884608650208
160.502363204956,2.04322624206543,1.20722624206543
160.552359580994,2.03577423095703,1.19977423095703
160.602370500565,2.04716825485229,1.2111682548523
160.652360439301,2.04961729049683,1.21361729049683
160.702355623245,2.06558203697205,1.22958203697205
160.752352714539,2.07245755195618,1.23645755195618
160.802350044251,2.08390378952026,1.24790378952026
160.852329015732,2.08791136741638,1.25191136741638
160.902333498001,2.09537649154663,1.25937649154663
160.952326059341,2.09535026550293,1.25935026550293
161.002330780029,2.10692763328552,1.27092763328552
161.052326440811,2.11766672134399,1.28166672134399
161.102331876755,2.13494110107422,1.29894110107422
161.152326822281,2.13576602935791,1.29976602935791
161.202328443527,2.14780187606812,1.31180187606812
161.252329111099,2.16270565986633,1.32670565986633
161.302328109741,2.15453338623047,1.31853338623047
161.352329730988,2.15353798866272,1.31753798866272
161.402338981628,2.15960168838501,1.32360168838501
161.452330589294,2.14930772781372,1.31330772781372
161.502328872681,2.14410853385925,1.30810853385925
161.552331209183,2.14871859550476,1.31271859550476
161.602331638336,2.14664912223816,1.31064912223816
161.652331352234,2.13702321052551,1.30102321052551
161.702330350876,2.13739013671875,1.30139013671875
161.752334117889,2.13081550598145,1.29481550598145
161.802331209183,2.12289214134216,1.28689214134216
161.852333545685,2.12712240219116,1.29112240219116
161.902336359024,2.12304925918579,1.28704925918579
161.952333450317,2.12016820907593,1.28416820907593
162.002332210541,2.12211942672729,1.2861194267273
162.052336931229,2.11985373497009,1.28385373497009
162.102388143539,2.12040400505066,1.28440400505066
162.152367830277,2.10983490943909,1.27383490943909
162.202362775803,2.10768723487854,1.27168723487854
162.25234413147,2.11128854751587,1.27528854751587
162.302337646484,2.11800718307495,1.28200718307495
162.352339267731,2.1035487651825,1.2675487651825
162.402342796326,2.10373210906982,1.26773210906982
162.452343702316,2.10399389266968,1.26799389266968
162.50235581398,2.10877418518066,1.27277418518066
162.552351474762,2.09791707992554,1.26191707992554
162.602341651917,2.10206866264343,1.26606866264343
162.652343511581,2.09252142906189,1.25652142906189
162.702346563339,2.09817910194397,1.26217910194397
162.752343654633,2.09525847434998,1.25925847434998
162.802344083786,2.09083199501038,1.25483199501038
162.852343797684,2.08914256095886,1.25314256095886
162.902351140976,2.08982348442078,1.25382348442078
162.952344894409,2.09108090400696,1.25508090400696
163.002345085144,2.07831168174744,1.24231168174744
163.052342414856,2.08027625083923,1.24427625083923
163.102348089218,2.07582330703735,1.23982330703735
163.152343511581,2.07939863204956,1.24339863204956
163.202344179153,2.07926774024963,1.24326774024963
163.252348899841,2.07853436470032,1.24253436470032
163.302350997925,2.07639956474304,1.24039956474304
163.352348804474,2.0713574886322,1.2353574886322
163.402351140976,2.06829285621643,1.23229285621643
163.452349901199,2.07646512985229,1.2404651298523
163.502348899841,2.0649402141571,1.2289402141571
163.552346944809,2.06190156936645,1.22590156936646
163.602352142334,2.07207775115967,1.23607775115967
163.652349948883,2.06960248947144,1.23360248947144
163.702350378037,2.06361746788025,1.22761746788025
163.752348899841,2.06351256370544,1.22751256370544
163.802351713181,2.05966234207153,1.22366234207153
163.852349996567,2.06567358970642,1.22967358970642
163.902356863022,2.06141710281372,1.22541710281372
163.952351570129,2.06297564506531,1.22697564506531
164.002359867096,2.05971455574036,1.22371455574036
164.052350997925,2.07021808624268,1.23421808624268
164.102353572845,2.05044221878052,1.21444221878052
164.152360200882,2.06183624267578,1.22583624267578
164.202372312546,2.05206632614136,1.21606632614136
164.252360343933,2.05270791053772,1.21670791053772
164.302353382111,2.05616545677185,1.22016545677185
164.352353811264,2.05401754379272,1.21801754379272
164.402359008789,2.05573320388794,1.21973320388794
164.452352523804,2.05764532089233,1.22164532089233
164.502351522446,2.04533457756042,1.20933457756043
164.552350997925,2.05211853981018,1.21611853981018
164.602355957031,2.05129361152649,1.21529361152649
164.652353048325,2.05541896820068,1.21941896820068
164.702355146408,2.03965091705322,1.20365091705322
164.752368688583,2.05291748046875,1.21691748046875
164.802406787872,2.05082225799561,1.21482225799561
164.852378845215,2.05544519424438,1.21944519424439
164.902363777161,2.04357981681824,1.20757981681824
164.952362298965,2.04452276229858,1.20852276229858
165.002355337143,2.04815053939819,1.21215053939819
165.052355051041,2.0562047958374,1.2202047958374
165.102354764938,2.03731966018677,1.20131966018677
165.152356624603,2.04543948173523,1.20943948173523
165.202355861664,2.03363943099976,1.19763943099976
165.252355098724,2.04166769981384,1.20566769981384
165.302357912064,2.03745055198669,1.20145055198669
165.352358102798,2.03519797325134,1.19919797325134
165.402362823486,2.03526329994202,1.19926329994202
165.452360153198,2.03776478767395,1.20176478767395
165.502361059189,2.03263115882874,1.19663115882874
165.552357435226,2.03083682060242,1.19483682060242
165.602360010147,2.02840089797974,1.19240089797974
165.652359247208,2.03176665306091,1.19576665306091
165.702363014221,2.03044390678406,1.19444390678406
165.752359390259,2.02925229072571,1.19325229072571
165.802357912064,2.01839518547058,1.18239518547058
165.852360486984,2.03509330749512,1.19909330749512
165.902361869812,2.01868319511414,1.18268319511414
165.952363729477,2.0255720615387,1.1895720615387
166.00239777565,2.01739978790283,1.18139978790283
166.052392482758,2.03230357170105,1.19630357170105
166.102412700653,2.02304434776306,1.18704434776306
166.15239906311,2.0322380065918,1.1962380065918
166.202411413193,2.02233719825745,1.18633719825745
166.252401828766,2.0269079208374,1.1909079208374
166.302417993546,2.01777958869934,1.18177958869934
166.352398872376,2.0281126499176,1.1921126499176
166.402413129807,2.01997995376587,1.18397995376587
166.452381134033,2.02396106719971,1.18796106719971
166.502401590347,2.0345823764801,1.1985823764801
166.552406072617,2.05456781387329,1.21856781387329
166.602417707443,2.04202127456665,1.20602127456665
166.652407646179,2.06549024581909,1.22949024581909
166.702391862869,2.08307886123657,1.24707886123657
166.752387523651,2.09494423866272,1.25894423866272
166.802386522293,2.09791707992554,1.26191707992554
166.852391958237,2.13099908828735,1.29499908828735
166.902394771576,2.13625049591064,1.30025049591064
166.952383995056,2.15455961227417,1.31855961227417
167.002386331558,2.16081976890564,1.32481976890564
167.052378177643,2.18312287330627,1.34712287330627
167.102387189865,2.17728185653687,1.34128185653687
167.152379274368,2.21370339393616,1.37770339393616
167.202388525009,2.2046012878418,1.3686012878418
167.252380609512,2.23024439811707,1.39424439811707
167.302388429642,2.21844434738159,1.38244434738159
167.352384090424,2.24728274345398,1.41128274345398
167.402390956879,2.24592089653015,1.40992089653015
167.452382326126,2.25193214416504,1.41593214416504
167.502384185791,2.25905656814575,1.42305656814575
167.552381515503,2.27706432342529,1.44106432342529
167.602392196655,2.27770590782166,1.44170590782166
167.65238404274,2.29342198371887,1.45742198371887
167.702395200729,2.29974746704102,1.46374746704102
167.752393245697,2.31212377548218,1.47612377548218
167.802401065826,2.31516194343567,1.47916194343567
167.852391719818,2.32435584068298,1.48835584068298
167.902392625809,2.31710052490234,1.48110052490234
167.952412366867,2.34762835502625,1.51162835502625
168.002421617508,2.3328161239624,1.4968161239624
168.052412986755,2.35781741142273,1.52181741142273
168.102410316467,2.35170125961304,1.51570125961304
168.15239238739,2.36884474754333,1.53284474754334
168.202396154404,2.35621953010559,1.52021953010559
168.252410411835,2.36282014846802,1.52682014846802
168.302426576614,2.34241604804993,1.50641604804993
168.352423191071,2.35823655128479,1.52223655128479
168.40243434906,2.33954787254333,1.50354787254334
168.45242524147,2.3564555644989,1.5204555644989
168.502435445786,2.33957409858704,1.50357409858704
168.552437067032,2.35659956932068,1.52059956932068
168.602432727814,2.33487248420715,1.49887248420715
168.652437925339,2.34916067123413,1.51316067123413
168.702454090118,2.32379269599915,1.48779269599915
168.752430200577,2.34402680397034,1.50802680397034
168.802438259125,2.32569169998169,1.48969169998169
168.852425098419,2.32571792602539,1.48971792602539
168.902413606644,2.3284158706665,1.4924158706665
168.952418088913,2.33324837684631,1.49724837684631
169.002415657043,2.30753993988037,1.47153993988037
169.052416324615,2.32495832443237,1.48895832443237
169.102418899536,2.31074857711792,1.47474857711792
169.152414560318,2.3240807056427,1.4880807056427
169.202411651611,2.30773639678955,1.47173639678955
169.252415180206,2.31940531730652,1.48340531730652
169.30241394043,2.30093932151794,1.46493932151794
169.35241651535,2.31605267524719,1.48005267524719
169.40241932869,2.2948100566864,1.4588100566864
169.452418088913,2.30887579917908,1.47287579917908
169.502416849136,2.28848457336426,1.45248457336426
169.55241394043,2.30621719360352,1.47021719360352
169.602417707443,2.28126835823059,1.44526835823059
169.652415513992,2.3054313659668,1.4694313659668
169.702417135239,2.29435181617737,1.45835181617737
169.752413988113,2.30530047416687,1.46930047416687
169.802413225174,2.27931690216064,1.44331690216064
169.852416753769,2.29287171363831,1.45687171363831
169.902416706085,2.27927756309509,1.44327756309509
169.952414751053,2.30003571510315,1.46403571510315
170.002418518066,2.27093529701233,1.43493529701233
170.052424430847,2.29279327392578,1.45679327392578
170.102447509766,2.27093529701233,1.43493529701233
170.152449607849,2.29086804389954,1.45486804389954
170.202446937561,2.27297830581665,1.43697830581665
170.252442836761,2.28691291809082,1.45091291809082
170.302431106567,2.26517271995544,1.42917271995544
170.352421283722,2.27951335906982,1.44351335906982
170.402428388596,2.25998640060425,1.42398640060425
170.452425479889,2.28118991851807,1.44518991851807
170.502427816391,2.265460729599,1.429460729599
170.552427768707,2.29016089439392,1.45416089439392
170.602428674698,2.26432156562805,1.42832156562805
170.652425527573,2.2783215045929,1.4423215045929
170.702428817749,2.25981616973877,1.42381616973877
170.752426624298,2.27864909172058,1.44264909172058
170.802429437637,2.25766849517822,1.42166849517822
170.852425575256,2.27191734313965,1.43591734313965
170.902428627014,2.2478723526001,1.4118723526001
170.952430725098,2.266521692276,1.430521692276
171.002426862717,2.24125838279724,1.40525838279724
171.052428007126,2.27075171470642,1.43475171470642
171.102427721024,2.2449254989624,1.4089254989624
171.152428388596,2.26602387428284,1.43002387428284
171.202433109283,2.24445390701294,1.40845390701294
171.252428293228,2.27367234230041,1.43767234230042
171.302429437637,2.23786640167236,1.40186640167236
171.352429389954,2.27263760566711,1.43663760566711
171.40242934227,2.23262786865234,1.39662786865234
171.452426195145,2.25101542472839,1.41501542472839
171.502430200577,2.23511624336243,1.39911624336243
171.552429199219,2.26180696487427,1.42580696487427
171.602427721024,2.23670101165771,1.40070101165772
171.652427911758,2.25738024711609,1.42138024711609
171.702434778214,2.23030996322632,1.39430996322632
171.752431154251,2.2513165473938,1.4153165473938
171.802434444427,2.23142313957214,1.39542313957214
171.852432727814,2.25364780426025,1.41764780426025
171.90243768692,2.22805738449097,1.39205738449097
171.952430248261,2.24605178833008,1.41005178833008
172.002430438995,2.22416734695435,1.38816734695435
172.052429914475,2.25498366355896,1.41898366355896
172.102432966232,2.22770357131958,1.39170357131958
172.152433156967,2.24000120162964,1.40400120162964
172.202431440353,2.22593545913696,1.38993545913696
172.252435445786,2.24078702926636,1.40478702926636
172.302433252335,2.22022533416748,1.38422533416748
172.35243678093,2.25194525718689,1.41594525718689
172.402472496033,2.22877740859985,1.39277740859985
172.452472448349,2.23642587661743,1.40042587661743
172.502484560013,2.22272706031799,1.38672706031799
172.552476644516,2.25029492378235,1.41429492378235
172.602486610413,2.22186255455017,1.38586255455017
172.652482271194,2.23981785774231,1.40381785774231
172.702482223511,2.21624422073364,1.38024422073364
172.752478837967,2.24114060401916,1.40514060401917
172.802476406097,2.2155237197876,1.3795237197876
172.85248208046,2.24162530899048,1.40562530899048
172.902452468872,2.20860886573791,1.37260886573792
172.952449560165,2.23349213600159,1.39749213600159
173.00245141983,2.21306157112122,1.37706157112122
173.052449941635,2.23548293113708,1.39948293113709
173.102449178696,2.21113657951355,1.37513657951355
173.1524477005,2.23564004898071,1.39964004898071
173.202453374863,2.21950507164001,1.38350507164001
173.252450704575,2.23089909553528,1.39489909553528
173.302450895309,2.20648717880249,1.37048717880249
173.352454185486,2.23319101333618,1.39719101333618
173.402456521988,2.21845746040344,1.38245746040344
173.452455043793,2.24764966964722,1.41164966964722
173.502454280853,2.22454738616943,1.38854738616943
173.552452802658,2.25614929199219,1.42014929199219
173.602453231812,2.25387048721313,1.41787048721313
173.652454137802,2.28735828399658,1.45135828399658
173.702452421188,2.29445648193359,1.45845648193359
173.752466201782,2.32006025314331,1.48406025314331
173.802460432053,2.31546330451965,1.47946330451965
173.852461576462,2.38416767120361,1.54816767120361
173.902455329895,2.33932518959045,1.50332518959045
173.952456712723,2.37548470497131,1.53948470497131
174.002456188202,2.36094760894775,1.52494760894775
174.052456140518,2.40615653991699,1.57015653991699
174.102454900742,2.39918923377991,1.56318923377991
174.152457237244,2.41684341430664,1.58084341430664
174.202455282211,2.40577697753906,1.56977697753906
174.252464532852,2.45664358139038,1.62064358139038
174.302503108978,2.42550015449524,1.58950015449524
174.352503299713,2.47124624252319,1.63524624252319
174.402471780777,2.4680507183075,1.6320507183075
174.452465295792,2.53244638442993,1.69644638442993
174.502516508102,2.51971650123596,1.68371650123596
174.552503347397,2.56252908706665,1.72652908706665
174.60250043869,2.57359552383423,1.73759552383423
174.652501821518,2.60438537597656,1.76838537597656
174.702500581741,2.59544062614441,1.75944062614441
174.752495765686,2.63069629669189,1.79469629669189
174.802495002747,2.61575317382812,1.77975317382813
174.852495670319,2.65087819099426,1.81487819099426
174.902475357056,2.65003991127014,1.81403991127014
174.952472448349,2.67916679382324,1.84316679382324
175.002468347549,2.64848136901855,1.81248136901855
175.05246758461,2.69003653526306,1.85403653526306
175.102476119995,2.66789031028748,1.83189031028748
175.152474880219,2.70590972900391,1.86990972900391
175.20247387886,2.68593740463257,1.84993740463257
175.252472400665,2.71607232093811,1.88007232093811
175.302469968796,2.69746255874634,1.86146255874634
175.352477073669,2.72635340690613,1.89035340690613
175.402472257614,2.69769811630249,1.86169811630249
175.452473402023,2.72226691246033,1.88626691246033
175.502473592758,2.69378232955933,1.85778232955933
175.552474021912,2.71203875541687,1.87603875541687
175.602475166321,2.6798083782196,1.8438083782196
175.652472257614,2.69218468666077,1.85618468666077
175.702470302582,2.66700005531311,1.83100005531311
175.75247335434,2.68949961662292,1.85349961662293
175.802469730377,2.65805506706238,1.82205506706238
175.85248208046,2.67247414588928,1.83647414588928
175.902476549149,2.64448690414429,1.80848690414429
175.95247220993,2.67800092697144,1.84200092697144
176.00247502327,2.64586210250854,1.80986210250855
176.052471876144,2.66662001609802,1.83062001609802
176.102470397949,2.63763737678528,1.80163737678528
176.152476549149,2.66237664222717,1.82637664222717
176.202507257462,2.63179636001587,1.79579636001587
176.252514362335,2.6546106338501,1.8186106338501
176.302505493164,2.61825442314148,1.78225442314148
176.35250711441,2.64050579071045,1.80450579071045
176.402482271194,2.62313961982727,1.78713961982727
176.452480792999,2.63775539398193,1.80175539398193
176.502477884293,2.61549139022827,1.77949139022827
176.552478313446,2.63322401046753,1.79722401046753
176.602489709854,2.60638904571533,1.77038904571533
176.652501106262,2.62302184104919,1.78702184104919
176.702497005463,2.61072397232056,1.77472397232056
176.752485513687,2.62493371963501,1.78893371963501
176.802484750748,2.59417009353638,1.75817009353638
176.852489233017,2.61056709289551,1.77456709289551
176.902486801147,2.58938980102539,1.75338980102539
176.952483892441,2.60788226127625,1.77188226127625
177.002484321594,2.5809166431427,1.7449166431427
177.052483797073,2.60134696960449,1.76534696960449
177.102483034134,2.57807445526123,1.74207445526123
177.152489900589,2.60128164291382,1.76528164291382
177.202485561371,2.58322143554687,1.74722143554688
177.252485990524,2.59153771400452,1.75553771400452
177.302484273911,2.5680558681488,1.7320558681488
177.352489948273,2.59300470352173,1.75700470352173
177.402496337891,2.57312417030334,1.73712417030334
177.452493906021,2.59512615203857,1.75912615203857
177.502507209778,2.56833076477051,1.73233076477051
177.552491664886,2.58454418182373,1.74854418182373
177.602492570877,2.56606507301331,1.73006507301331
177.652488708496,2.57483959197998,1.73883959197998
177.702493906021,2.55460548400879,1.71860548400879
177.752492666245,2.57546830177307,1.73946830177307
177.802489042282,2.55222201347351,1.71622201347351
177.852501630783,2.59047698974609,1.75447698974609
177.902502536774,2.56580328941345,1.72980328941345
177.952493429184,2.57457780838013,1.73857780838013
178.00249671936,2.5573558807373,1.7213558807373
178.052492856979,2.57906985282898,1.74306985282898
178.10249710083,2.55524730682373,1.71924730682373
178.152495145798,2.57364797592163,1.73764797592163
178.202496051788,2.54863357543945,1.71263357543945
178.252497911453,2.5647292137146,1.7287292137146
178.302495241165,2.55156707763672,1.71556707763672
178.352507591248,2.56309223175049,1.72709223175049
178.402505874634,2.54516291618347,1.70916291618347
178.452503919601,2.56207060813904,1.72607060813904
178.502501964569,2.53989815711975,1.70389815711975
178.552504301071,2.56406140327454,1.72806140327454
178.602501630783,2.53987216949463,1.70387216949463
178.652509450912,2.55742144584656,1.72142144584656
178.702508687973,2.53907299041748,1.70307299041748
178.752505302429,2.55393767356873,1.71793767356873
178.802505016327,2.5406448841095,1.7046448841095
178.852503538132,2.54915761947632,1.71315761947632
178.902505159378,2.53257727622986,1.69657727622986
178.952502727509,2.55000877380371,1.71400877380371
179.002506017685,2.53168654441833,1.69568654441834
179.052502393723,2.55075526237488,1.71475526237488
179.10250377655,2.53418827056885,1.69818827056885
179.152503490448,2.5450713634491,1.7090713634491
179.202508449554,2.53039026260376,1.69439026260376
179.252502918243,2.54669547080994,1.71069547080994
179.302505970001,2.52547907829285,1.68947907829285
179.352510213852,2.54212474822998,1.70612474822998
179.402518510818,2.5213143825531,1.6853143825531
179.452508449554,2.54353904724121,1.70753904724121
179.502506971359,2.52217864990234,1.68617864990234
179.552506923676,2.54393196105957,1.70793196105957
179.602511405945,2.5222179889679,1.6862179889679
179.652508020401,2.5353536605835,1.6993536605835
179.702508449554,2.51944136619568,1.68344136619568
179.752511262894,2.54254388809204,1.70654388809204
179.802510976791,2.51959848403931,1.68359848403931
179.852511405945,2.53844451904297,1.70244451904297
179.90251994133,2.52181196212769,1.68581196212769
179.952523231506,2.53475141525269,1.69875141525269
180.002553462982,2.51644229888916,1.68044229888916
180.052551269531,2.53019380569458,1.69419380569458
180.102554321289,2.51759505271912,1.68159505271912
180.152554512024,2.52414321899414,1.68814321899414
180.202564001083,2.50693440437317,1.67093440437317
180.252555608749,2.52343606948853,1.68743606948853
180.302548885345,2.5213143825531,1.6853143825531
180.352576494217,2.54158759117126,1.70558759117126
180.402544260025,2.54631543159485,1.71031543159485
180.452526807785,2.57455158233643,1.73855158233643
180.502529382706,2.57899117469788,1.74299117469788
180.552526712418,2.6067168712616,1.7707168712616
180.602546691895,2.59922552108765,1.76322552108765
180.65252828598,2.63796496391296,1.80196496391296
180.702528238297,2.64299416542053,1.80699416542053
180.752528905869,2.66426277160645,1.82826277160645
180.802529573441,2.66453790664673,1.82853790664673
180.852533102036,2.69337606430054,1.85737606430054
180.902528524399,2.69202733039856,1.85602733039856
180.952529430389,2.72440195083618,1.88840195083618
181.002527236938,2.72520089149475,1.88920089149475
181.052528142929,2.74869608879089,1.91269608879089
181.102530956268,2.75496912002563,1.91896912002563
181.152528047562,2.77780938148499,1.94180938148499
181.202527523041,2.76987290382385,1.93387290382385
181.252532243729,2.81839537620544,1.98239537620544
181.302532434464,2.80087232589722,1.96487232589722
181.352533578873,2.81961345672607,1.98361345672607
181.402545213699,2.84004426002502,2.00404426002502
181.452550888062,2.84872698783875,2.01272698783875
181.502551078796,2.85167384147644,2.01567384147644
181.552540540695,2.86700987815857,2.03100987815857
181.602540254593,2.87249732017517,2.03649732017517
181.652535676956,2.89946293830872,2.06346293830872
181.702537536621,2.90815901756287,2.07215901756287
181.752536296844,2.9347186088562,2.0987186088562
181.802535533905,2.91980171203613,2.08380171203613
181.852538347244,2.94177794456482,2.10577794456482
181.902541637421,2.93888354301453,2.10288354301453
181.952537298203,2.95649814605713,2.12049814605713
182.002541542053,2.957270860672,2.121270860672
182.052537918091,2.98751091957092,2.15151091957092
182.102541208267,2.98144698143005,2.14544698143005
182.152546405792,3.00445771217346,2.16845771217346
182.202562093735,2.99637722969055,2.16037722969055
182.252572059631,3.00947380065918,2.17347380065918
182.302580833435,3.01441097259521,2.17841097259521
182.352570056915,3.01358604431152,2.17758604431152
182.402572154999,3.01210618019104,2.17610618019104
182.45255613327,3.01225018501282,2.17625018501282
182.502571582794,2.99831557273865,2.16231557273865
182.552583456039,2.99708437919617,2.16108437919617
182.602587461472,2.98766803741455,2.15166803741455
182.652579784393,2.98845362663269,2.15245362663269
182.70259308815,2.97941732406616,2.14341732406616
182.752584934235,2.98372602462769,2.14772602462769
182.802585124969,2.9699878692627,2.1339878692627
182.852575302124,2.97310471534729,2.13710471534729
182.902566432953,2.96324300765991,2.12724300765991
182.952553510666,2.96615028381348,2.13015028381348
183.002552032471,2.95454692840576,2.11854692840576
183.05255150795,2.96377992630005,2.12777992630005
183.102550983429,2.94388651847839,2.10788651847839
183.152553319931,2.96215605735779,2.12615605735779
183.202553749084,2.94958353042603,2.11358353042603
183.252552509308,2.95142984390259,2.11542984390259
183.302550077438,2.94746160507202,2.11146160507202
183.352553606033,2.94371604919434,2.10771604919434
183.402551174164,2.9397349357605,2.1037349357605
183.452553272247,2.94832611083984,2.11232611083984
183.502559185028,2.93737745285034,2.10137745285034
183.552552938461,2.94162058830261,2.10562058830261
183.602551698685,2.93310785293579,2.09710785293579
183.652554035187,2.9313006401062,2.0953006401062
183.702555418015,2.92024707794189,2.08424707794189
183.752554893494,2.92686080932617,2.09086080932617
183.802552461624,2.91672420501709,2.08072420501709
183.852553367615,2.92033886909485,2.08433886909485
183.902558088303,2.91231060028076,2.07631060028076
183.95255446434,2.91637063026428,2.08037063026428
184.002553224564,2.90874838829041,2.07274838829041
184.052552700043,2.91887211799622,2.08287211799622
184.102564573288,2.90733408927917,2.07133408927917
184.152590036392,2.91701221466064,2.08101221466064
184.202598810196,2.91208791732788,2.07608791732788
184.252581357956,2.90543508529663,2.06943508529663
184.302582502365,2.90479326248169,2.06879326248169
184.352583169937,2.9039158821106,2.0679158821106
184.402567625046,2.89677810668945,2.06077810668945
184.452567338944,2.90237045288086,2.06637045288086
184.502572059631,2.89444708824158,2.05844708824158
184.552564382553,2.89197158813477,2.05597158813477
184.60257601738,2.88885498046875,2.05285498046875
184.652567148209,2.88736176490784,2.05136176490784
184.702562808991,2.89436817169189,2.05836817169189
184.75257396698,2.88645815849304,2.05045815849304
184.802567243576,2.88327550888062,2.04727550888062
184.852571725845,2.88526630401611,2.04926630401611
184.902576208115,2.87845611572266,2.04245611572266
184.952574253082,2.88099670410156,2.04499670410156
185.002581357956,2.88009333610535,2.04409333610535
185.052575111389,2.88846206665039,2.05246206665039
185.102577447891,2.88331484794617,2.04731484794617
185.152572631836,2.87731671333313,2.04131671333313
185.202581644058,2.87624263763428,2.04024263763428
185.25257730484,2.8748939037323,2.0388939037323
185.302575349808,2.87323069572449,2.03723069572449
185.352582931519,2.86703610420227,2.03103610420227
185.402586221695,2.8703625202179,2.0343625202179
185.452581167221,2.8686466217041,2.0326466217041
185.502581357956,2.86478352546692,2.02878352546692
185.552580595016,2.85962343215942,2.02362343215942
185.602583885193,2.85869359970093,2.02269359970093
185.652585744858,2.85498714447021,2.01898714447021
185.702585458755,2.85540628433228,2.01940628433228
185.752588033676,2.85805177688599,2.02205177688599
185.802589178085,2.85534071922302,2.01934071922302
185.852587461472,2.85913872718811,2.02313872718811
185.902590036392,2.85726594924927,2.02126594924927
185.952587842941,2.85539317131042,2.01939317131042
186.002585887909,2.8500497341156,2.0140497341156
186.052581071854,2.85697793960571,2.02097793960571
186.1025826931,2.85781621932983,2.02181621932983
186.152583837509,2.85205364227295,2.01605364227295
186.20258307457,2.85320615768433,2.01720615768433
186.252582550049,2.84248018264771,2.00648018264771
186.302582502365,2.85970187187195,2.02370187187195
186.352585792542,2.84630441665649,2.01030441665649
186.402587652206,2.84529590606689,2.00929590606689
186.452621936798,2.84770536422729,2.01170536422729
186.502630472183,2.85114979743958,2.01514979743958
186.552625894547,2.84403848648071,2.00803848648071
186.602635145187,2.84496855735779,2.00896855735779
186.652629375458,2.83912754058838,2.00312754058838
186.70264172554,2.83772611618042,2.00172611618042
186.752623319626,2.83531618118286,1.99931618118286
186.802623271942,2.84058117866516,2.00458117866516
186.852600336075,2.83729362487793,2.00129362487793
186.902593851089,2.84017491340637,2.00417491340637
186.952598571777,2.83468747138977,1.99868747138977
187.002599954605,2.83814525604248,2.00214525604248
187.052592515945,2.83438634872437,1.99838634872437
187.102596521378,2.84283375740051,2.00683375740051
187.15259552002,2.82884645462036,1.99284645462036
187.202595949173,2.83306360244751,1.99706360244751
187.252599954605,2.82352924346924,1.98752924346924
187.302595615387,2.83294582366943,1.99694582366943
187.35259771347,2.82897758483887,1.99297758483887
187.402599334717,2.83316826820374,1.99716826820374
187.452605485916,2.83246111869812,1.99646111869812
187.502601385117,2.84965705871582,2.01365705871582
187.552610874176,2.8480589389801,2.0120589389801
187.602609872818,2.85984587669373,2.02384587669373
187.652602672577,2.8694326877594,2.0334326877594
187.702602148056,2.89601850509644,2.06001850509644
187.752601623535,2.91231060028076,2.07631060028076
187.802599430084,2.93640804290771,2.10040804290771
187.852602958679,2.93876552581787,2.10276552581787
187.902604341507,2.97982311248779,2.14382311248779
187.952602148056,2.96692299842834,2.13092299842834
188.002617835999,2.99813199043274,2.16213199043274
188.052604675293,3.00350165367126,2.16750165367126
188.102602720261,3.02736353874207,2.19136353874207
188.152604103088,3.03586316108704,2.19986316108704
188.202611207962,3.05727577209473,2.22127577209473
188.252603292465,3.06098246574402,2.22498246574402
188.30260181427,3.08261752128601,2.24661752128601
188.352606296539,3.09220433235168,2.25620433235168
188.402617692947,3.12040114402771,2.28440114402771
188.452639579773,3.1207287311554,2.2847287311554
188.502654790878,3.15005159378052,2.31405159378052
188.552645206451,3.15504145622253,2.31904145622253
188.602656841278,3.17992472648621,2.34392472648621
188.652647256851,3.18597531318665,2.34997531318665
188.702661514282,3.2067334651947,2.3707334651947
188.752649784088,3.19668817520142,2.36068817520142
188.802659273148,3.22467565536499,2.38867565536499
188.852647304535,3.22713780403137,2.39113780403137
188.902653455734,3.24604892730713,2.41004892730713
188.952659368515,3.25515127182007,2.41915127182007
189.002626419067,3.27042174339294,2.43442174339294
189.052623271942,3.28223466873169,2.44623466873169
189.10261964798,3.28968667984009,2.45368667984009
189.152621269226,3.29161190986633,2.45561190986633
189.202620506287,3.30060935020447,2.46460935020447
189.252621650696,3.29141521453857,2.45541521453857
189.302621126175,3.30036044120789,2.46436044120789
189.352623939514,3.28040099143982,2.44440099143982
189.402623176575,3.2781355381012,2.4421355381012
189.452626228333,3.28061056137085,2.44461056137085
189.502634286881,3.28295516967773,2.44695516967773
189.552624940872,3.26752710342407,2.43152710342407
189.602623462677,3.28012633323669,2.44412633323669
189.652626514435,3.25702404975891,2.42102404975891
189.702623844147,3.27412796020508,2.43812796020508
189.752625465393,3.24638962745666,2.41038962745667
189.802624464035,3.25963020324707,2.42363020324707
189.852627754211,3.23737931251526,2.40137931251526
189.902627706528,3.2508556842804,2.4148556842804
189.952627182007,3.23995923995972,2.40395923995972
190.002623558044,3.24654674530029,2.41054674530029
190.052625417709,3.23656725883484,2.40056725883484
190.102625131607,3.23646259307861,2.40046259307861
190.152624845505,3.22708535194397,2.39108535194397
190.202624797821,3.23232388496399,2.39632388496399
190.252636194229,3.21421146392822,2.37821146392822
190.302667617798,3.22991442680359,2.39391442680359
190.352663755417,3.21062302589416,2.37462302589417
190.402660369873,3.2251341342926,2.3891341342926
190.452653169632,3.19946479797363,2.36346479797363
190.502631425858,3.22047162055969,2.38447162055969
190.552632570267,3.19844317436218,2.36244317436218
190.602629899979,3.2132031917572,2.3772031917572
190.652645349503,3.20700860023499,2.37100860023499
190.70263171196,3.21620225906372,2.38020225906372
190.752631902695,3.19375467300415,2.35775467300415
190.802631855011,3.2067334651947,2.3707334651947
190.852634429932,3.18858170509338,2.35258170509338
190.902633190155,3.20256853103638,2.36656853103638
190.952634572983,3.18752074241638,2.35152074241638
191.002634763718,3.19207835197449,2.35607835197449
191.05263376236,3.17919135093689,2.34319135093689
191.102632761002,3.19317865371704,2.35717865371704
191.152630805969,3.17331099510193,2.33731099510193
191.202633857727,3.18233442306519,2.34633442306519
191.252633094788,3.16561031341553,2.32961031341553
191.302633047104,3.18617177009583,2.35017177009583
191.352635860443,3.1667103767395,2.3307103767395
191.402640104294,3.18008184432983,2.34408184432983
191.452638626099,3.15688800811768,2.32088800811768
191.502650022507,3.17746257781982,2.34146257781982
191.552640676498,3.16316103935242,2.32716103935242
191.602639198303,3.17689943313599,2.34089943313599
191.652638196945,3.158931016922,2.322931016922
191.702637910843,3.1720929145813,2.3360929145813
191.752645969391,3.15415072441101,2.31815072441101
191.802646398544,3.17507910728455,2.33907910728455
191.85264134407,3.15295886993408,2.31695886993408
191.902646780014,3.15374493598938,2.31774493598938
191.95264339447,3.15183258056641,2.31583258056641
192.002644538879,3.16490316390991,2.32890316390991
192.052644491196,3.14688229560852,2.31088229560852
192.102644681931,3.1559841632843,2.3199841632843
192.15264582634,3.14148640632629,2.30548640632629
192.202642679214,3.15121722221375,2.31521722221375
192.252645730972,3.14244270324707,2.30644270324707
192.302643060684,3.14952778816223,2.31352778816223
192.352646350861,3.13026261329651,2.29426261329651
192.402646541595,3.1492919921875,2.3132919921875
192.452646970749,3.13366770744324,2.29766770744324
192.502649068832,3.14214134216309,2.30614134216309
192.552645921707,3.12471008300781,2.28871008300781
192.602645397186,3.14972424507141,2.31372424507141
192.65264582634,3.12725067138672,2.29125067138672
192.702649831772,3.14046478271484,2.30446478271484
192.752649068832,3.12308597564697,2.28708597564697
192.802646160126,3.13378596305847,2.29778596305847
192.852648973465,3.12099051475525,2.28499051475525
192.9026491642,3.13668012619019,2.30068012619019
192.952650547028,3.1220383644104,2.2860383644104
193.002648830414,3.13328790664673,2.29728790664673
193.052648067474,3.11687803268433,2.28087803268433
193.102649450302,3.13195204734802,2.29595204734802
193.152648210526,3.11332893371582,2.27732893371582
193.202647686005,3.1318736076355,2.2958736076355
193.25265288353,3.11941885948181,2.28341885948181
193.30265045166,3.13036751747131,2.29436751747131
193.352652072906,3.11689114570618,2.28089114570618
193.402652025223,3.12433004379272,2.28833004379272
193.452660560608,3.10704278945923,2.27104278945923
193.502660751343,3.12220859527588,2.28620859527588
193.552652359009,3.10499978065491,2.26899978065491
193.602650642395,3.12894010543823,2.29294010543823
193.652653932571,3.10746169090271,2.27146169090271
193.702651262283,3.1167733669281,2.2807733669281
193.752654075623,3.10236740112305,2.26636740112305
193.802652835846,3.11645913124084,2.28045913124084
193.852655887604,3.09956455230713,2.26356455230713
193.902654886246,3.11605310440063,2.28005310440063
193.952655076981,3.10105752944946,2.26505752944946
194.002657413483,3.10785484313965,2.27185484313965
194.05267739296,3.09080290794373,2.25480290794373
194.102704763412,3.10303521156311,2.26703521156311
194.152697563171,3.09980034828186,2.26380034828186
194.202707290649,3.10628318786621,2.27028318786621
194.252701044083,3.08594417572021,2.24994417572021
194.302711963654,3.10581183433533,2.26981183433533
194.352704048157,3.09813690185547,2.26213690185547
194.402701616287,3.11796522140503,2.28196522140503
194.452699661255,3.11292314529419,2.27692314529419
194.50266957283,3.13808155059814,2.30208155059814
194.552669525146,3.14517951011658,2.30917951011658
194.60267162323,3.1706657409668,2.3346657409668
194.652672767639,3.1732325553894,2.3372325553894
194.702675104141,3.20757174491882,2.37157174491882
194.752688169479,3.22045850753784,2.38445850753784
194.80268907547,3.23885917663574,2.40285917663574
194.852673768997,3.23493003845215,2.39893003845215
194.902674198151,3.26815581321716,2.43215581321716
194.95267534256,3.27975940704346,2.44375940704346
195.002674818039,3.30410599708557,2.46810599708557
195.052673578262,3.29505634307861,2.45905634307861
195.102675676346,3.32991933822632,2.49391933822632
195.152675390244,3.33036422729492,2.49436422729492
195.202673435211,3.36256861686707,2.52656861686707
195.252673625946,3.35657048225403,2.52057048225403
195.302674770355,3.38864398002625,2.55264398002625
195.352675676346,3.37646389007568,2.54046389007568
195.402674436569,3.4192636013031,2.5832636013031
195.452677249908,3.41585850715637,2.57985850715637
195.502688169479,3.44380640983582,2.60780640983582
195.552701473236,3.43909168243408,2.60309168243408
195.602701187134,3.47543454170227,2.63943454170227
195.652678966522,3.47608947753906,2.64008947753906
195.702685594559,3.49735808372498,2.66135808372498
195.752679109573,3.49128103256226,2.65528103256226
195.802680492401,3.52364277839661,2.68764277839661
195.852684259415,3.51663613319397,2.68063613319397
195.902689933777,3.54878807067871,2.71278807067871
195.95268368721,3.53300666809082,2.69700666809082
196.002682447433,3.55844020843506,2.72244020843506
196.052682876587,3.5570912361145,2.7210912361145
196.102686882019,3.56621932983398,2.73021932983398
196.152689695358,3.55436706542969,2.71836706542969
196.202724933624,3.58751440048218,2.75151440048218
196.252720117569,3.57279396057129,2.73679396057129
196.30272603035,3.60575795173645,2.76975795173645
196.352713823319,3.59518885612488,2.75918885612488
196.402714490891,3.59769058227539,2.76169058227539
196.452707052231,3.58896827697754,2.75296827697754
196.502733469009,3.58710837364197,2.75110837364197
196.552730798721,3.58146381378174,2.74546381378174
196.602741003037,3.58317947387695,2.74717947387695
196.652734041214,3.57134032249451,2.73534032249451
196.702743530273,3.57977437973022,2.74377437973022
196.752737998962,3.55523157119751,2.71923157119751
196.802745103836,3.5734748840332,2.7374748840332
196.852733850479,3.55342435836792,2.71742435836792
196.902729034424,3.55972385406494,2.72372385406494
196.952731847763,3.54446625709534,2.70846625709534
197.002701282501,3.56344294548035,2.72744294548035
197.052700996399,3.54053711891174,2.70453711891174
197.102700710297,3.54842114448547,2.71242114448547
197.152700424194,3.53540325164795,2.69940325164795
197.202710390091,3.53869080543518,2.70269080543518
197.252706289291,3.5146849155426,2.6786849155426
197.302702665329,3.52839660644531,2.69239660644531
197.352702856064,3.51833844184875,2.68233844184875
197.402709960938,3.52493929862976,2.68893929862976
197.452706098557,3.51959586143494,2.68359586143494
197.502704620361,3.51843023300171,2.68243023300171
197.552702188492,3.5016143321991,2.6656143321991
197.602706670761,3.5151035785675,2.6791035785675
197.652703285217,3.49320650100708,2.65720650100708
197.702703952789,3.51300835609436,2.67700835609436
197.752705335617,3.49586510658264,2.65986510658264
197.802703380585,3.5019679069519,2.6659679069519
197.852707147598,3.48980116844177,2.65380116844177
197.902704000473,3.50202059745789,2.66602059745789
197.952706098557,3.47792291641235,2.64192291641235
198.002707242966,3.49206709861755,2.65606709861755
198.052703857422,3.47184610366821,2.63584610366821
198.102703332901,3.47823715209961,2.64223715209961
198.152705669403,3.47646903991699,2.64046903991699
198.20272064209,3.47815847396851,2.64215847396851
198.252729654312,3.46625375747681,2.63025375747681
198.302732229233,3.47244834899902,2.63644834899902
198.352710962296,3.469069480896,2.633069480896
198.402709722519,3.46648955345154,2.63048955345154
198.452714204788,3.46480011940002,2.62880011940002
198.502717256546,3.47411155700684,2.63811155700684
198.552715063095,3.45415258407593,2.61815258407593
198.602712154388,3.46444654464722,2.62844654464722
198.652714967728,3.45687675476074,2.62087675476074
198.702722072601,3.46037340164185,2.62437340164185
198.752716064453,3.45453238487244,2.61853238487244
198.802717924118,3.46007204055786,2.62407204055786
198.852718114853,3.44865202903748,2.61265202903748
198.902719974518,3.46025562286377,2.62425562286377
198.952719211578,3.4463210105896,2.6103210105896
199.002727746964,3.45128464698791,2.61528464698792
199.052773237228,3.44167184829712,2.60567184829712
199.102767944336,3.4441339969635,2.6081339969635
199.152748346329,3.43962836265564,2.60362836265564
199.202732086182,3.44425177574158,2.60825177574158
199.252726316452,3.43559503555298,2.59959503555298
199.302731513977,3.42919063568115,2.59319063568115
199.352732181549,3.43678665161133,2.60078665161133
199.402729034424,3.43699622154236,2.60099622154236
199.452759504318,3.43026447296143,2.59426447296143
199.502754211426,3.42403054237366,2.58803054237366
199.552754402161,3.42565441131592,2.58965441131592
199.602756261826,3.42676782608032,2.59076782608032
199.652746200562,3.42213153839111,2.58613153839111
199.702727794647,3.41955161094666,2.58355161094666
199.752728223801,3.41310834884644,2.57710834884644
199.802728414536,3.41464042663574,2.57864042663574
199.852730989456,3.41720724105835,2.58120724105835
199.902729988098,3.41490244865417,2.57890244865417
199.952737569809,3.41354036331177,2.57754036331177
200.002735137939,3.41182470321655,2.57582470321655
200.052731990814,3.40481805801392,2.56881805801392
200.102730512619,3.41242694854736,2.57642694854736
200.152729988098,3.40273571014404,2.56673571014404
200.202734947205,3.40649437904358,2.57049437904358
200.252731561661,3.4108555316925,2.5748555316925
200.302731513977,3.4040060043335,2.5680060043335
200.352732419968,3.40252614021301,2.56652614021301
200.402737140655,3.41068530082703,2.57468530082703
200.452732801437,3.39458990097046,2.55858990097046
200.502732038498,3.40606236457825,2.57006236457825
200.552731990814,3.40358686447144,2.56758686447144
200.602734088898,3.40447783470154,2.56847783470154
200.652739286423,3.39787697792053,2.56187697792053
200.702769041061,3.39918661117554,2.56318661117554
200.752770185471,3.39718270301819,2.56118270301819
200.8027780056,3.38910245895386,2.55310245895386
200.85276722908,3.397536277771,2.561536277771
200.902770280838,3.39079189300537,2.55479189300537
200.952760457993,3.39587306976318,2.55987306976318
201.002740621567,3.39208817481995,2.55608817481995
201.052737474442,3.39038562774658,2.55438562774658
201.102739810944,3.37914896011353,2.54314896011353
201.152743339539,3.38498997688293,2.54898997688293
201.202739953995,3.38132286071777,2.54532286071777
201.252740621567,3.39510035514832,2.55910035514832
201.302740573883,3.3866662979126,2.5506662979126
201.352746009827,3.39513969421387,2.55913969421387
201.402742147446,3.394118309021,2.558118309021
201.452741622925,3.42214488983154,2.58614488983154
201.502742052078,3.43136477470398,2.59536477470398
201.55274438858,3.44663524627686,2.61063524627686
201.602770328522,3.46219396591187,2.62619396591187
201.652785301208,3.47280192375183,2.63680192375183
201.702794075012,3.49294447898865,2.65694447898865
201.752785921097,3.51410841941833,2.67810841941833
201.802795410156,3.51126646995544,2.67526646995544
201.852780103683,3.53693580627441,2.70093580627441
201.902782201767,3.54357576370239,2.70757576370239
201.952750205994,3.56012964248657,2.72412964248657
202.002749443054,3.56236910820007,2.72636910820007
202.052748203278,3.57394647598267,2.73794647598267
202.10275220871,3.59666872024536,2.76066872024536
202.152747392654,3.61889362335205,2.78289362335205
202.202750921249,3.62680387496948,2.79080387496948
202.252748250961,3.63649535179138,2.80049535179138
202.302751302719,3.65710926055908,2.82110926055908
202.352756261826,3.67939972877502,2.84339972877502
202.402752399445,3.69092440605164,2.85492440605164
202.452756166458,3.70443987846375,2.86843987846375
202.502794981003,3.69821929931641,2.86221929931641
202.552801370621,3.72914004325867,2.89314004325867
202.602808713913,3.74211859703064,2.90611859703064
202.652801513672,3.77799034118652,2.94199034118652
202.702811717987,3.7877471446991,2.9517471446991
202.752804756165,3.80698585510254,2.97098585510254
202.802814245224,3.81746292114258,2.98146292114258
202.852800607681,3.83900690078735,3.00300690078735
202.90280008316,3.84421920776367,3.00821920776367
202.952775716782,3.86898469924927,3.03298469924927
203.002765655518,3.87331962585449,3.03731962585449
203.052767038345,3.90303540229797,3.06703540229797
203.102765321732,3.90308809280396,3.06708809280396
203.152768850327,3.93167757987976,3.09567757987976
203.20277094841,3.92414712905884,3.08814712905884
203.252778291702,3.93186092376709,3.09586092376709
203.302767515182,3.9139711856842,3.0779711856842
203.352769613266,3.91526770591736,3.07926770591736
203.402773857117,3.89986610412598,3.06386610412598
203.452770709991,3.90839219093323,3.07239219093323
203.502769231796,3.88673043251038,3.05073043251038
203.552768468857,3.89422178268433,3.05822178268433
203.602770805359,3.86616897583008,3.03016897583008
203.652771711349,3.87940955162048,3.04340955162048
203.702780723572,3.86584138870239,3.02984138870239
203.752789020538,3.87751054763794,3.04151054763794
203.802820682526,3.84902548789978,3.01302548789978
203.852808237076,3.8614673614502,3.0254673614502
203.902808666229,3.84751963615417,3.01151963615417
203.952777862549,3.8500862121582,3.0140862121582
204.002790212631,3.84594798088074,3.00994798088074
204.052843570709,3.83873176574707,3.00273176574707
204.102824926376,3.82228231430054,2.98628231430054
204.152825593948,3.83355855941772,2.99755855941772
204.202833890915,3.81509256362915,2.97909256362915
204.252828359604,3.82706260681152,2.99106260681152
204.302846670151,3.81302309036255,2.97702309036255
204.352825164795,3.82674837112427,2.99074837112427
204.402821779251,3.81041693687439,2.97441693687439
204.452791690826,3.81823563575745,2.98223563575745
204.50279045105,3.79734683036804,2.96134683036804
204.552792310715,3.80456304550171,2.96856304550171
204.602798938751,3.79045796394348,2.95445796394348
204.652827978134,3.80052924156189,2.96452924156189
204.702858448029,3.78345131874084,2.94745131874084
204.752836942673,3.80144596099854,2.96544596099854
204.802847623825,3.78009843826294,2.94409843826294
204.852827310562,3.7924485206604,2.9564485206604
204.902834415436,3.78497052192688,2.94897052192688
204.952800750732,3.78535032272339,2.94935032272339
205.002800703049,3.77322292327881,2.93722292327881
205.052801847458,3.78189277648926,2.94589277648926
205.102796554565,3.77039432525635,2.93439432525635
205.152796983719,3.77205729484558,2.93605729484558
205.202795267105,3.75767731666565,2.92167731666565
205.252797603607,3.78147387504578,2.94547387504578
205.302797317505,3.76151466369629,2.92551466369629
205.352801322937,3.7664520740509,2.9304520740509
205.402799606323,3.73953890800476,2.90353890800476
205.452803134918,3.75655102729797,2.92055102729797
205.502804517746,3.75091958045959,2.91491958045959
205.552805662155,3.76190733909607,2.92590733909607
205.602806568146,3.73428726196289,2.89828726196289
205.652814149857,3.75579166412354,2.91979166412354
205.702848672867,3.7350857257843,2.8990857257843
205.752843379974,3.74448895454407,2.90848895454407
205.802841186523,3.72830176353455,2.89230176353455
205.852808475494,3.73499441146851,2.89899441146851
205.902809381485,3.72335147857666,2.88735147857666
205.952808856964,3.73876619338989,2.90276619338989
206.002811670303,3.725093126297,2.889093126297
206.052812576294,3.73855662345886,2.90255662345886
206.102808952332,3.72047019004822,2.88447019004822
206.152811288834,3.73758721351624,2.90158721351624
206.202816486359,3.71299195289612,2.87699195289612
206.252813577652,3.7318902015686,2.8958902015686
206.302815437317,3.71468138694763,2.87868138694763
206.352814912796,3.73740386962891,2.90140386962891
206.402818202972,3.71355509757996,2.87755509757996
206.452817678452,3.72827577590942,2.89227577590942
206.502812385559,3.70288157463074,2.86688157463074
206.552820444107,3.71919989585876,2.88319989585876
206.602823257446,3.69787883758545,2.86187883758545
206.652821302414,3.72132134437561,2.88532134437561
206.702814817429,3.69684386253357,2.86084386253357
206.752812385559,3.71211457252502,2.87611457252502
206.802817106247,3.6925745010376,2.8565745010376
206.852818012238,3.70688915252686,2.87088915252686
206.902815580368,3.68338084220886,2.84738084220886
206.952819347382,3.71134185791016,2.87534185791016
207.002815008163,3.69123864173889,2.85523864173889
207.052818775177,3.70531749725342,2.86931749725342
207.1028175354,3.68146872520447,2.84546872520447
207.152823209763,3.69676542282104,2.86076542282104
207.202819108963,3.67514324188232,2.83914324188232
207.252816200256,3.69422483444214,2.85822483444214
207.302816867828,3.68144273757935,2.84544273757935
207.352833271027,3.69051861763,2.85451861763
207.40281867981,3.66868662834167,2.83268662834167
207.452821969986,3.69469618797302,2.85869618797302
207.502819061279,3.66322541236877,2.82722541236877
207.552823781967,3.6848738193512,2.8488738193512
207.602820158005,3.66936779022217,2.83336779022217
207.652819871902,3.67553615570068,2.83953615570068
207.702820777893,3.66495394706726,2.82895394706726
207.752820730209,3.67778873443604,2.84178873443604
207.802834272385,3.65236830711365,2.81636830711365
207.852871656418,3.68204498291016,2.84604498291016
207.902873516083,3.65894269943237,2.82294269943237
207.952858448029,3.6739513874054,2.8379513874054
208.002852678299,3.66360521316528,2.82760521316528
208.052871465683,3.6719868183136,2.8359868183136
208.102869272232,3.64187788963318,2.80587788963318
208.152873754501,3.67181658744812,2.83581658744812
208.202870845795,3.64735245704651,2.81135245704651
208.252876281738,3.66084170341492,2.82484170341492
208.302877664566,3.6417863368988,2.8057863368988
208.352892875671,3.66457414627075,2.82857414627075
208.40288901329,3.6468939781189,2.8108939781189
208.452871799469,3.66636848449707,2.83036848449707
208.502851724625,3.6479024887085,2.8119024887085
208.552851200104,3.68964099884033,2.85364099884033
208.602842092514,3.67746138572693,2.84146138572693
208.652858972549,3.71993327140808,2.88393327140808
208.702882051468,3.70907616615295,2.87307616615295
208.75288939476,3.73774456977844,2.90174456977844
208.802888393402,3.72941517829895,2.89341517829895
208.852902650833,3.76848196983337,2.93248196983337
208.902902841568,3.7599823474884,2.9239823474884
208.952862739563,3.80363297462463,2.96763297462463
209.002861976624,3.79011750221252,2.95411750221252
209.052881717682,3.82849025726318,2.99249025726318
209.102878570557,3.82110381126404,2.98510381126404
209.152854442596,3.86740016937256,3.03140016937256
209.202857255936,3.85038757324219,3.01438757324219
209.252860784531,3.88980793952942,3.05380793952942
209.302860021591,3.88637685775757,3.05037685775757
209.352855682373,3.9226016998291,3.0866016998291
209.402866840363,3.91250419616699,3.07650419616699
209.452862024307,3.94565153121948,3.10965153121948
209.502856731415,3.93678522109985,3.10078522109985
209.552859544754,3.97413659095764,3.13813659095764
209.602856397629,3.97586536407471,3.13986536407471
209.652857065201,3.98437809944153,3.14837809944153
209.702856063843,3.97752833366394,3.14152833366394
209.752869367599,4.01841592788696,3.18241592788696
209.802897691727,4.00459909439087,3.16859909439087
209.852896928787,4.05250597000122,3.21650597000122
209.902890443802,4.02703332901001,3.19103332901001
209.952903270721,4.07966804504395,3.24366804504395
210.002880573273,4.06414890289307,3.22814890289307
210.05287861824,4.08798456192017,3.25198456192017
210.102862596512,4.07496643066406,3.23896643066406
210.152867794037,4.12276887893677,3.28676887893677
210.2028632164,4.10857248306274,3.27257248306274
210.252869606018,4.15002298355103,3.31402298355103
210.302882671356,4.13907384872437,3.30307384872437
210.352878570557,4.16332864761353,3.32732864761353
210.402868032455,4.16621017456055,3.33021017456055
210.45286822319,4.18146753311157,3.34546753311157
210.502866029739,4.14245271682739,3.30645271682739
210.55287694931,4.16238594055176,3.32638594055176
210.602902412415,4.14068460464478,3.30468460464478
210.652908802032,4.15607309341431,3.32007309341431
210.702908039093,4.1287407875061,3.2927407875061
210.752911567688,4.14969539642334,3.31369539642334
210.802907466888,4.11167621612549,3.27567621612549
210.852907896042,4.13776445388794,3.30176445388794
210.902911901474,4.10646390914917,3.27046390914917
210.952896118164,4.11942911148071,3.28342911148071
211.002887010574,4.09035491943359,3.25435491943359
211.052910089493,4.11614227294922,3.28014227294922
211.102908372879,4.08747386932373,3.25147386932373
211.152895689011,4.10225963592529,3.26625963592529
211.202878952026,4.07628917694092,3.24028917694092
211.252881765366,4.09107542037964,3.25507542037964
211.302881002426,4.07036972045898,3.23436972045898
211.35289645195,4.08901929855347,3.25301929855347
211.402883052826,4.05764007568359,3.22164007568359
211.452885627747,4.07698345184326,3.24098345184326
211.502881526947,4.04954624176025,3.21354624176025
211.552882671356,4.07520246505737,3.23920246505737
211.602882862091,4.0397891998291,3.2037891998291
211.652884960175,4.06125450134277,3.22525450134277
211.702883958817,4.03948831558228,3.20348831558228
211.752883911133,4.05635643005371,3.22035643005371
211.802921295166,4.03469467163086,3.19869467163086
211.852920770645,4.04876041412354,3.21276041412354
211.90291428566,4.02610349655151,3.19010349655151
211.952897071838,4.04728078842163,3.21128078842163
212.002909898758,4.01687049865723,3.18087049865723
212.05292725563,4.03309726715088,3.19709726715088
212.102926492691,4.00271320343018,3.16671320343018
212.152933120728,4.03445911407471,3.19845911407471
212.202928781509,4.00943183898926,3.17343183898926
212.252933979034,4.01853370666504,3.18253370666504
212.302931547165,3.99365043640137,3.15765043640137
212.352948188782,4.01063632965088,3.17463632965088
212.402943849564,3.99142384529114,3.15542384529114
212.452902555466,4.01358318328857,3.17758318328857
212.50293469429,3.98267555236816,3.14667555236816
212.552902460098,4.00586938858032,3.16986938858032
212.60290145874,3.98329091072083,3.14729091072083
212.652911901474,4.00592184066772,3.16992184066772
212.702908277512,3.98270153999329,3.14670153999329
212.752911090851,3.99310040473938,3.15710040473938
212.802925109863,3.9667763710022,3.1307763710022
212.852961778641,3.9888961315155,3.1528961315155
212.902961730957,3.96870136260986,3.13270136260986
212.952930450439,3.98528170585632,3.14928170585632
213.002910852432,3.94998669624329,3.11398669624329
213.052910089493,3.97407102584839,3.13807102584839
213.102911472321,3.95001268386841,3.11401268386841
213.152914047241,3.97896909713745,3.14296909713745
213.202913045883,3.94337296485901,3.10737296485901
213.252914905548,3.9680597782135,3.1320597782135
213.302911996841,3.94432902336121,3.10832902336121
213.352923154831,3.9571635723114,3.1211635723114
213.402913331985,3.93208360671997,3.09608360671997
213.452920913696,3.96026730537415,3.12426730537415
213.502924203873,3.92389822006226,3.08789822006226
213.552940607071,3.95603728294373,3.12003728294373
213.602945566177,3.92345309257507,3.08745309257507
213.652931451797,3.94883418083191,3.11283418083191
213.702920675278,3.91116833686829,3.07516833686829
213.752916812897,3.9355936050415,3.0995936050415
213.802916049957,3.916184425354,3.080184425354
213.852927446365,3.93596029281616,3.09996029281616
213.902920007706,3.90898132324219,3.07298132324219
213.952917575836,3.92983102798462,3.09383102798462
214.002917528152,3.90456795692444,3.06856795692444
214.052917718887,3.92529964447021,3.08929964447021
214.102918624878,3.89572787284851,3.05972787284851
214.152919530869,3.91239953041077,3.07639953041077
214.202920436859,3.90020680427551,3.06420680427551
214.252919435501,3.91876435279846,3.08276435279846
214.302921772003,3.89512515068054,3.05912515068054
214.352924108505,3.91512370109558,3.07912370109558
214.402922868729,3.88764715194702,3.05164715194702
214.452924251556,3.91968107223511,3.08368107223511
214.502922773361,3.89149737358093,3.05549737358093
214.55292224884,3.9116792678833,3.0756792678833
214.602920770645,3.89230942726135,3.05630942726135
214.65292930603,3.91091966629028,3.07491966629028
214.702921867371,3.89101314544678,3.05501314544678
214.752923488617,3.90061259269714,3.06461259269714
214.802926540375,3.87969756126404,3.04369756126404
214.852947473526,3.90066504478455,3.06466504478455
214.902945518494,3.88163590431213,3.04563590431213
214.952947854996,3.89767909049988,3.06167909049988
215.002950429916,3.87483882904053,3.03883882904053
215.052940368652,3.89758729934692,3.06158729934692
215.102938890457,3.87857127189636,3.04257127189636
215.152929544449,3.89602899551392,3.06002899551392
215.202929496765,3.8640079498291,3.0280079498291
215.25292468071,3.88955926895142,3.05355926895142
215.302922964096,3.86099600791931,3.02499600791931
215.352928161621,3.88989973068237,3.05389973068237
215.402927160263,3.86694169044495,3.03094169044495
215.452925920486,3.89796710014343,3.06196710014343
215.502924442291,3.87749743461609,3.04149743461609
215.552926301956,3.91588306427002,3.07988306427002
215.602925300598,3.90585112571716,3.06985112571716
215.652926683426,3.94933176040649,3.11333176040649
215.702930212021,3.93276453018188,3.09676453018188
215.752968072891,3.97050881385803,3.13450881385803
215.802965164185,3.98372316360474,3.14772316360474
215.852963447571,4.0268235206604,3.1908235206604
215.902956485748,4.03333282470703,3.19733282470703
215.952939987183,4.06125450134277,3.22525450134277
216.002942085266,4.07255697250366,3.23655697250366
216.052948713303,4.10996055603027,3.27396055603027
216.102972745895,4.10058307647705,3.26458307647705
216.152979850769,4.14499378204346,3.30899378204346
216.202982902527,4.12828254699707,3.29228254699707
216.252967834473,4.16459941864014,3.32859941864014
216.302968025207,4.15207862854004,3.31607862854004
216.352976083755,4.18446636199951,3.34846636199951
216.402946472168,4.18078660964966,3.34478660964966
216.452955961227,4.23084115982056,3.39484115982056
216.502949476242,4.23956346511841,3.40356346511841
216.552946805954,4.26273155212402,3.42673155212402
216.602943897247,4.25857973098755,3.42257973098755
216.652946233749,4.29028654098511,3.45428654098511
216.702948570251,4.26998662948608,3.43398662948608
216.752970457077,4.28902912139893,3.45302912139893
216.802980422974,4.28698587417603,3.45098587417603
216.852987766266,4.32915687561035,3.49315687561035
216.902987480164,4.31798553466797,3.48198553466797
216.952960968018,4.36314201354981,3.5271420135498
217.002956390381,4.35900402069092,3.52300402069092
217.052956581116,4.37507295608521,3.53907295608521
217.102957725525,4.36993932723999,3.53393932723999
217.1529545784,4.40985774993897,3.57385774993896
217.202954053879,4.39314651489258,3.55714651489258
217.252953767776,4.4356837272644,3.5996837272644
217.302956104279,4.40688467025757,3.57088467025757
217.352957725525,4.43116521835327,3.59516521835327
217.402957201004,4.40684509277344,3.57084509277344
217.452966451645,4.42349100112915,3.58749100112915
217.502961874008,4.394455909729,3.558455909729
217.552967786789,4.41119337081909,3.57519337081909
217.602966070175,4.38253831863403,3.54653831863403
217.652964353561,4.39454793930054,3.55854793930054
217.702964067459,4.36037874221802,3.52437874221802
217.752960920334,4.37868785858154,3.54268785858154
217.802957773209,4.35108041763306,3.51508041763306
217.852961540222,4.3715500831604,3.5355500831604
217.902961015701,4.33047962188721,3.49447962188721
217.952962875366,4.35227203369141,3.51627203369141
218.003004312515,4.30631637573242,3.47031637573242
218.053003072739,4.33935880661011,3.50335880661011
218.103023052216,4.31675434112549,3.48075434112549
218.15300655365,4.32672071456909,3.49072071456909
218.203016519546,4.30445671081543,3.46845671081543
218.253009796143,4.31717348098755,3.48117348098755
218.303018331528,4.29092788696289,3.45492788696289
218.353002548218,4.30961656570435,3.47361656570435
218.403010129929,4.2792592048645,3.4432592048645
218.452975273132,4.29149103164673,3.45549103164673
218.50298833847,4.26903057098389,3.43303057098389
218.553015470505,4.27921962738037,3.44321962738037
218.603035449982,4.25256824493408,3.41656824493408
218.653022766113,4.2716498374939,3.4356498374939
218.703024864197,4.23918342590332,3.40318342590332
218.7530169487,4.26131677627564,3.42531677627563
218.803017854691,4.23956346511841,3.40356346511841
218.852988243103,4.25063037872314,3.41463037872314
218.903023958206,4.22268199920654,3.38668199920654
218.953027963638,4.2414493560791,3.4054493560791
219.003025770187,4.22253799438477,3.38653799438477
219.053022861481,4.23342132568359,3.39742132568359
219.103042840958,4.2055778503418,3.3695778503418
219.153049945831,4.22934818267822,3.39334818267822
219.203030824661,4.19510078430176,3.35910078430176
219.25305056572,4.21819019317627,3.38219019317627
219.30299448967,4.19439363479614,3.35839363479614
219.352998018265,4.20703172683716,3.37103172683716
219.402995824814,4.18239736557007,3.34639736557007
219.452993869781,4.202317237854,3.366317237854
219.502992391586,4.18267202377319,3.34667202377319
219.552994251251,4.19798231124878,3.36198231124878
219.602994441986,4.17510223388672,3.33910223388672
219.652995109558,4.20044422149658,3.36444422149658
219.703030586243,4.17104244232178,3.33504244232178
219.753007650375,4.19320201873779,3.35720201873779
219.803006887436,4.1575665473938,3.3215665473938
219.853003263474,4.19351625442505,3.35751625442505
219.903004407883,4.15854835510254,3.32254835510254
219.953040361404,4.1858811378479,3.3498811378479
220.003048658371,4.15214443206787,3.31614443206787
220.053054094315,4.17341279983521,3.33741279983521
220.103045225143,4.14715433120728,3.31115433120728
220.153024196625,4.16897344589233,3.33297344589233
220.203011035919,4.1427149772644,3.3067149772644
220.253008365631,4.16892099380493,3.33292099380493
220.303008317947,4.13083600997925,3.29483600997925
220.353010654449,4.16059160232544,3.32459160232544
220.403011083603,4.13408422470093,3.29808422470093
220.453013658524,4.15088701248169,3.31488701248169
220.50301027298,4.12747049331665,3.29147049331665
220.553011417389,4.14395904541016,3.30795904541016
220.603008270264,4.12369871139526,3.28769871139526
220.65301156044,4.14515066146851,3.30915066146851
220.703012466431,4.11277627944946,3.27677627944946
220.753012418747,4.13789558410645,3.30189558410645
220.803009986877,4.11234426498413,3.27634426498413
220.853013515472,4.13260459899902,3.29660459899902
220.903014421463,4.11086416244507,3.27486416244507
220.953010559082,4.13249969482422,3.29649969482422
221.003010511398,4.10330724716187,3.26730724716187
221.053013563156,4.12714290618897,3.29114290618896
221.103010892868,4.10410642623901,3.26810642623901
221.153014659882,4.11590623855591,3.27990623855591
221.203015327454,4.08994913101196,3.25394913101196
221.25301527977,4.11713743209839,3.28113743209839
221.303017854691,4.08887529373169,3.25287529373169
221.353017091751,4.11276340484619,3.27676340484619
221.403023481369,4.08440923690796,3.24840923690796
221.453018665314,4.11357498168945,3.27757498168945
221.503016233444,4.08464527130127,3.24864527130127
221.553016424179,4.09895944595337,3.26295944595337
221.603019475937,4.07338190078735,3.23738190078735
221.653018951416,4.09770202636719,3.26170202636719
221.703016757965,4.07297611236572,3.23697611236572
221.753016710281,4.0938515663147,3.2578515663147
221.803019762039,4.06772422790527,3.23172422790527
221.853019475937,4.09540987014771,3.25940987014771
221.903018712997,4.0610842704773,3.22508427047729
221.953020811081,4.0804934501648,3.24449345016479
222.003031015396,4.06332397460938,3.22732397460938
222.053058385849,4.08131837844849,3.24531837844849
222.103066921234,4.06581211090088,3.22981211090088
222.15306019783,4.08219575881958,3.24619575881958
222.203068494797,4.05051565170288,3.21451565170288
222.253065109253,4.08099126815796,3.24499126815796
222.30307674408,4.05656623840332,3.22056623840332
222.353060245514,4.08706760406494,3.25106760406494
222.403056383133,4.07885646820068,3.24285646820068
222.45303106308,4.12411785125732,3.28811785125732
222.503043413162,4.1122522354126,3.2762522354126
222.553065061569,4.16948413848877,3.33348413848877
222.603077173233,4.17337369918823,3.33737369918823
222.653062343597,4.20646858215332,3.37046858215332
222.703062295914,4.20455646514893,3.36855646514893
222.753041744232,4.24376773834229,3.40776773834229
222.803032875061,4.25063037872314,3.41463037872314
222.853034496307,4.29945373535156,3.46345373535156
222.903043746948,4.27863025665283,3.44263025665283
222.953072547913,4.30893564224243,3.47293564224243
223.003071308136,4.30373668670654,3.46773668670654
223.053071022034,4.3367395401001,3.5007395401001
223.103076219559,4.33152723312378,3.49552723312378
223.153068780899,4.37712955474854,3.54112955474854
223.203050613403,4.36984777450562,3.53384777450562
223.25304889679,4.40794563293457,3.57194563293457
223.303050279617,4.40875768661499,3.57275768661499
223.353043079376,4.44951391220093,3.61351391220093
223.403045415878,4.43705892562866,3.60105892562866
223.453046798706,4.47045516967773,3.63445516967773
223.503043889999,4.45759439468384,3.62159439468384
223.553045511246,4.49672698974609,3.66072698974609
223.603043556213,4.49015235900879,3.65415235900879
223.65304684639,4.53657913208008,3.70057913208008
223.703042984009,4.51830959320068,3.68230959320068
223.753046274185,4.55678749084473,3.72078749084473
223.803050518036,4.53114414215088,3.69514414215088
223.853051185608,4.55275344848633,3.71675344848633
223.903053283691,4.54634952545166,3.71034952545166
223.953087329865,4.57580327987671,3.73980327987671
224.003097772598,4.55146980285645,3.71546980285645
224.053096532822,4.59348344802856,3.75748344802856
224.103073358536,4.5806097984314,3.7446097984314
224.153066635132,4.61401891708374,3.77801891708374
224.203068733215,4.58414602279663,3.74814602279663
224.253064155579,4.60824346542358,3.77224346542358
224.303072452545,4.56011390686035,3.72411390686035
224.353071451187,4.59220027923584,3.75620027923584
224.403073787689,4.56068992614746,3.72468992614746
224.453072071075,4.57559394836426,3.73959394836426
224.503067970276,4.53647470474243,3.70047470474243
224.553068161011,4.55651235580444,3.72051235580444
224.603073835373,4.52104711532593,3.68504711532593
224.65310382843,4.53428745269775,3.69828745269775
224.703110218048,4.49563980102539,3.65963980102539
224.753110170364,4.50965309143066,3.67365309143066
224.803113937378,4.49215602874756,3.65615602874756
224.853106498718,4.50908994674683,3.67308994674683
224.903109550476,4.46706295013428,3.63106295013428
224.953094005585,4.48999500274658,3.65399500274658
225.003083229065,4.46809768676758,3.63209768676758
225.053105354309,4.4832763671875,3.6472763671875
225.103110790253,4.44664525985718,3.61064525985718
225.153079509735,4.46863460540772,3.63263460540771
225.203075408936,4.42704010009766,3.59104010009766
225.253077983856,4.45586538314819,3.61986538314819
225.303077936172,4.42135620117188,3.58535620117188
225.353090763092,4.44156408309937,3.60556408309937
225.403090953827,4.41719150543213,3.58119150543213
225.453088760376,4.43408584594727,3.59808584594727
225.503088235855,4.39896106719971,3.56296106719971
225.553087949753,4.42321586608887,3.58721586608887
225.603085041046,4.39063215255737,3.55463215255737
225.653083562851,4.40527391433716,3.56927391433716
225.703094482422,4.38016748428345,3.54416748428345
225.753083229065,4.40020561218262,3.56420561218262
225.803084611893,4.38022041320801,3.54422041320801
225.853085756302,4.3874363899231,3.5514363899231
225.903090000153,4.3671498298645,3.5311498298645
225.953082561493,4.37416982650757,3.53816982650757
226.003084659576,4.34859228134155,3.51259228134155
226.053083181381,4.37965726852417,3.54365726852417
226.103084802628,4.3432354927063,3.5072354927063
226.153084039688,4.36848545074463,3.53248545074463
226.203083276749,4.33211660385132,3.49611660385132
226.253089666367,4.35538911819458,3.51938911819458
226.303094148636,4.33076763153076,3.49476763153076
226.353092908859,4.35330677032471,3.51730677032471
226.403097867966,4.31575918197632,3.47975918197632
226.453134059906,4.34114027023315,3.50514027023315
226.503129720688,4.31816864013672,3.48216864013672
226.553119897842,4.33247041702271,3.49647041702271
226.603089570999,4.30669641494751,3.47069641494751
226.653092861176,4.32389211654663,3.48789211654663
226.703090190887,4.29640245437622,3.46040245437622
226.753091335297,4.32753276824951,3.49153276824951
226.803095579147,4.30171966552734,3.46571966552734
226.853101015091,4.31926870346069,3.48326870346069
226.903097867966,4.28855752944946,3.45255752944946
226.953092098236,4.31126689910889,3.47526689910889
227.003094673157,4.28181314468384,3.44581314468384
227.053093910217,4.30674886703491,3.47074886703491
227.103091716766,4.28060817718506,3.44460817718506
227.153096437454,4.30068492889404,3.46468492889404
227.203101158142,4.27017021179199,3.43417021179199
227.253101587296,4.29675626754761,3.46075626754761
227.303122282028,4.27453136444092,3.43853136444092
227.353136301041,4.29510593414307,3.45910593414307
227.403117179871,4.27590656280518,3.43990656280518
227.453104019165,4.2901816368103,3.4541816368103
227.503096342087,4.26317644119263,3.42717644119263
227.55309343338,4.2890682220459,3.4530682220459
227.603095531464,4.25565910339356,3.41965910339355
227.65309548378,4.27475357055664,3.43875357055664
227.703095674515,4.2534065246582,3.4174065246582
227.75309753418,4.25994157791138,3.42394157791138
227.803102493286,4.24874401092529,3.41274401092529
227.853099822998,4.26537704467773,3.42937704467773
227.90310382843,4.23382711410522,3.39782711410522
227.953109264374,4.26647663116455,3.43047663116455
228.003110170364,4.23839807510376,3.40239807510376
228.053099155426,4.25707340240479,3.42107340240479
228.103101730347,4.2314567565918,3.3954567565918
228.153102874756,4.25279092788696,3.41679092788696
228.203100204468,4.22095346450806,3.38495346450806
228.253098964691,4.2424578666687,3.4064578666687
228.303099393845,4.21314811706543,3.37714811706543
228.353106737137,4.24537801742554,3.40937801742554
228.403105020523,4.21636962890625,3.38036962890625
228.453102350235,4.24165916442871,3.40565916442871
228.50310587883,4.21528244018555,3.37928244018555
228.553102970123,4.23507165908814,3.39907165908813
228.603112697601,4.21275472640991,3.37675472640991
228.653129339218,4.22383451461792,3.38783451461792
228.703151941299,4.20944166183472,3.37344166183472
228.753141880035,4.22044277191162,3.38444277191162
228.803153276443,4.19210147857666,3.35610147857666
228.853159427643,4.21673631668091,3.38073631668091
228.903166294098,4.20295858383179,3.36695858383179
228.953116416931,4.22222375869751,3.38622375869751
229.003132581711,4.18967914581299,3.35367914581299
229.053118467331,4.21240139007568,3.37640139007568
229.10311794281,4.18842172622681,3.35242172622681
229.153121232986,4.21058130264282,3.37458130264282
229.203120946884,4.18630027770996,3.35030027770996
229.253113508224,4.20699262619019,3.37099262619019
229.303114891052,4.18665361404419,3.35065361404419
229.35311961174,4.21009635925293,3.37409635925293
229.403121709824,4.18948268890381,3.35348268890381
229.453119039536,4.21099996566772,3.37499996566772
229.503115177155,4.19625329971314,3.36025329971313
229.553115129471,4.23808336257935,3.40208336257935
229.603116035461,4.23606681823731,3.4000668182373
229.653122663498,4.27550029754639,3.43950029754639
229.703119277954,4.2618408203125,3.4258408203125
229.753116130829,4.3194785118103,3.4834785118103
229.803115129471,4.30380201339722,3.46780201339722
229.85312128067,4.35054349899292,3.51454349899292
229.903122425079,4.34134960174561,3.50534960174561
229.95311665535,4.37636947631836,3.54036947631836
230.003118038177,4.3680272102356,3.5320272102356
230.053119897842,4.40197324752808,3.56597324752808
230.103120088577,4.40228796005249,3.56628796005249
230.153119087219,4.42853307723999,3.59253307723999
230.203125715256,4.44208812713623,3.60608812713623
230.253121376038,4.46849060058594,3.63249060058594
230.303121805191,4.46071100234985,3.62471100234985
230.353139162064,4.5026330947876,3.6666330947876
230.403131961822,4.4986515045166,3.6626515045166
230.453121423721,4.51700019836426,3.68100019836426
230.50314116478,4.51079225540161,3.67479225540161
230.553162574768,4.53931665420532,3.70331665420532
230.603172063828,4.52244853973389,3.68644853973389
230.653170585632,4.55983877182007,3.72383877182007
230.70317530632,4.54346799850464,3.70746799850464
230.753170728683,4.57673311233521,3.74073311233521
230.803173065186,4.561279296875,3.725279296875
230.853184223175,4.59426975250244,3.75826975250244
230.903191804886,4.58667373657227,3.75067373657227
230.953149318695,4.60743141174316,3.77143141174316
231.003173351288,4.59711170196533,3.76111170196533
231.053165435791,4.62360572814941,3.78760572814941
231.10317659378,4.63417482376099,3.79817482376099
231.153147697449,4.64983797073364,3.81383797073364
231.203138828278,4.66839551925659,3.83239551925659
231.253138780594,4.69018840789795,3.85418840789795
231.303137540817,4.66077375411987,3.82477375411987
231.353147268295,4.68517208099365,3.84917208099365
231.403141498566,4.66372060775757,3.82772060775757
231.45314002037,4.67572975158691,3.83972975158691
231.503148555756,4.63899421691895,3.80299421691895
231.553139448166,4.67025518417358,3.83425518417358
231.603139162064,4.6338210105896,3.7978210105896
231.653138160706,4.66262006759644,3.82662006759644
231.703142881393,4.60884571075439,3.77284571075439
231.753140211105,4.62386751174927,3.78786751174927
231.803144216537,4.58976411819458,3.75376411819458
231.853149652481,4.60614776611328,3.77014776611328
231.90315413475,4.57055187225342,3.73455187225342
231.953140497208,4.57074785232544,3.73474785232544
232.003148317337,4.55296325683594,3.71696325683594
232.053140878677,4.56810283660889,3.73210283660889
232.103145360947,4.54289197921753,3.70689197921753
232.15314078331,4.56059837341309,3.72459837341309
232.203142642975,4.52780485153198,3.69180485153198
232.253142595291,4.54840517044067,3.71240517044067
232.303144216537,4.51430225372314,3.67830225372314
232.353153705597,4.52828931808472,3.69228931808472
232.403145074844,4.5027379989624,3.6667379989624
232.453149318695,4.51531076431274,3.67931076431274
232.503158807754,4.49405527114868,3.65805527114868
232.553146839142,4.50952196121216,3.67352196121216
232.603147268295,4.48727083206177,3.65127083206177
232.65314912796,4.50421810150147,3.66821810150146
232.703148126602,4.47141122817993,3.63541122817993
232.753151893616,4.48755884170532,3.65155884170532
232.803158283234,4.46132707595825,3.62532707595825
232.85316991806,4.46961688995361,3.63361688995361
232.903158187866,4.45826244354248,3.62226244354248
232.953168869019,4.47295665740967,3.63695665740967
233.00318479538,4.45001125335693,3.61401125335693
233.053153753281,4.45874691009522,3.62274691009521
233.103153705597,4.43835544586182,3.60235544586182
233.153151512146,4.45331192016602,3.61731192016602
233.203156232834,4.44128894805908,3.60528894805908
233.253154039383,4.4460301399231,3.6100301399231
233.303156375885,4.41820001602173,3.58220001602173
233.353167533875,4.44388246536255,3.60788246536255
233.403169631958,4.42893886566162,3.59293886566162
233.453164577484,4.43538236618042,3.59938236618042
233.503165960312,4.41703462600708,3.58103462600708
233.553159952164,4.42328119277954,3.58728119277954
233.603166103363,4.40793228149414,3.57193228149414
233.653159379959,4.4202036857605,3.5842036857605
233.703163862228,4.39948511123657,3.56348511123657
233.753159761429,4.40452718734741,3.56852718734741
233.803163766861,4.39229536056519,3.55629536056519
233.853169202805,4.40552282333374,3.56952282333374
233.903169870377,4.38733148574829,3.55133148574829
233.953172206879,4.4049596786499,3.5689596786499
234.003169536591,4.38408327102661,3.54808327102661
234.053164958954,4.39922332763672,3.56322332763672
234.103167533874,4.37640905380249,3.54040905380249
234.153167009354,4.39228200912476,3.55628200912476
234.203168869019,4.37089538574219,3.53489538574219
234.253168106079,4.38290500640869,3.54690500640869
234.303167104721,4.36361360549927,3.52761360549927
234.353166818619,4.37828207015991,3.54228207015991
234.403169870377,4.36298513412476,3.52698513412476
234.453166484833,4.38078355789185,3.54478355789185
234.503165721893,4.35214138031006,3.51614138031006
234.553167581558,4.37145853042603,3.53545853042603
234.6031665802,4.34502983093262,3.50902983093262
234.653168439865,4.3615837097168,3.5255837097168
234.703179359436,4.34840869903564,3.51240869903564
234.753169775009,4.35206270217896,3.51606270217896
234.803168773651,4.34656190872192,3.51056190872192
234.853169679642,4.35563802719116,3.51963802719116
234.903177022934,4.33950281143189,3.50350281143188
234.953177213669,4.35510110855103,3.51910110855103
235.003211975098,4.33798360824585,3.50198360824585
235.053209066391,4.34301280975342,3.50701280975342
235.103227853775,4.31960964202881,3.48360964202881
235.15318441391,4.33863878250122,3.50263878250122
235.203183889389,4.31904602050781,3.48304602050781
235.25318479538,4.33201217651367,3.49601217651367
235.303186655045,4.31444931030273,3.47844931030273
235.353190422058,4.32737588882446,3.49137588882446
235.403190612793,4.31374216079712,3.47774216079712
235.453189373016,4.32470417022705,3.48870417022705
235.503192186356,4.31020641326904,3.47420641326904
235.553188323975,4.32101058959961,3.48501058959961
235.603188276291,4.30171966552734,3.46571966552734
235.653191328049,4.32226800918579,3.48626800918579
235.703192949295,4.30120897293091,3.46520897293091
235.753186941147,4.31164693832397,3.47564693832397
235.80318236351,4.29425477981567,3.45825477981567
235.853186368942,4.31311321258545,3.47711321258545
235.903186321259,4.29198884963989,3.45598884963989
235.953184127808,4.30922412872314,3.47322412872314
236.00319314003,4.28542757034302,3.44942757034302
236.053188562393,4.30360555648804,3.46760555648804
236.103187799454,4.28646230697632,3.45046230697632
236.153191328049,4.28862285614014,3.45262285614014
236.203191280365,4.27413845062256,3.43813845062256
236.253192186356,4.28658008575439,3.45058008575439
236.303190231323,4.28475952148438,3.44875952148438
236.353192090988,4.31331014633179,3.47731014633179
236.403195858002,4.29936218261719,3.46336218261719
236.453194379806,4.3259482383728,3.4899482383728
236.503202676773,4.32522773742676,3.48922773742676
236.553228855133,4.35011100769043,3.51411100769043
236.603245019913,4.36398029327393,3.52798029327393
236.653240442276,4.38881158828735,3.55281158828735
236.703251600265,4.38827466964722,3.55227466964722
236.75324010849,4.4237265586853,3.5877265586853
236.803243875504,4.4322395324707,3.5962395324707
236.853232860565,4.44329309463501,3.60729309463501
236.903232812881,4.4600567817688,3.6240567817688
236.953217744827,4.47492074966431,3.63892074966431
237.003220081329,4.48662948608398,3.65062948608398
237.053237915039,4.50952196121216,3.67352196121216
237.103229284286,4.52360057830811,3.68760057830811
237.153215169907,4.54670286178589,3.71070286178589
237.20320391655,4.54048204421997,3.70448204421997
237.253205299377,4.5687050819397,3.7327050819397
237.303203821182,4.57171726226807,3.73571726226807
237.353215694427,4.59138822555542,3.75538822555542
237.403207540512,4.60244178771973,3.76644178771973
237.453204393387,4.63338899612427,3.79738899612427
237.503206014633,4.61712265014648,3.78112265014648
237.553207159042,4.6546311378479,3.8186311378479
237.603206157684,4.65218257904053,3.81618257904053
237.653206348419,4.66969203948975,3.83369203948975
237.703207015991,4.66884088516235,3.83284088516235
237.753207683563,4.68990039825439,3.85390039825439
237.803205728531,4.68108606338501,3.84508606338501
237.85320854187,4.72302150726318,3.88702150726318
237.903208017349,4.70548486709595,3.86948486709595
237.953209400177,4.7529468536377,3.9169468536377
238.00320649147,4.74389696121216,3.90789696121216
238.053210020065,4.7638430595398,3.92784305953979
238.103208780289,4.75043249130249,3.91443249130249
238.153213024139,4.77099370956421,3.93499370956421
238.203214406967,4.77726697921753,3.94126697921753
238.253209590912,4.78701066970825,3.95101066970825
238.30321097374,4.78554391860962,3.94954391860962
238.353212833405,4.74174928665161,3.90574928665161
238.403223752975,4.71323823928833,3.87723823928833
238.45326757431,4.70362567901611,3.86762567901611
238.503258466721,4.6903190612793,3.8543190612793
238.553245306015,4.68378400802612,3.84778400802612
238.603244304657,4.65909719467163,3.82309719467163
238.65322303772,4.66129732131958,3.82529732131958
238.70322060585,4.63945245742798,3.80345245742798
238.753219127655,4.64115476608276,3.80515476608276
238.803220510483,4.62832069396973,3.79232069396973
238.853225469589,4.63046836853027,3.79446836853027
238.903224945068,4.61400604248047,3.77800604248047
238.953230619431,4.61018180847168,3.77418180847168
239.003234148026,4.59159803390503,3.75559803390503
239.053223848343,4.59337854385376,3.75737854385376
239.103223085403,4.5578351020813,3.7218351020813
239.153226852417,4.54266929626465,3.70666929626465
239.203228473663,4.53139305114746,3.69539305114746
239.253223657608,4.5295205116272,3.6935205116272
239.303222894669,4.52085018157959,3.68485018157959
239.353223323822,4.51917409896851,3.68317409896851
239.40322637558,4.51114559173584,3.67514559173584
239.453230381012,4.50987529754639,3.67387529754639
239.503223896027,4.49114751815796,3.65514751815796
239.55322265625,4.49439525604248,3.65839525604248
239.603226900101,4.47799873352051,3.64199873352051
239.653227329254,4.47700309753418,3.64100309753418
239.703229188919,4.45903491973877,3.62303491973877
239.753222703934,4.45356035232544,3.61756035232544
239.803226232529,4.44320154190064,3.60720154190063
239.853226661682,4.44675016403198,3.61075016403198
239.903227806091,4.42819261550903,3.59219261550903
239.953229427338,4.4063868522644,3.5703868522644
240.00322842598,4.40061140060425,3.56461140060425
240.05322599411,4.39304161071777,3.55704161071777
240.103228807449,4.38404417037964,3.54804417037964
240.153230667114,4.38214540481567,3.54614540481567
240.203232765198,4.36953353881836,3.53353353881836
240.253229379654,4.37103939056397,3.53503939056396
240.303237438202,4.36496257781982,3.52896257781982
240.35326051712,4.35595226287842,3.51995226287842
240.403251409531,4.35354232788086,3.51754232788086
240.453251123428,4.35012435913086,3.51412435913086
240.503259658813,4.33934593200684,3.50334593200684
240.553396463394,4.34470224380493,3.50870224380493
240.603382587433,4.34002685546875,3.50402685546875
240.6534075737,4.3258695602417,3.4898695602417
240.703356027603,4.332444190979,3.496444190979
240.753356933594,4.31807708740234,3.48207708740234
240.803354263306,4.32205867767334,3.48605867767334
240.853356599808,4.31019306182861,3.47419306182861
240.903362989426,4.3029899597168,3.4669899597168
240.953360795975,4.30202054977417,3.46602054977417
241.003364086151,4.31565427780151,3.47965427780151
241.053357362747,4.31235408782959,3.47635408782959
241.103361129761,4.29596996307373,3.45996996307373
241.153362035751,4.28845310211182,3.45245310211182
241.203360319138,4.28668451309204,3.45068451309204
241.253360271454,4.28630495071411,3.45030495071411
241.3033618927,4.27818536758423,3.44218536758423
241.353370904922,4.2780933380127,3.4420933380127
241.403370141983,4.26944971084595,3.43344971084595
241.4533598423,4.27302503585815,3.43702503585815
241.503362417221,4.27138805389404,3.43538805389404
241.55336022377,4.26762962341309,3.43162962341309
241.603357791901,4.26062297821045,3.42462297821045
241.653362035751,4.25645780563355,3.42045780563354
241.703362703323,4.25211000442505,3.41611000442505
241.753361225128,4.25995492935181,3.42395492935181
241.803359031677,4.25110149383545,3.41510149383545
241.853361606598,4.24685859680176,3.41085859680176
241.903363227844,4.24454021453857,3.40854021453857
241.953362703323,4.24922895431519,3.41322895431519
242.00336098671,4.24446153640747,3.40846153640747
242.053363323212,4.24461889266968,3.40861889266968
242.103359937668,4.23759889602661,3.40159889602661
242.153363704681,4.24531316757202,3.40931316757202
242.203365802765,4.22725248336792,3.39125248336792
242.253364562988,4.22919082641602,3.39319082641602
242.303365707397,4.23208570480347,3.39608570480347
242.353366136551,4.23386669158936,3.39786669158936
242.403369903564,4.22852325439453,3.39252325439453
242.453368425369,4.22252511978149,3.38652511978149
242.503368139267,4.22236776351929,3.38636776351929
242.553366661072,4.21777105331421,3.38177105331421
242.603367328644,4.22252511978149,3.38652511978149
242.65336728096,4.21435260772705,3.37835260772705
242.703364610672,4.22145080566406,3.38545080566406
242.753371477127,4.20460891723633,3.36860891723633
242.803399562836,4.20616722106934,3.37016722106934
242.853392362595,4.20168828964233,3.36568828964233
242.903395175934,4.20433378219605,3.36833378219604
242.953382492065,4.19783782958984,3.36183782958984
243.003391981125,4.19696044921875,3.36096044921875
243.053397893906,4.19765472412109,3.36165472412109
243.103390455246,4.19305801391602,3.35705801391602
243.153409004211,4.19326734542847,3.35726734542847
243.203396081924,4.18242359161377,3.34642359161377
243.253379821777,4.19068717956543,3.35468717956543
243.303371906281,4.18965291976929,3.35365291976929
243.353375196457,4.17824602127075,3.34224602127075
243.403373718262,4.17557430267334,3.33957430267334
243.453372478485,4.18065547943115,3.34465547943115
243.503372907639,4.18554067611694,3.34954067611694
243.553375244141,4.20814514160156,3.37214514160156
243.603373765945,4.21533489227295,3.37933489227295
243.653373718262,4.21627759933472,3.38027759933472
243.703374624252,4.22858858108521,3.39258858108521
243.753377914429,4.26351690292358,3.42751690292358
243.803376436233,4.28384304046631,3.44784304046631
243.853376626968,4.29335117340088,3.45735117340088
243.903379917145,4.3224778175354,3.4864778175354
243.953376531601,4.32766389846802,3.49166389846802
244.003376245499,4.34627389907837,3.51027389907837
244.053376197815,4.36453056335449,3.52853056335449
244.103380203247,4.39611911773682,3.56011911773682
244.153376817703,4.39174509048462,3.55574509048462
244.203377008438,4.42240381240845,3.58640381240845
244.25337600708,4.43796253204346,3.60196253204346
244.303377628326,4.46190309524536,3.62590309524536
244.353379011154,4.4797797203064,3.6437797203064
244.40340924263,4.50034093856812,3.66434093856812
244.453429222107,4.51586055755615,3.67986055755615
244.50342297554,4.52396726608276,3.68796726608276
244.553426980972,4.53883171081543,3.70283171081543
244.603423833847,4.56493330001831,3.72893330001831
244.653446674347,4.57672023773193,3.74072023773193
244.703424453735,4.59001302719116,3.75401302719116
244.753423213959,4.57193994522095,3.73593994522095
244.803412675858,4.60912084579468,3.77312084579468
244.853414297104,4.60186576843262,3.76586576843262
244.903389930725,4.63585090637207,3.79985090637207
244.953393220901,4.63522243499756,3.79922243499756
245.003420591354,4.65797090530396,3.82197090530396
245.053428888321,4.67309761047363,3.83709761047363
245.103439569473,4.68671751022339,3.85071751022339
245.153442382813,4.69943475723267,3.86343475723267
245.203421354294,4.69169473648071,3.85569473648071
245.253403663635,4.68817138671875,3.85217138671875
245.303403139114,4.68525075912476,3.84925075912476
245.353403806686,4.6769871711731,3.8409871711731
245.403403520584,4.67897748947144,3.84297748947144
245.453400850296,4.65892696380615,3.82292696380615
245.503400564194,4.67026853561401,3.83426853561401
245.553399801254,4.64323711395264,3.80723711395264
245.603404045105,4.64753293991089,3.81153293991089
245.653401851654,4.63358497619629,3.79758497619629
245.703398942947,4.62769174575806,3.79169174575806
245.753401041031,4.61750268936157,3.78150268936157
245.8034055233,4.62296390533447,3.78696390533447
245.853402137756,4.6134557723999,3.7774557723999
245.903404712677,4.60597801208496,3.76997801208496
245.953412055969,4.59895801544189,3.76295801544189
246.003415822983,4.59231805801392,3.75631805801392
246.053416490555,4.58494472503662,3.74894472503662
246.10343003273,4.58080625534058,3.74480625534058
246.153413534164,4.5592360496521,3.7232360496521
246.203412771225,4.56319141387939,3.72719141387939
246.25341463089,4.55356550216675,3.71756550216675
246.303410768509,4.55074977874756,3.71474977874756
246.35342001915,4.53629112243652,3.70029112243652
246.403420209885,4.55101156234741,3.71501156234741
246.453421115875,4.52828931808472,3.69228931808472
246.503419160843,4.54073095321655,3.70473095321655
246.553417444229,4.52229118347168,3.68629118347168
246.603449583054,4.52298498153687,3.68698498153687
246.65345454216,4.50034093856812,3.66434093856812
246.703449726105,4.50966596603394,3.67366596603394
246.753454208374,4.49093818664551,3.65493818664551
246.803449869156,4.50298690795898,3.66698690795898
246.853468418121,4.49006032943726,3.65406032943726
246.90346455574,4.50039386749268,3.66439386749268
246.953436136246,4.47217082977295,3.63617082977295
247.003438711166,4.4862494468689,3.6502494468689
247.053456783295,4.47107076644897,3.63507076644897
247.103472471237,4.48253011703491,3.64653011703491
247.153469085693,4.4679012298584,3.6319012298584
247.203433036804,4.4743971824646,3.6383971824646
247.253433942795,4.46119594573975,3.62519594573975
247.303436756134,4.47324466705322,3.63724466705322
247.353430986404,4.45748949050903,3.62148949050903
247.403429508209,4.46175909042358,3.62575909042358
247.453431844711,4.44589900970459,3.60989900970459
247.503443002701,4.45202827453613,3.61602827453613
247.553435087204,4.44012355804443,3.60412355804443
247.60343170166,4.4480996131897,3.6120996131897
247.653436660767,4.43536949157715,3.59936949157715
247.703432321548,4.439612865448,3.603612865448
247.753436326981,4.41004085540772,3.57404085540771
247.80343580246,4.41935253143311,3.58335253143311
247.85343670845,4.40894079208374,3.57294079208374
247.903437614441,4.40460586547852,3.56860586547852
247.953436374664,4.38744926452637,3.55144926452637
248.003438472748,4.39859437942505,3.56259437942505
248.05344080925,4.38037729263306,3.54437729263306
248.103439331055,4.3908543586731,3.5548543586731
248.153440237045,4.37368488311768,3.53768488311768
248.203438282013,4.38375616073608,3.54775616073608
248.253438949585,4.36250066757202,3.52650066757202
248.303436756134,4.37265014648438,3.53665014648438
248.353444337845,4.36213397979736,3.52613397979736
248.403441667557,4.36746406555176,3.53146406555176
248.453439474106,4.35351657867432,3.51751657867432
248.503436088562,4.3636531829834,3.5276531829834
248.553439855576,4.34815979003906,3.51215979003906
248.603437662125,4.35603094100952,3.52003094100952
248.653438568115,4.34112691879272,3.50512691879272
248.703436851501,4.35197114944458,3.51597114944458
248.753439426422,4.33994817733765,3.50394817733765
248.803438425064,4.347740650177,3.511740650177
248.853439569473,4.32466459274292,3.48866459274292
248.90343952179,4.3422532081604,3.5062532081604
248.95343708992,4.31657123565674,3.48057123565674
249.003439664841,4.33797073364258,3.50197073364258
249.053440093994,4.3194260597229,3.4834260597229
249.103440999985,4.33362245559692,3.49762245559692
249.153440475464,4.31367635726929,3.47767635726929
249.203440189362,4.31709480285645,3.48109480285645
249.253438949585,4.30170631408691,3.46570631408691
249.303442239761,4.31548404693604,3.47948404693604
249.353450536728,4.3040246963501,3.4680246963501
249.403443813324,4.31341457366943,3.47741457366943
249.453442335129,4.2986946105957,3.4626946105957
249.503443241119,4.30558300018311,3.46958300018311
249.553446769714,4.29269599914551,3.45669599914551
249.603444576263,4.31552314758301,3.47952314758301
249.653443813324,4.28677654266357,3.45077654266357
249.7034471035,4.29688692092896,3.46088692092896
249.753449678421,4.28030681610107,3.44430681610107
249.803445339203,4.29864168167114,3.46264168167114
249.853449821472,4.28051614761353,3.44451614761353
249.903450250626,4.2955904006958,3.4595904006958
249.95344877243,4.27356195449829,3.43756195449829
250.003449678421,4.28993272781372,3.45393272781372
250.05344748497,4.26943683624268,3.43343683624268
250.103449583054,4.27370643615723,3.43770643615723
250.153454065323,4.26752471923828,3.43152471923828
250.203448295593,4.27636480331421,3.44036480331421
250.253457069397,4.26464319229126,3.42864319229126
250.303451776504,4.2652850151062,3.4292850151062
250.353470802307,4.25639295578003,3.42039295578003
250.403454303741,4.26402759552002,3.42802759552002
250.453448057175,4.2617621421814,3.4257621421814
250.503454208374,4.27109956741333,3.43509956741333
250.553453922272,4.28431415557861,3.44831415557861
250.603454351425,4.33499765396118,3.49899765396118
250.653456449509,4.33768272399902,3.50168272399902
250.703453779221,4.36580085754395,3.52980085754395
250.753484487534,4.35630607604981,3.5203060760498
250.803498744965,4.3779149055481,3.5419149055481
250.853487253189,4.39575242996216,3.55975242996216
250.903485059738,4.43281555175781,3.59681555175781
250.953457355499,4.43281555175781,3.59681555175781
251.003459453583,4.47129344940186,3.63529344940186
251.053459405899,4.4734148979187,3.6374148979187
251.103461503983,4.49288940429688,3.65688940429688
251.153456449509,4.50055074691772,3.66455074691772
251.203457832336,4.53444480895996,3.69844480895996
251.253458499908,4.5255913734436,3.6895913734436
251.30345749855,4.56351900100708,3.72751900100708
251.353461742401,4.55441665649414,3.71841665649414
251.403466463089,4.57433652877808,3.73833652877808
251.453457832336,4.57982397079468,3.74382397079468
251.503464221954,4.621994972229,3.785994972229
251.553458690643,4.62718105316162,3.79118105316162
251.603464841843,4.63304805755615,3.79704805755615
251.653460264206,4.63865327835083,3.80265327835083
251.703460931778,4.7022762298584,3.8662762298584
251.75345826149,4.65638637542725,3.82038637542725
251.803476810455,4.68328666687012,3.84728666687012
