t(s),F(N),F_corr(N)
0.000670194625854492,0.689544439315796,-0.0980555606842041
0.0505218505859375,0.691129088401794,-0.0964709115982055
0.100525617599487,0.690801739692688,-0.096798260307312
0.150520324707031,0.694298446178436,-0.0933015538215637
0.200525999069214,0.696773767471314,-0.0908262325286865
0.250518083572388,0.688522934913635,-0.0990770650863647
0.300518989562988,0.691011250019074,-0.0965887499809265
0.350520610809326,0.691757798194885,-0.0958422018051147
0.400521516799927,0.699785888195038,-0.0878141118049621
0.450523853302002,0.697140455245972,-0.0904595447540283
0.500529050827026,0.69982522726059,-0.0877747727394104
0.550544023513794,0.687095403671265,-0.100504596328735
0.600566387176514,0.696852326393127,-0.0907476736068725
0.650566339492798,0.688863456249237,-0.0987365437507629
0.700530529022217,0.701567053794861,-0.0860329462051391
0.750527381896973,0.685026109218597,-0.102573890781403
0.800531387329102,0.687016844749451,-0.100583155250549
0.850533008575439,0.6918625831604,-0.0957374168395996
0.900523900985718,0.697729706764221,-0.0898702932357788
0.950530767440796,0.687711000442505,-0.0998889995574951
1.00053119659424,0.695516467094421,-0.0920835329055786
1.05056357383728,0.689950406551361,-0.0976495934486389
1.10053253173828,0.690304040908814,-0.0972959590911865
1.15052795410156,0.694547355175018,-0.0930526448249817
1.20053243637085,0.701147973537445,-0.0864520264625549
1.25052738189697,0.694494962692261,-0.0931050373077392
1.30053544044495,0.694481790065765,-0.0931182099342346
1.35054349899292,0.694612801074982,-0.0929871989250183
1.40055394172668,0.693172156810761,-0.0944278431892395
1.45053362846375,0.679512560367584,-0.108087439632416
1.50053119659424,0.694704532623291,-0.092895467376709
1.55053210258484,0.688509821891785,-0.0990901781082153
1.60052967071533,0.701593279838562,-0.086006720161438
1.65053200721741,0.692884087562561,-0.0947159124374389
1.70053315162659,0.697939276695251,-0.0896607233047485
1.75053310394287,0.688470542430878,-0.0991294575691223
1.800532579422,0.699916899204254,-0.0876831007957458
1.85054731369019,0.686231017112732,-0.101368982887268
1.90054416656494,0.700741946697235,-0.0868580533027649
1.95054388046265,0.680730521678925,-0.106869478321075
2.00057721138,0.69973349571228,-0.0878665042877197
2.05058574676514,0.690133810043335,-0.097466189956665
2.10057830810547,0.710420250892639,-0.0771797491073608
2.15058183670044,0.681961596012116,-0.105638403987884
2.2005786895752,0.713720560073853,-0.0738794399261474
2.25054597854614,0.693421065807343,-0.0941789341926574
2.30054450035095,0.701959908008575,-0.0856400919914245
2.35056376457214,0.682446122169495,-0.105153877830505
2.40055513381958,0.707460522651672,-0.0801394773483276
2.4505500793457,0.688470542430878,-0.0991294575691223
2.5005476474762,0.704317271709442,-0.0832827282905578
2.5505485534668,0.68468564748764,-0.10291435251236
2.60055088996887,0.706294894218445,-0.0813051057815551
2.65055298805237,0.681948482990265,-0.105651517009735
2.70054936408997,0.69780832529068,-0.08979167470932
2.75054812431335,0.680520951747894,-0.107079048252106
2.80055046081543,0.699209690093994,-0.0883903099060058
2.85055541992187,0.677482545375824,-0.110117454624176
2.90055203437805,0.704775631427765,-0.0828243685722351
2.95055365562439,0.685445249080658,-0.102154750919342
3.00055336952209,0.706150829792023,-0.0814491702079773
3.05055594444275,0.68468564748764,-0.10291435251236
3.10055541992187,0.704291105270386,-0.0833088947296142
3.15056538581848,0.687671661376953,-0.0999283386230468
3.20056295394897,0.70508998632431,-0.0825100136756897
3.25055480003357,0.677757561206818,-0.109842438793182
3.30055403709412,0.700637221336365,-0.0869627786636352
3.35056090354919,0.684266567230225,-0.103333432769775
3.40055513381958,0.703086197376251,-0.0845138026237487
3.4505569934845,0.684711873531342,-0.102888126468658
3.50055456161499,0.70539116859436,-0.0822088314056396
3.55056405067444,0.674208462238312,-0.113391537761688
3.60055756568909,0.693591296672821,-0.0940087033271789
3.6505560874939,0.690068364143372,-0.0975316358566284
3.70055961608887,0.695097327232361,-0.0925026727676391
3.75056004524231,0.686191737651825,-0.101408262348175
3.80055689811707,0.70367556810379,-0.0839244318962097
3.8505585193634,0.686152398586273,-0.101447601413727
3.90055894851685,0.709765493869782,-0.0778345061302185
3.95056009292603,0.684030771255493,-0.103569228744507
4.00055813789368,0.701370596885681,-0.0862294031143188
4.05055856704712,0.679512560367584,-0.108087439632416
4.10056400299072,0.703452944755554,-0.0841470552444458
4.15056347846985,0.685772657394409,-0.101827342605591
4.20055961608887,0.697991669178009,-0.0896083308219909
4.25056290626526,0.680887639522553,-0.106712360477447
4.30056238174439,0.705548346042633,-0.0820516539573669
4.3505642414093,0.683912992477417,-0.103687007522583
4.40056443214417,0.701999247074127,-0.0856007529258728
4.4505660533905,0.691783964633942,-0.0958160353660583
4.5005624294281,0.709280908107758,-0.0783190918922424
4.55056142807007,0.689780175685883,-0.0978198243141174
4.60056328773499,0.706713974475861,-0.0808860255241394
4.65056467056274,0.692504227161408,-0.0950957728385925
4.70057249069214,0.700676441192627,-0.086923558807373
4.75056576728821,0.683808207511902,-0.103791792488098
4.80057120323181,0.706779420375824,-0.080820579624176
4.85057544708252,0.686767935752869,-0.100832064247131
4.90057325363159,0.705168604850769,-0.0824313951492309
4.95056581497192,0.688758671283722,-0.098841328716278
5.00057053565979,0.697336912155151,-0.0902630878448486
5.05057168006897,0.684816658496857,-0.102783341503143
5.10057353973389,0.71256810426712,-0.0750318957328796
5.15056681632996,0.687724053859711,-0.0998759461402893
5.20057606697083,0.704526841640472,-0.0830731583595276
5.25056982040405,0.682013988494873,-0.105586011505127
5.30057907104492,0.690133810043335,-0.097466189956665
5.35057091712952,0.678425490856171,-0.109174509143829
5.40057849884033,0.702117085456848,-0.0854829145431518
5.45057010650635,0.688955128192902,-0.0986448718070984
5.50057601928711,0.691181480884552,-0.096418519115448
5.55056929588318,0.687527596950531,-0.100072403049469
5.60058069229126,0.702038526535034,-0.0855614734649658
5.65057921409607,0.686047732830048,-0.101552267169952
5.70059084892273,0.698004841804504,-0.0895951581954956
5.75058150291443,0.696367740631104,-0.0912322593688965
5.80058574676514,0.707866489887238,-0.0797335101127624
5.85057663917542,0.68245929479599,-0.10514070520401
5.90058660507202,0.692844748497009,-0.0947552515029907
5.95057487487793,0.679813742637634,-0.107786257362366
6.00058436393738,0.705705523490906,-0.0818944765090942
6.05057597160339,0.688156187534332,-0.0994438124656677
6.10058331489563,0.70508998632431,-0.0825100136756897
6.15057969093323,0.692203044891357,-0.0953969551086425
6.20058989524841,0.699838280677795,-0.0877617193222046
6.25058007240295,0.690985083580017,-0.0966149164199829
6.30058813095093,0.700113296508789,-0.0874867034912109
6.35058546066284,0.692831695079803,-0.0947683049201965
6.40059733390808,0.697742879390717,-0.0898571206092834
6.45058083534241,0.682629525661469,-0.104970474338531
6.50058889389038,0.697232127189636,-0.0903678728103637
6.55058312416077,0.698450028896332,-0.0891499711036682
6.60059118270874,0.702745735645294,-0.0848542643547058
6.65058660507202,0.694363951683044,-0.0932360483169555
6.70059180259705,0.698240578174591,-0.0893594218254089
6.75058698654175,0.694835424423218,-0.0927645755767822
6.80059552192688,0.696407020092011,-0.0911929799079895
6.85058927536011,0.69821435213089,-0.0893856478691101
6.90059781074524,0.69982522726059,-0.0877747727394104
6.95059061050415,0.695608139038086,-0.091991860961914
7.00058794021606,0.692687571048737,-0.0949124289512634
7.0505895614624,0.698161959648132,-0.0894380403518676
7.10058808326721,0.702025413513184,-0.0855745864868164
7.1505880355835,0.698895335197449,-0.0887046648025512
7.20059013366699,0.697349965572357,-0.0902500344276428
7.25058698654175,0.706386625766754,-0.0812133742332458
7.30059194564819,0.70266717672348,-0.0849328232765197
7.35059261322022,0.697559475898743,-0.0900405241012573
7.40059733390808,0.693787693977356,-0.093812306022644
7.45062398910522,0.694233000278473,-0.0933669997215271
7.50063443183899,0.70125275850296,-0.0863472414970398
7.55064010620117,0.692464947700501,-0.0951350522994995
7.60064387321472,0.685772657394409,-0.101827342605591
7.65064406394959,0.697074949741364,-0.0905250502586364
7.70064425468445,0.694363951683044,-0.0932360483169555
7.750648021698,0.696276009082794,-0.0913239909172058
7.80065107345581,0.696184396743774,-0.0914156032562256
7.85063481330872,0.703073143959045,-0.0845268560409546
7.90063738822937,0.695856988430023,-0.0917430115699768
7.95064091682434,0.697363078594208,-0.0902369214057922
8.00064897537231,0.69194108247757,-0.0956589175224304
8.05064797401428,0.701174139976501,-0.0864258600234985
8.10064363479614,0.693957984447479,-0.0936420155525207
8.15064406394959,0.702117085456848,-0.0854829145431518
8.20062375068665,0.690788567066193,-0.0968114329338073
8.25062084197998,0.701278924942017,-0.0863210750579834
8.30061864852905,0.694560408592224,-0.0930395914077758
8.35061693191528,0.696695148944855,-0.0909048510551452
8.40061664581299,0.686925113201141,-0.100674886798859
8.45061826705933,0.691705405712128,-0.0958945942878723
8.50062227249146,0.688797950744629,-0.0988020492553711
8.55061721801758,0.69547712802887,-0.0921228719711303
8.60062003135681,0.691404104232788,-0.0961958957672119
8.65061521530151,0.703806519508362,-0.0837934804916381
8.70061731338501,0.691928029060364,-0.0956719709396362
8.75061511993408,0.699406147003174,-0.0881938529968261
8.80062508583069,0.686859667301178,-0.100740332698822
8.85062718391418,0.702863574028015,-0.0847364259719848
8.90061616897583,0.694534182548523,-0.093065817451477
8.95061540603638,0.692569732666016,-0.0950302673339843
9.0006160736084,0.688365757465363,-0.0992342425346374
9.05061745643616,0.703217208385468,-0.0843827916145324
9.10062026977539,0.682956874370575,-0.104643125629425
9.15061593055725,0.701030135154724,-0.0865698648452758
9.20062065124512,0.693211495876312,-0.0943885041236877
9.25061750411987,0.690788567066193,-0.0968114329338073
9.30062222480774,0.690225422382355,-0.0973745776176452
9.35062003135681,0.704828023910522,-0.0827719760894775
9.40062570571899,0.67982679605484,-0.10777320394516
9.45062136650085,0.703832745552063,-0.083767254447937
9.50061988830566,0.688483595848084,-0.0991164041519165
9.55062794685364,0.703518450260162,-0.0840815497398376
9.60062789916992,0.689754009246826,-0.0978459907531738
9.65062022209168,0.694756925106049,-0.0928430748939514
9.7006242275238,0.680599510669708,-0.107000489330292
9.75062680244446,0.703256487846375,-0.0843435121536255
9.80062603950501,0.683611750602722,-0.103988249397278
9.85062479972839,0.710983455181122,-0.0766165448188781
9.90062379837036,0.685707211494446,-0.101892788505554
9.95062613487244,0.699144184589386,-0.088455815410614
10.0006241798401,0.689086079597473,-0.0985139204025268
10.0506336688995,0.700466990470886,-0.0871330095291137
10.1006426811218,0.681634187698364,-0.105965812301636
10.1506259441376,0.706596076488495,-0.0810039235115051
10.2006278038025,0.691181480884552,-0.096418519115448
10.2506279945374,0.704107820987701,-0.0834921790122985
10.3006324768066,0.685523808002472,-0.102076191997528
10.3506283760071,0.707486689090729,-0.0801133109092712
10.4006288051605,0.685903608798981,-0.101696391201019
10.4506254196167,0.69628918170929,-0.0913108182907104
10.5006275177002,0.685969114303589,-0.101630885696411
10.550628900528,0.706386625766754,-0.0812133742332458
10.6006302833557,0.686767935752869,-0.100832064247131
10.6506280899048,0.707015216350555,-0.0805847836494445
10.7006328105927,0.684109389781952,-0.103490610218048
10.7506322860718,0.710760831832886,-0.0768391681671142
10.8006336688995,0.684135556221008,-0.103464443778992
10.850634098053,0.699393033981323,-0.0882069660186767
10.9006381034851,0.684593975543976,-0.103006024456024
10.9506299495697,0.71074765920639,-0.0768523407936096
11.0006325244904,0.687763333320618,-0.0998366666793823
11.0506346225739,0.707656919956207,-0.0799430800437927
11.1006395816803,0.687213242053986,-0.100386757946014
11.1506342887878,0.706556797027588,-0.0810432029724121
11.2006316184998,0.685956001281738,-0.101643998718262
11.2506368160248,0.704710185527802,-0.0828898144721985
11.3006339073181,0.685589253902435,-0.102010746097565
11.3506369590759,0.707329511642456,-0.0802704883575439
11.4006381034851,0.692320942878723,-0.0952790571212768
11.4506361484528,0.706517517566681,-0.0810824824333191
11.5006551742554,0.682236552238464,-0.105363447761536
11.5506839752197,0.711101353168488,-0.0764986468315124
11.6006865501404,0.695280730724335,-0.0923192692756652
11.6506843566895,0.709136843681335,-0.0784631563186645
11.7006859779358,0.682563960552216,-0.105036039447784
11.7506847381592,0.71649706363678,-0.0711029363632202
11.8006763458252,0.690173029899597,-0.0974269701004028
11.8506877422333,0.706569910049439,-0.0810300899505615
11.90065741539,0.681974649429321,-0.105625350570679
11.9506442546844,0.710197687149048,-0.0774023128509521
12.00066447258,0.685497641563416,-0.102102358436584
12.050687789917,0.708770155906677,-0.0788298440933227
12.100688457489,0.683611750602722,-0.103988249397278
12.1506826877594,0.709778547286987,-0.0778214527130127
12.2006533145905,0.686479866504669,-0.101120133495331
12.2506523132324,0.702680230140686,-0.0849197698593139
12.3006513118744,0.690827906131744,-0.0967720938682556
12.3506581783295,0.710105955600739,-0.0774940443992614
12.4006571769714,0.684004604816437,-0.103595395183563
12.4506537914276,0.708089113235474,-0.0795108867645263
12.5006532669067,0.686663150787354,-0.100936849212646
12.5506572723389,0.710184514522553,-0.0774154854774475
12.6006600856781,0.694363951683044,-0.0932360483169555
12.6506559848785,0.70266717672348,-0.0849328232765197
12.700660943985,0.692648351192474,-0.0949516488075256
12.75066447258,0.713065803050995,-0.0745341969490051
12.8006653785706,0.685248792171478,-0.102351207828522
12.8506631851196,0.700597941875458,-0.0870020581245422
12.9006609916687,0.694560408592224,-0.0930395914077758
12.9506595134735,0.716955423355103,-0.0706445766448974
13.000657081604,0.683467626571655,-0.104132373428345
13.050666809082,0.7021564245224,-0.0854435754776001
13.1006648540497,0.700807392597199,-0.0867926074028015
13.1506669521332,0.71700781583786,-0.0705921841621399
13.2006695270538,0.683218836784363,-0.104381163215637
13.25066614151,0.704592347145081,-0.0830076528549194
13.3006782531738,0.696524918079376,-0.0910750819206237
13.3506765365601,0.710354804992676,-0.0772451950073242
13.400669336319,0.690775513648987,-0.0968244863510131
13.4506683349609,0.70427805185318,-0.08332194814682
13.5006673336029,0.692949533462524,-0.0946504665374756
13.5506734848022,0.706150829792023,-0.0814491702079773
13.6007018089294,0.694429397583008,-0.0931706024169922
13.6507077217102,0.712476432323456,-0.0751235676765442
13.7007141113281,0.695647418498993,-0.091952581501007
13.7507102489471,0.708062887191772,-0.0795371128082275
13.8007152080536,0.687252521514893,-0.100347478485107
13.8507013320923,0.714650452136993,-0.0729495478630066
13.9007019996643,0.67144513130188,-0.11615486869812
13.9506807327271,0.692189991474152,-0.0954100085258484
14.0006973743439,0.690565943717957,-0.0970340562820434
14.0507221221924,0.720714151859283,-0.0668858481407165
14.100709438324,0.685956001281738,-0.101643998718262
14.150707244873,0.706229448318481,-0.0813705516815185
14.2007069587708,0.694887816905975,-0.0927121830940246
14.2507112026215,0.692988872528076,-0.0946111274719238
14.3006963729858,0.690736174583435,-0.0968638254165649
14.3506772518158,0.704173266887665,-0.0834267331123352
14.4006807804108,0.690120756626129,-0.0974792433738708
14.4506795406342,0.710394084453583,-0.0772059155464172
14.5006759166718,0.693224549293518,-0.0943754507064819
14.550678730011,0.700283586978912,-0.0873164130210876
14.6006860733032,0.695843875408173,-0.0917561245918274
14.6506795883179,0.707133054733276,-0.0804669452667236
14.7006816864014,0.691011250019074,-0.0965887499809265
14.7506785392761,0.705587685108185,-0.0820123148918152
14.8006842136383,0.697415471076965,-0.0901845289230346
14.8506925106049,0.701580107212067,-0.0860198927879333
14.9006841182709,0.693552017211914,-0.0940479827880859
14.9506807327271,0.709176123142242,-0.0784238768577575
15.000679731369,0.699091792106628,-0.0885082078933715
15.0506806373596,0.705443561077118,-0.082156438922882
15.100682258606,0.688876509666443,-0.0987234903335571
15.1506814956665,0.703754127025604,-0.0838458729743957
15.2006838321686,0.694966375827789,-0.0926336241722107
15.2506804466248,0.70316481590271,-0.08443518409729
15.300680398941,0.693722248077393,-0.0938777519226074
15.3506948947906,0.710511982440949,-0.0770880175590515
15.4006853103638,0.69114226102829,-0.0964577389717102
15.4506814479828,0.708337903022766,-0.0792620969772339
15.5006852149963,0.7008336186409,-0.0867663813591003
15.5507168769836,0.702379047870636,-0.085220952129364
15.6007144451141,0.699471652507782,-0.088128347492218
15.6507108211517,0.705757915973663,-0.0818420840263366
15.7006878852844,0.706452071666718,-0.0811479283332824
15.7506868839264,0.70236599445343,-0.0852340055465698
15.8006858825684,0.703492283821106,-0.084107716178894
15.8506982326508,0.704566180706024,-0.0830338192939758
15.9006886482239,0.703688681125641,-0.0839113188743591
15.9506869316101,0.709529757499695,-0.0780702425003051
16.0006844997406,0.694390177726746,-0.0932098222732544
16.0506858825684,0.70751291513443,-0.08008708486557
16.1006858348846,0.70125275850296,-0.0863472414970398
16.1506893634796,0.694940209388733,-0.0926597906112671
16.2007055282593,0.705980539321899,-0.0816194606781006
16.2506928443909,0.702208817005158,-0.0853911829948425
16.3006892204285,0.703125536441803,-0.084474463558197
16.3506979942322,0.709503531455994,-0.0780964685440063
16.4006941318512,0.704251825809479,-0.0833481741905212
16.4506919384003,0.707840263843536,-0.0797597361564636
16.5006902217865,0.706949770450592,-0.0806502295494079
16.550689458847,0.703479111194611,-0.0841208888053894
16.6006953716278,0.704461395740509,-0.0831386042594909
16.6506907939911,0.706019878387451,-0.0815801216125488
16.7006957530975,0.708586812019348,-0.0790131879806518
16.750693321228,0.703204154968262,-0.0843958450317382
16.8006932735443,0.700715780258179,-0.0868842197418213
16.8507070541382,0.707997441291809,-0.0796025587081909
16.90070271492,0.702601671218872,-0.0849983287811279
16.9506933689117,0.700702667236328,-0.0868973327636718
17.0006945133209,0.703282713890076,-0.0843172861099243
17.0506963729858,0.696053445339203,-0.0915465546607971
17.1006991863251,0.705168604850769,-0.0824313951492309
17.1506938934326,0.698083400726318,-0.0895165992736816
17.2006998062134,0.700689613819122,-0.0869103861808777
17.2506997585297,0.695333123207092,-0.0922668767929077
17.3007020950317,0.704867362976074,-0.0827326370239257
17.3507115840912,0.701684892177582,-0.0859151078224182
17.4007015228271,0.703033804893494,-0.0845661951065063
17.450700044632,0.703046977519989,-0.084553022480011
17.5006976127625,0.709595203399658,-0.0780047966003418
17.5506982803345,0.698397636413574,-0.0892023635864257
17.6007068157196,0.706674635410309,-0.0809253645896911
17.6507067680359,0.698397636413574,-0.0892023635864257
17.7007069587708,0.706124663352966,-0.0814753366470337
17.7507057189941,0.69619745016098,-0.0914025498390197
17.8007106781006,0.70831173658371,-0.0792882634162902
17.8507041931152,0.693342447280884,-0.0942575527191162
17.9007081985474,0.708757042884827,-0.0788429571151733
17.9507043361664,0.697088062763214,-0.0905119372367859
18.0007071495056,0.707185447216034,-0.080414552783966
18.0507037639618,0.696891605854034,-0.0907083941459655
18.1007368564606,0.709372580051422,-0.0782274199485778
18.1507384777069,0.696747541427612,-0.0908524585723877
18.2007184028625,0.7108393907547,-0.0767606092453003
18.2507047653198,0.689989745616913,-0.0976102543830871
18.3007054328918,0.703806519508362,-0.0837934804916381
18.3507091999054,0.688169360160828,-0.0994306398391723
18.4007127285004,0.705011427402496,-0.0825885725975036
18.4507083892822,0.696577250957489,-0.091022749042511
18.5007071495056,0.70972615480423,-0.0778738451957702
18.550710439682,0.690605282783508,-0.0969947172164917
18.6007096767426,0.706294894218445,-0.0813051057815551
18.6507091522217,0.701436102390289,-0.0861638976097107
18.7007088661194,0.706962823867798,-0.0806371761322021
18.7507107257843,0.692622125148773,-0.0949778748512268
18.8007144927979,0.707394957542419,-0.0802050424575805
18.850711107254,0.696380794048309,-0.0912192059516906
18.9007143974304,0.715868413448334,-0.0717315865516662
18.9507195949554,0.697218954563141,-0.0903810454368591
19.0007178783417,0.714755237102509,-0.0728447628974914
19.050713300705,0.689269423484802,-0.0983305765151977
19.1007227897644,0.718068659305573,-0.0695313406944275
19.1507234573364,0.688889682292938,-0.0987103177070617
19.2007133960724,0.712515711784363,-0.0750842882156372
19.2507109642029,0.686728715896606,-0.100871284103394
19.3007137775421,0.71669352054596,-0.0709064794540405
19.3507134914398,0.689426600933075,-0.098173399066925
19.4007158279419,0.708743989467621,-0.0788560105323791
19.4507148265839,0.690159976482391,-0.0974400235176086
19.5007257461548,0.711402535438538,-0.0761974645614624
19.5507147312164,0.692360162734985,-0.0952398372650146
19.6007163524628,0.722482144832611,-0.0651178551673889
19.6507241725922,0.688680112361908,-0.098919887638092
19.7007303237915,0.709045171737671,-0.0785548282623291
19.7507264614105,0.697572648525238,-0.0900273514747619
19.8007271289825,0.725337207317352,-0.0622627926826477
19.8507282733917,0.69710111618042,-0.09049888381958
19.9007227420807,0.704657793045044,-0.082942206954956
19.9507324695587,0.699969291687012,-0.0876307083129882
20.0007631778717,0.712515711784363,-0.0750842882156372
20.0507657527924,0.704841196537018,-0.0827588034629821
20.1007659435272,0.705024540424347,-0.082575459575653
20.1507620811462,0.697939276695251,-0.0896607233047485
20.2007629871368,0.716274440288544,-0.0713255597114563
20.2507448196411,0.678569555282593,-0.109030444717407
20.3007328510284,0.712555050849915,-0.0750449491500854
20.3507318496704,0.700558602809906,-0.087041397190094
20.4007313251495,0.719679534435272,-0.0679204655647277
20.4507315158844,0.694691359996796,-0.0929086400032043
20.5007386207581,0.722259521484375,-0.065340478515625
20.5507292747498,0.708612978458405,-0.0789870215415954
20.6007468700409,0.714938580989838,-0.0726614190101623
20.6507346630096,0.693250715732574,-0.0943492842674255
20.7007451057434,0.717309057712555,-0.070290942287445
20.7507350444794,0.688771724700928,-0.0988282752990722
20.8007485866547,0.719692587852478,-0.0679074121475219
20.8507361412048,0.702470660209656,-0.0851293397903442
20.9007506370544,0.714454054832459,-0.0731459451675415
20.9507420063019,0.69497948884964,-0.0926205111503601
21.0007438659668,0.70871776342392,-0.0788822365760803
21.0507388114929,0.68417489528656,-0.10342510471344
21.1007387638092,0.721932113170624,-0.0656678868293762
21.1507382392883,0.693316280841827,-0.0942837191581726
21.2007403373718,0.715030252933502,-0.0725697470664978
21.250739812851,0.703492283821106,-0.084107716178894
21.3007388114929,0.725376486778259,-0.0622235132217407
21.3507521152496,0.702693343162537,-0.0849066568374633
21.4007453918457,0.713825345039368,-0.0737746549606323
21.4507398605347,0.706072270870209,-0.0815277291297912
21.5007743835449,0.715789914131165,-0.0718100858688354
21.5507891178131,0.700964570045471,-0.0866354299545288
21.6007926464081,0.720426082611084,-0.067173917388916
21.650794506073,0.702509999275208,-0.0850900007247924
21.7007944583893,0.723739445209503,-0.0638605547904968
21.7507984638214,0.705024540424347,-0.082575459575653
21.8008015155792,0.716955423355103,-0.0706445766448974
21.8508064746857,0.712397873401642,-0.0752021265983581
21.900803565979,0.720884442329407,-0.0667155576705932
21.9507882595062,0.703217208385468,-0.0843827916145324
22.0007627010345,0.720556974411011,-0.0670430255889892
22.0507597923279,0.704304218292236,-0.0832957817077636
22.1007692813873,0.722442924976349,-0.0651570750236511
22.1507797241211,0.708874881267548,-0.0787251187324524
22.2007677555084,0.714192092418671,-0.0734079075813293
22.2507612705231,0.703610122203827,-0.0839898777961731
22.3007636070251,0.714506447315216,-0.0730935526847839
22.3507685661316,0.697074949741364,-0.0905250502586364
22.400787115097,0.71721738576889,-0.0703826142311096
22.4507694244385,0.706229448318481,-0.0813705516815185
22.5007829666138,0.720059335231781,-0.067540664768219
22.5507833957672,0.705928146839142,-0.0816718531608581
22.6007676124573,0.712974071502686,-0.0746259284973144
22.6507642269135,0.71296101808548,-0.0746389819145202
22.7007665634155,0.716955423355103,-0.0706445766448974
22.7507638931274,0.709490418434143,-0.0781095815658569
22.8007655143738,0.713340818881989,-0.0742591811180114
22.8507678508759,0.709660708904266,-0.0779392910957336
22.9007740020752,0.721709430217743,-0.065890569782257
22.9507651329041,0.709896445274353,-0.0777035547256469
23.0007655620575,0.716418504714966,-0.0711814952850341
23.0507683753967,0.711179852485657,-0.0764201475143432
23.1007676124573,0.722822666168213,-0.0647773338317871
23.1507713794708,0.712987184524536,-0.0746128154754638
23.2007672786713,0.717361450195313,-0.0702385498046875
23.2507734298706,0.700872957706451,-0.0867270422935485
23.3007750511169,0.716719686985016,-0.0708803130149841
23.3507719039917,0.71589457988739,-0.0717054201126098
23.4007716178894,0.714650452136993,-0.0729495478630066
23.4507732391357,0.714244484901428,-0.0733555150985717
23.500771522522,0.713301539421082,-0.0742984605789184
23.5507714748383,0.720150947570801,-0.0674490524291992
23.6007714271545,0.712515711784363,-0.0750842882156372
23.6507761478424,0.711625158786774,-0.0759748412132263
23.7007730007172,0.71589457988739,-0.0717054201126098
23.7507741451263,0.707565307617188,-0.0800346923828125
23.8007779121399,0.706792593002319,-0.0808074069976806
23.8507764339447,0.720674872398376,-0.0669251276016235
23.9007744789124,0.711664497852325,-0.0759355021476745
23.9507732391357,0.712240695953369,-0.0753593040466308
24.0007791519165,0.707840263843536,-0.0797597361564636
24.0507745742798,0.715226769447327,-0.0723732305526733
24.1007764339447,0.707866489887238,-0.0797335101127624
24.1507875919342,0.715711295604706,-0.0718887043952942
24.2007904052734,0.705037593841553,-0.0825624061584472
24.2507829666138,0.714323043823242,-0.0732769561767578
24.3007860183716,0.709647595882416,-0.0779524041175842
24.3507876396179,0.712987184524536,-0.0746128154754638
24.40079164505,0.705037593841553,-0.0825624061584472
24.4507820606232,0.71235853433609,-0.0752414656639099
24.5007836818695,0.705351948738098,-0.0822480512619018
24.5507867336273,0.712450265884399,-0.0751497341156006
24.6007924079895,0.707146167755127,-0.080453832244873
24.650782585144,0.715344607830048,-0.0722553921699524
24.7007839679718,0.703570783138275,-0.0840292168617248
24.7507934570312,0.717060208320618,-0.0705397916793823
24.8007936477661,0.709241569042206,-0.0783584309577942
24.8507916927338,0.711978733539581,-0.0756212664604187
24.9007940292358,0.705351948738098,-0.0822480512619018
24.9507894515991,0.721866607666016,-0.0657333923339843
25.0007891654968,0.706687808036804,-0.0809121919631958
25.0507876873016,0.71529221534729,-0.0723077846527099
25.1007912158966,0.703321993350983,-0.0842780066490173
25.15078997612,0.715423166751862,-0.0721768332481384
25.200793504715,0.701213479042053,-0.0863865209579467
25.2507858276367,0.712162137031555,-0.0754378629684448
25.3007907867432,0.700689613819122,-0.0869103861808777
25.3507919311523,0.718736588954926,-0.0688634110450744
25.4007921218872,0.707381904125214,-0.0802180958747863
25.4507918357849,0.722442924976349,-0.0651570750236511
25.5008060932159,0.708049833774567,-0.0795501662254333
25.5508351325989,0.721722602844238,-0.0658773971557617
25.6008448600769,0.70194685459137,-0.0856531454086303
25.6508495807648,0.712135910987854,-0.075464089012146
25.7008492946625,0.702405214309692,-0.0851947856903076
25.7508330345154,0.721526145935059,-0.0660738540649414
25.8008298873901,0.709503531455994,-0.0780964685440063
25.8508007526398,0.723700165748596,-0.0638998342514038
25.9008047580719,0.698436975479126,-0.089163024520874
25.950802564621,0.717479348182678,-0.0701206518173217
26.0007984638214,0.702077805995941,-0.0855221940040588
26.050811290741,0.716588735580444,-0.0710112644195556
26.1008155345917,0.697035670280457,-0.0905643297195434
26.1508095264435,0.723529875278473,-0.0640701247215271
26.2008035182953,0.697821438312531,-0.0897785616874694
26.2508070468903,0.719365239143372,-0.0682347608566284
26.3008046150208,0.696485579013824,-0.0911144209861755
26.3508193492889,0.731440246105194,-0.0561597538948059
26.4008157253265,0.709385693073273,-0.0782143069267273
26.4508097171783,0.72367399930954,-0.0639260006904602
26.5008034706116,0.693748414516449,-0.093851585483551
26.5508065223694,0.72579562664032,-0.0618043733596801
26.6008100509644,0.69335550069809,-0.0942444993019104
26.6508059501648,0.719744980335236,-0.0678550196647644
26.7008063793182,0.700388371944428,-0.0872116280555725
26.7508065700531,0.719889104366303,-0.0677108956336975
26.8008134365082,0.714008748531342,-0.0735912514686584
26.8508083820343,0.721905946731567,-0.0656940532684326
26.9008095264435,0.700440764427185,-0.0871592355728149
26.9508092403412,0.723228693008423,-0.0643713069915771
27.0008084774017,0.704697132110596,-0.0829028678894043
27.0508079528809,0.712397873401642,-0.0752021265983581
27.1008098125458,0.698358416557312,-0.089241583442688
27.1508076190948,0.726489722728729,-0.0611102772712707
27.2008113861084,0.704382836818695,-0.0832171631813049
27.2508108615875,0.724538326263428,-0.0630616737365722
27.3008115291595,0.709568977355957,-0.0780310226440429
27.3508234024048,0.730012655258179,-0.0575873447418213
27.4008250236511,0.70882248878479,-0.0787775112152099
27.4508173465729,0.727105259895325,-0.0604947401046753
27.5008180141449,0.709241569042206,-0.0783584309577942
27.5508205890655,0.728244602680206,-0.0593553973197937
27.6008384227753,0.708508193492889,-0.0790918065071106
27.6508667469025,0.735238134860992,-0.0523618651390075
27.7008554935455,0.712934851646423,-0.0746651483535766
27.7508704662323,0.726136147975922,-0.0614638520240783
27.8008577823639,0.712410926818848,-0.0751890731811523
27.8508541584015,0.73801463842392,-0.0495853615760803
27.9008531570435,0.711323976516724,-0.0762760234832763
27.9508633613586,0.728126764297485,-0.0594732357025146
28.0008618831634,0.707277119159699,-0.0803228808403015
28.0508685112,0.732592701911926,-0.0550072980880737
28.1008548736572,0.714349269866943,-0.0732507301330566
28.1508569717407,0.74014937877655,-0.0474506212234497
28.2008631229401,0.709411799907684,-0.0781882000923156
28.2508616447449,0.737477660179138,-0.0501223398208618
28.3008830547333,0.712018072605133,-0.0755819273948669
28.3508598804474,0.731479465961456,-0.0561205340385437
28.400844335556,0.707290172576904,-0.0803098274230957
28.450840473175,0.737097918987274,-0.0505020810127258
28.5008351802826,0.716326832771301,-0.0712731672286987
28.5508360862732,0.730261504650116,-0.057338495349884
28.6008429527283,0.714493274688721,-0.0731067253112793
28.6508359909058,0.73983508348465,-0.0477649165153503
28.7008461952209,0.711795389652252,-0.0758046103477478
28.7508366107941,0.730471014976501,-0.0571289850234985
28.8008422851562,0.718160331249237,-0.0694396687507629
28.8508353233337,0.735120296478272,-0.0524797035217285
28.9008402824402,0.717688798904419,-0.069911201095581
28.9508399963379,0.736089468002319,-0.0515105319976806
29.0008354187012,0.716745913028717,-0.0708540869712829
29.0508403778076,0.732291460037231,-0.0553085399627685
29.1008384227753,0.717164993286133,-0.0704350067138672
29.1508383750916,0.725939631462097,-0.0616603685379028
29.2008380889893,0.711887121200562,-0.0757128787994384
29.2508406639099,0.728008925914764,-0.0595910740852356
29.3008391857147,0.713393211364746,-0.0742067886352539
29.3508400917053,0.724970519542694,-0.0626294804573059
29.4008402824402,0.718985438346863,-0.0686145616531372
29.4508423805237,0.722717881202698,-0.0648821187973022
29.5008385181427,0.718435347080231,-0.0691646529197693
29.5508549213409,0.735342919826508,-0.0522570801734924
29.6008694171906,0.728637516498566,-0.0589624835014343
29.6508700847626,0.726319491863251,-0.0612805081367492
29.7008450031281,0.720779657363892,-0.0668203426361084
29.7508392333984,0.723595380783081,-0.0640046192169189
29.8008439540863,0.719967603683472,-0.0676323963165283
29.8508417606354,0.721185624599457,-0.0664143754005432
29.9008417129517,0.716994762420654,-0.0706052375793457
29.9508435726166,0.727681457996368,-0.0599185420036316
30.0008413791656,0.72741961479187,-0.0601803852081298
30.0508434772491,0.719365239143372,-0.0682347608566284
30.1008453369141,0.725062251091003,-0.0625377489089965
30.1508445739746,0.722848892211914,-0.0647511077880859
30.2008492946625,0.718736588954926,-0.0688634110450744
30.2508444786072,0.724669277667999,-0.0629307223320007
30.3008458614349,0.720085501670837,-0.0675144983291626
30.3508450984955,0.727694630622864,-0.0599053693771362
30.4008572101593,0.727236211299896,-0.0603637887001037
30.4508459568024,0.719430685043335,-0.068169314956665
30.5008552074432,0.717623353004456,-0.0699766469955444
30.5508563518524,0.718094885349274,-0.0695051146507263
30.6008715629578,0.727537453174591,-0.0600625468254089
30.6508615016937,0.716523289680481,-0.071076710319519
30.7008571624756,0.721630930900574,-0.0659690690994262
30.7508671283722,0.723097681999207,-0.0645023180007934
30.8008904457092,0.72508841753006,-0.0625115824699402
30.8508808612823,0.717832922935486,-0.0697670770645141
30.9008710384369,0.726371824741364,-0.0612281752586364
30.9508759975433,0.717728137969971,-0.0698718620300293
31.0008542537689,0.731309235095978,-0.0562907649040222
31.0508551597595,0.713903963565826,-0.0736960364341735
31.1008551120758,0.725376486778259,-0.0622235132217407
31.1508576869965,0.723962128162384,-0.0636378718376159
31.2008578777313,0.729462623596191,-0.0581373764038086
31.2508563995361,0.719208061695099,-0.0683919383049011
31.3008604049683,0.728323221206665,-0.0592767787933349
31.3508653640747,0.71589457988739,-0.0717054201126098
31.4008572101593,0.73124372959137,-0.0563562704086303
31.4508564472198,0.714440882205963,-0.0731591177940368
31.5008599758148,0.720517694950104,-0.0670823050498962
31.5508568286896,0.717911541461945,-0.0696884585380554
31.6008584499359,0.726280152797699,-0.061319847202301
31.6508617401123,0.710459589958191,-0.077140410041809
31.7008633613586,0.733627259731293,-0.0539727402687072
31.750864982605,0.718134105205536,-0.0694658947944641
31.800858259201,0.730837762355804,-0.0567622376441955
31.8508594036102,0.715999364852905,-0.0716006351470947
31.9008631706238,0.733090341091156,-0.054509658908844
31.9508619308472,0.720216512680054,-0.0673834873199463
32.0008676052093,0.728205382823944,-0.0593946171760559
32.050865650177,0.717361450195313,-0.0702385498046875
32.1008713245392,0.732095003128052,-0.0555049968719482
32.1508634090424,0.712869346141815,-0.0747306538581848
32.2008738517761,0.731872379779816,-0.0557276202201843
32.2508671283722,0.713078856468201,-0.0745211435317993
32.3008732795715,0.726031363010407,-0.0615686369895935
32.3508725166321,0.709464192390442,-0.0781358076095581
32.4008641242981,0.732631981372833,-0.0549680186271667
32.4508669376373,0.704186320304871,-0.0834136796951294
32.5008623600006,0.725913465023041,-0.0616865349769592
32.5508644580841,0.717138826847076,-0.0704611731529235
32.6008636951447,0.734360754489899,-0.0532392455101013
32.6508684158325,0.714506447315216,-0.0730935526847839
32.7008640766144,0.734072625637054,-0.0535273743629455
32.7508642673492,0.707892656326294,-0.079707343673706
32.8008697032928,0.733326077461243,-0.0542739225387573
32.8508658409119,0.72004622220993,-0.0675537777900695
32.9008724689484,0.730484127998352,-0.0571158720016479
32.9508700370789,0.716968595981598,-0.0706314040184021
33.0008676052093,0.740895926952362,-0.0467040730476379
33.05087018013,0.713131248950958,-0.0744687510490417
33.1008667945862,0.728362500667572,-0.0592374993324279
33.1508665084839,0.70963454246521,-0.07796545753479
33.2008681297302,0.733299911022186,-0.0543000889778137
33.2508687973022,0.718880653381348,-0.0687193466186523
33.3008668422699,0.732448577880859,-0.0551514221191406
33.3508760929108,0.713995695114136,-0.0736043048858642
33.4008724689484,0.734321415424347,-0.053278584575653
33.4508805274963,0.717531740665436,-0.0700682593345642
33.5008964538574,0.730890154838562,-0.056709845161438
33.5508887767792,0.718788921833038,-0.0688110781669616
33.6008715629578,0.739599287509918,-0.0480007124900818
33.650869846344,0.72053074836731,-0.0670692516326904
33.7008683681488,0.73519891500473,-0.0524010849952697
33.7508850097656,0.706871151924133,-0.0807288480758667
33.800888299942,0.730117440223694,-0.0574825597763061
33.8508915901184,0.717348396778107,-0.0702516032218933
33.9008781909943,0.741851925849915,-0.0457480741500854
33.9508745670319,0.721395194530487,-0.0662048054695129
34.0008714199066,0.741917431354523,-0.0456825686454773
34.0508894920349,0.713877737522125,-0.0737222624778747
34.1009042263031,0.742428183555603,-0.0451718164443969
34.1509068012238,0.713353931903839,-0.0742460680961609
34.2009081840515,0.743423521518707,-0.0441764784812927
34.2509024143219,0.725717008113861,-0.0618829918861389
34.3009033203125,0.738604009151459,-0.0489959908485412
34.3509187698364,0.724315702915192,-0.0632842970848083
34.4008851051331,0.740372002124786,-0.0472279978752136
34.4508864879608,0.722128570079803,-0.0654714299201965
34.5008904933929,0.745964229106903,-0.0416357708930969
34.5508818626404,0.730405569076538,-0.0571944309234619
34.6008801460266,0.739743411540985,-0.0478565884590149
34.6508791446686,0.728742301464081,-0.0588576985359192
34.7008843421936,0.747247695922852,-0.0403523040771484
34.7508792877197,0.70993572473526,-0.07766427526474
34.8008844852448,0.736377596855164,-0.0512224031448364
34.8508839607239,0.721604764461517,-0.0659952355384826
34.9008922576904,0.745754718780518,-0.0418452812194824
34.950886964798,0.730601966381073,-0.056998033618927
35.0008852481842,0.743318736553192,-0.0442812634468078
35.0508918762207,0.742048382759094,-0.0455516172409057
35.1008870601654,0.747129797935486,-0.0404702020645141
35.1508860588074,0.732959389686585,-0.0546406103134155
35.200886964798,0.735211968421936,-0.0523880315780639
35.2508912086487,0.721617817878723,-0.0659821821212768
35.3008880615234,0.742611527442932,-0.0449884725570678
35.3508880138397,0.736705005168915,-0.0508949948310852
35.4008915424347,0.738970696926117,-0.048629303073883
35.4508926868439,0.732527196407318,-0.0550728035926819
35.5008873939514,0.746789276599884,-0.0408107234001159
35.5508959293365,0.726529002189636,-0.0610709978103637
35.600937128067,0.751818358898163,-0.0357816411018371
35.6509313583374,0.739363551139832,-0.0482364488601684
35.7009422779083,0.742244839668274,-0.045355160331726
35.7509315013885,0.730117440223694,-0.0574825597763061
35.8009419441223,0.737530052661896,-0.0500699473381042
35.8509256839752,0.736233532428741,-0.0513664675712585
35.9009263515472,0.743515133857727,-0.0440848661422729
35.9509098529816,0.732396185398102,-0.0552038146018982
36.0009081363678,0.741878092288971,-0.045721907711029
36.0509009361267,0.740267217159271,-0.0473327828407287
36.1009035110474,0.736888349056244,-0.0507116509437561
36.1508982181549,0.734530985355377,-0.0530690146446228
36.2009088993072,0.737386047840118,-0.0502139521598816
36.2509007453918,0.733902394771576,-0.053697605228424
36.3008985519409,0.749984860420227,-0.0376151395797729
36.3508996963501,0.731950998306274,-0.0556490016937256
36.4009048938751,0.740817308425903,-0.0467826915740966
36.4508986473083,0.735094130039215,-0.0525058699607849
36.5008981227875,0.742297232151032,-0.0453027678489685
36.5509009361267,0.749068140983582,-0.0385318590164184
36.6009032726288,0.739821910858154,-0.0477780891418457
36.6509149074554,0.742742419242859,-0.0448575807571411
36.7009191513061,0.744418859481812,-0.0431811405181884
36.7509253025055,0.744170010089874,-0.0434299899101257
36.8009262084961,0.737608671188355,-0.0499913288116455
36.8509061336517,0.741825699806213,-0.0457743001937866
36.9009177684784,0.736678779125214,-0.0509212208747863
36.9509081840515,0.745335578918457,-0.0422644210815429
37.0009093284607,0.732618927955627,-0.0549810720443725
37.0509161949158,0.748085856437683,-0.0395141435623169
37.1009221076965,0.739062368869782,-0.0485376311302185
37.150908946991,0.733470141887665,-0.0541298581123352
37.200911283493,0.741341114044189,-0.0462588859558105
37.2509076595306,0.745191514492035,-0.0424084855079651
37.3009171485901,0.729593634605408,-0.0580063653945923
37.350909948349,0.740306556224823,-0.047293443775177
37.400915145874,0.728558957576752,-0.0590410424232483
37.4509084224701,0.740764915943146,-0.0468350840568542
37.5009121894836,0.737097918987274,-0.0505020810127258
37.5509107112885,0.739193320274353,-0.0484066797256469
37.6009142398834,0.736482381820679,-0.0511176181793213
37.6509091854095,0.742388844490051,-0.0452111555099487
37.700915813446,0.736115634441376,-0.0514843655586242
37.7509105205536,0.746867835521698,-0.040732164478302
37.8009204864502,0.724931240081787,-0.0626687599182129
37.8509118556976,0.743083000183106,-0.0445169998168945
37.9009289741516,0.733339250087738,-0.0542607499122619
37.950911283493,0.740411281585693,-0.0471887184143066
38.0009136199951,0.735395312309265,-0.0522046876907348
38.0509135723114,0.743646144866943,-0.0439538551330566
38.1009199619293,0.728048205375671,-0.0595517946243286
38.1509120464325,0.744890332221985,-0.0427096677780151
38.2009181976318,0.73104727268219,-0.05655272731781
38.250917673111,0.745964229106903,-0.0416357708930969
38.3009185791016,0.727223098278046,-0.0603769017219543
38.3509151935577,0.733483254909515,-0.0541167450904846
38.4009215831757,0.730916321277618,-0.0566836787223816
38.4509222507477,0.742951989173889,-0.0446480108261108
38.500917673111,0.734910726547241,-0.0526892734527588
38.55091547966,0.753612577915192,-0.0339874220848083
38.6009161472321,0.727733850479126,-0.059866149520874
38.6509149074554,0.745859444141388,-0.041740555858612
38.7009189128876,0.727092146873474,-0.0605078531265258
38.7509174346924,0.744955778121948,-0.0426442218780517
38.8009262084961,0.729357838630676,-0.0582421613693237
38.8509163856506,0.746370255947113,-0.0412297440528869
38.9009199142456,0.731387853622437,-0.0562121463775634
38.9509162902832,0.749002635478973,-0.0385973645210266
39.0009188652039,0.731833040714264,-0.055766959285736
39.0509166717529,0.746069014072418,-0.0415309859275818
39.100917339325,0.727262437343597,-0.0603375626564026
39.150918006897,0.749107360839844,-0.0384926391601562
39.2009212970734,0.733705878257751,-0.0538941217422485
39.2509188652039,0.739271938800812,-0.0483280611991882
39.300920009613,0.72558605670929,-0.0620139432907104
39.3509249687195,0.745427310466766,-0.0421726895332336
39.4009320735931,0.72821843624115,-0.0593815637588501
39.4509582519531,0.751857697963715,-0.0357423020362854
39.5009667873383,0.724407374858856,-0.0631926251411438
39.5509610176086,0.748308479785919,-0.0392915202140808
39.6009705066681,0.726083755493164,-0.0615162445068359
39.6509709358215,0.757462978363037,-0.0301370216369629
39.7009744644165,0.73095566034317,-0.0566443396568298
39.7509300708771,0.752407670021057,-0.0351923299789428
39.8009328842163,0.723595380783081,-0.0640046192169189
39.8509306907654,0.749408602714539,-0.0381913972854614
39.9009325504303,0.729619801044464,-0.0579801989555359
39.9509344100952,0.750102698802948,-0.037497301197052
40.0009443759918,0.737399101257324,-0.0502008987426757
40.0509309768677,0.751373112201691,-0.0362268877983093
40.1009418964386,0.72610992193222,-0.0614900780677795
40.1509351730347,0.748793065547943,-0.0388069344520569
40.2009456157684,0.736233532428741,-0.0513664675712585
40.2509326934815,0.756637871265411,-0.0309621287345886
40.3009471893311,0.732435524463654,-0.0551644755363464
40.3509337902069,0.747286975383759,-0.0403130246162414
40.400945186615,0.732514142990112,-0.0550858570098877
40.4509375095367,0.756493866443634,-0.0311061335563659
40.5009474754334,0.733457088470459,-0.054142911529541
40.5509386062622,0.757881999015808,-0.0297180009841919
40.6009473800659,0.728991150856018,-0.0586088491439819
40.6509399414063,0.755472302436829,-0.0321276975631714
40.7009518146515,0.723948955535889,-0.0636510444641113
40.750944852829,0.752486288547516,-0.0351137114524841
40.8009521961212,0.726804077625275,-0.0607959223747253
40.8509440422058,0.753887593746185,-0.0337124062538147
40.9009580612183,0.732959389686585,-0.0546406103134155
40.9509472846985,0.759794175624847,-0.0278058243751526
41.0009522438049,0.740843534469605,-0.0467564655303955
41.0509495735168,0.763749241828918,-0.0238507581710815
41.1009478569031,0.737215757369995,-0.0503842426300048
41.1509432792664,0.764364778995514,-0.023235221004486
41.2009587287903,0.737084746360779,-0.0505152536392212
41.2509586811066,0.763631403446198,-0.0239685965538025
41.30095911026,0.746291637420654,-0.0413083625793457
41.3509521484375,0.770035624504089,-0.0175643754959106
41.4009487628937,0.752420842647553,-0.0351791573524475
41.4509649276733,0.764443397521973,-0.0231566024780273
41.5009889602661,0.742087662220001,-0.0455123377799987
41.5509970188141,0.758785665035248,-0.0288143349647522
41.6010019779205,0.751307606697083,-0.0362923933029174
41.6509983539581,0.764102935791016,-0.0234970642089843
41.7009983062744,0.741170942783356,-0.0464290572166443
41.7510070800781,0.764063596725464,-0.0235364032745361
41.8010082244873,0.751189768314362,-0.0364102316856384
41.850992679596,0.767141282558441,-0.0204587174415588
41.9009952545166,0.747391760349274,-0.0402082396507263
41.9510009288788,0.767298460006714,-0.0203015399932861
42.0010051727295,0.745715379714966,-0.0418846202850341
42.0510087013245,0.765124440193176,-0.0224755598068237
42.1010041236877,0.754699647426605,-0.0329003525733947
42.1509959697723,0.757515370845795,-0.0300846291542053
42.2009992599487,0.751320719718933,-0.0362792802810669
42.250964641571,0.774134814739227,-0.0134651852607727
42.3009645938873,0.758563101291657,-0.0290368987083435
42.3509654998779,0.761745572090149,-0.025854427909851
42.4009690284729,0.746330916881561,-0.0412690831184387
42.4509651660919,0.760933518409729,-0.026666481590271
42.5009660720825,0.760724008083344,-0.0268759919166565
42.5509691238403,0.772248923778534,-0.015351076221466
42.600968837738,0.756781935691834,-0.0308180643081665
42.6509690284729,0.764220774173737,-0.0233792258262634
42.7009663581848,0.754201889038086,-0.033398110961914
42.7509698867798,0.7713583111763,-0.0162416888236999
42.8009676933289,0.758170127868652,-0.0294298721313476
42.8509805202484,0.767809212207794,-0.0197907877922058
42.9009702205658,0.760095357894897,-0.0275046421051025
42.9509694576263,0.767180621623993,-0.020419378376007
43.0009665489197,0.756952226161957,-0.0306477738380432
43.0509662628174,0.758929789066315,-0.0286702109336853
43.1009683609009,0.752748250961304,-0.0348517490386963
43.1509692668915,0.768215179443359,-0.0193848205566406
43.2009663581848,0.754241228103638,-0.0333587718963623
43.2509660720825,0.765897154808044,-0.0217028451919555
43.3009712696075,0.762583673000336,-0.0250163269996643
43.3509814739227,0.768254518508911,-0.0193454814910888
43.4009711742401,0.76165384054184,-0.0259461594581604
43.4509835243225,0.762282490730286,-0.0253175092697143
43.5010030269623,0.765281617641449,-0.022318382358551
43.5510025024414,0.765412569046021,-0.0221874309539795
43.6009848117828,0.75954532623291,-0.0280546737670898
43.6509702205658,0.764050543308258,-0.0235494566917419
43.7009708881378,0.764233887195587,-0.0233661128044128
43.750972032547,0.760029911994934,-0.0275700880050659
43.8009746074677,0.756153285503387,-0.0314467144966125
43.8509845733643,0.756218731403351,-0.0313812685966491
43.9009766578674,0.763867139816284,-0.0237328601837158
43.9509742259979,0.76166695356369,-0.0259330464363098
44.0009710788727,0.761509776115418,-0.0260902238845825
44.0510160923004,0.763029038906097,-0.0245709610939026
44.1010069847107,0.761470437049866,-0.0261295629501342
44.1510107517243,0.756598651409149,-0.0310013485908508
44.2010052204132,0.757489144802094,-0.0301108551979065
44.2510147094727,0.75166118144989,-0.0359388185501098
44.3010053634644,0.759571552276611,-0.0280284477233886
44.3510086536408,0.753193557262421,-0.0344064427375793
44.4010126590729,0.760514497756958,-0.027085502243042
44.4509847164154,0.756742656230927,-0.0308573437690735
44.5009782314301,0.76064544916153,-0.0269545508384704
44.5509803295136,0.755917549133301,-0.0316824508666992
44.6009795665741,0.76591020822525,-0.0216897917747497
44.6509838104248,0.761051416397095,-0.0265485836029052
44.700980424881,0.75862854719162,-0.0289714528083801
44.7509832382202,0.755171060562134,-0.0324289394378662
44.8009958267212,0.758877396583557,-0.0287226034164428
44.8509871959686,0.757515370845795,-0.0300846291542053
44.9009952545166,0.763382613658905,-0.0242173863410949
44.9509842395783,0.75599616765976,-0.0316038323402404
45.0009918212891,0.763159930706024,-0.0244400692939758
45.0509915351868,0.756205677986145,-0.0313943220138549
45.1009860038757,0.769708216190338,-0.0178917838096618
45.1509969234467,0.758013010025024,-0.0295869899749756
45.200991153717,0.764011204242706,-0.0235887957572937
45.2509863376617,0.751569509506226,-0.0360304904937744
45.3009865283966,0.766866266727448,-0.0207337332725525
45.3509888648987,0.756192564964294,-0.0314074350357055
45.4009885787964,0.760331094264984,-0.0272689057350158
45.4509902000427,0.7539923787117,-0.0336076212882995
45.5009872913361,0.768529534339905,-0.0190704656600952
45.5509946346283,0.755616366863251,-0.0319836331367492
45.6009912490845,0.763526618480682,-0.0240733815193176
45.6509912014008,0.75256484746933,-0.0350351525306701
45.700989484787,0.769367694854736,-0.0182323051452636
45.7509906291962,0.758379697799683,-0.0292203022003173
45.8009903430939,0.763971924781799,-0.0236280752182006
45.8509912490845,0.751202821731567,-0.0363971782684326
45.9009916782379,0.769118845462799,-0.0184811545372009
45.9509954452515,0.750770628452301,-0.0368293715476989
46.0009915828705,0.767232894897461,-0.020367105102539
46.050993680954,0.753455400466919,-0.034144599533081
46.1009907722473,0.767193675041199,-0.0204063249588012
46.1509945392609,0.741223275661469,-0.0463767243385315
46.2009928226471,0.763657629489899,-0.0239423705101013
46.250997543335,0.749395549297333,-0.0382044507026672
46.3010075092316,0.763448059558868,-0.0241519404411316
46.3510282039642,0.745964229106903,-0.0416357708930969
46.4010264873505,0.775601625442505,-0.0119983745574951
46.4510016441345,0.744156897068024,-0.0434431029319763
46.5009963512421,0.778666198253632,-0.00893380174636837
46.5509965419769,0.74418306350708,-0.0434169364929199
46.6009950637817,0.770769000053406,-0.0168309999465942
46.6509969234467,0.74792867898941,-0.0396713210105896
46.7009959220886,0.763644576072693,-0.0239554239273071
46.7510001659393,0.75600928068161,-0.0315907193183899
46.8009955883026,0.76660430431366,-0.0209956956863403
46.850998878479,0.750194430351257,-0.0374055696487426
46.9009985923767,0.77105712890625,-0.01654287109375
46.9509997367859,0.749578893184662,-0.0380211068153381
47.0009987354279,0.76812356710434,-0.0194764328956604
47.0510051250458,0.750194430351257,-0.0374055696487426
47.1009974479675,0.776059985160828,-0.0115400148391723
47.1509981155396,0.750456273555756,-0.0371437264442444
47.2010023593903,0.767219841480255,-0.0203801585197448
47.2510046958923,0.74902880191803,-0.0385711980819702
47.3009986877441,0.771214306354523,-0.0163856936454773
47.3510012626648,0.766407907009125,-0.0211920929908752
47.4010014533997,0.769092679023743,-0.0185073209762573
47.4510040283203,0.749997913837433,-0.0376020861625671
47.5010046958923,0.771463096141815,-0.0161369038581848
47.5510003566742,0.754149556159973,-0.0334504438400268
47.6010012626648,0.764351725578308,-0.0232482744216919
47.6510038375855,0.765792369842529,-0.0218076301574707
47.7010018825531,0.777448236942291,-0.0101517630577087
47.7510149478912,0.761483609676361,-0.0261163903236389
47.8010382652283,0.773912191390991,-0.0136878086090088
47.8510520458221,0.757292687892914,-0.0303073121070861
47.9010586738586,0.784756064414978,-0.00284393558502194
47.9510188102722,0.762138366699219,-0.0254616333007812
48.0010333061218,0.801336228847504,0.0137362288475037
48.0510592460632,0.76115620136261,-0.0264437986373901
48.1010529994965,0.781206965446472,-0.0063930345535278
48.1510441303253,0.772039413452148,-0.0155605865478515
48.2010500431061,0.785738348960876,-0.0018616510391235
48.2510273456574,0.754332900047302,-0.0332670999526977
48.3010149002075,0.781704664230347,-0.00589533576965329
48.3510265350342,0.769551038742065,-0.0180489612579345
48.4010238647461,0.791736543178558,0.00413654317855838
48.4510188102722,0.770585715770721,-0.0170142842292785
48.5010178089142,0.78387862443924,-0.00372137556076046
48.5510213375092,0.775929033756256,-0.0116709662437439
48.6010253429413,0.791553199291229,0.00395319929122928
48.6510229110718,0.775863587856293,-0.0117364121437072
48.7010192871094,0.79641193151474,0.00881193151474002
48.7510299682617,0.771882236003876,-0.0157177639961242
48.8010199069977,0.788527846336365,0.000927846336364779
48.8510315418243,0.780525922775269,-0.00707407722473141
48.9010276794434,0.793439090251923,0.00583909025192264
48.9510221481323,0.779059112071991,-0.008540887928009
49.0010228157044,0.8035888671875,0.0159888671875
49.0510237216949,0.768346130847931,-0.0192538691520691
49.1010208129883,0.797341823577881,0.00974182357788089
49.1510248184204,0.785122752189636,-0.00247724781036374
49.2010262012482,0.791788935661316,0.00418893566131595
49.2510225772858,0.782634437084198,-0.00496556291580197
49.3010275363922,0.788802981376648,0.00120298137664798
49.351024389267,0.783603549003601,-0.00399645099639889
49.4010291099548,0.797171592712402,0.00957159271240238
49.4510238170624,0.785672843456268,-0.00192715654373166
49.5010330677033,0.795783340930939,0.00818334093093875
49.5510528087616,0.783066630363464,-0.00453336963653561
49.6010804176331,0.791474580764771,0.00387458076477054
49.6510815620422,0.78590852022171,-0.00169147977828976
49.701080083847,0.791553199291229,0.00395319929122928
49.7510676383972,0.795757174491882,0.00815717449188236
49.8010632991791,0.789025545120239,0.00142554512023929
49.8510611057282,0.780316412448883,-0.00728358755111691
49.9010388851166,0.795220196247101,0.00762019624710086
49.9510409832001,0.781298577785492,-0.00630142221450802
50.0010485649109,0.794460654258728,0.00686065425872806
50.0510838031769,0.785738348960876,-0.0018616510391235
50.1010761260986,0.797800183296204,0.0102001832962036
50.1510736942291,0.786589622497559,-0.00101037750244137
50.2010722160339,0.796804845333099,0.0092048453330994
50.2511003017426,0.787689685821533,8.96858215332363E-05
50.3010785579681,0.780394971370697,-0.00720502862930295
50.3510932922363,0.786275267601013,-0.00132473239898678
50.4010968208313,0.786602675914764,-0.000997324085235563
50.451057434082,0.784232258796692,-0.00336774120330807
50.5010507106781,0.791801989078522,0.00420198907852176
50.5510511398315,0.783236920833588,-0.00436307916641232
50.6010499000549,0.785568118095398,-0.00203188190460202
50.6510577201843,0.788082659244537,0.000482659244537387
50.701051235199,0.794735610485077,0.00713561048507694
50.7510514259338,0.785358548164368,-0.00224145183563229
50.8010542392731,0.791841328144074,0.00424132814407352
50.8510568141937,0.78762423992157,2.42399215698574E-05
50.9010548591614,0.786078870296478,-0.0015211297035217
50.9510533809662,0.791042387485504,0.00344238748550418
51.0010566711426,0.791579365730286,0.00397936573028568
51.0510540008545,0.786170482635498,-0.00142951736450192
51.1010522842407,0.781599879264832,-0.00600012073516842
51.1510639190674,0.795940518379211,0.00834051837921146
51.2010571956635,0.791946113109589,0.00434611310958866
51.2510550022125,0.792587816715241,0.00498781671524051
51.3010549545288,0.784638226032257,-0.00296177396774289
51.3510687351227,0.782097458839417,-0.00550254116058346
51.4010634422302,0.782817780971527,-0.00478221902847287
51.4510586261749,0.794041514396668,0.00644151439666751
51.5010573863983,0.778260231018066,-0.00933976898193356
51.5510766506195,0.79440826177597,0.00680826177597049
51.6010639667511,0.782634437084198,-0.00496556291580197
51.6510577201843,0.788567185401917,0.000967185401916537
51.701055765152,0.782424867153168,-0.00517513284683224
51.7510607242584,0.792653262615204,0.00505326261520389
51.8010618686676,0.781652271747589,-0.00594772825241086
51.8510653972626,0.786301493644714,-0.00129850635528561
51.9010591506958,0.779674649238586,-0.00792535076141354
51.9510610103607,0.794801115989685,0.00720111598968509
52.0010607242584,0.782935738563538,-0.00466426143646237
52.0510640144348,0.788410007953644,0.000810007953643832
52.1010611057281,0.788501679897308,0.000901679897308383
52.1510601043701,0.788776755332947,0.00117675533294681
52.2010631561279,0.780578315258026,-0.00702168474197384
52.2510650157929,0.794041514396668,0.00644151439666751
52.3010718822479,0.780971169471741,-0.00662883052825924
52.3510658740997,0.801113665103912,0.0135136651039124
52.4010632038116,0.772536993026733,-0.0150630069732666
52.4510641098023,0.794120073318481,0.00652007331848148
52.5010635852814,0.784350097179413,-0.00324990282058712
52.5510640144348,0.797066807746887,0.00946680774688724
52.6010704040527,0.774187207221985,-0.0134127927780151
52.6510663032532,0.784114420413971,-0.00348557958602902
52.7010726928711,0.782136797904968,-0.00546320209503171
52.7510669231415,0.794237911701202,0.00663791170120243
52.8010652065277,0.774003863334656,-0.0135961366653442
52.8510720729828,0.784743010997772,-0.00285698900222775
52.9010713100433,0.782739222049713,-0.00486077795028683
52.9510691165924,0.790007770061493,0.00240777006149295
53.0010664463043,0.776230216026306,-0.0113697839736938
53.0510702133179,0.796254873275757,0.00865487327575687
53.1010715961456,0.773165702819824,-0.0144342971801757
53.151068687439,0.789497017860413,0.00189701786041263
53.2010841369629,0.774553954601288,-0.0130460453987121
53.2510833740234,0.790479242801666,0.00287924280166629
53.3010799884796,0.772392988204956,-0.0152070117950439
53.3510763645172,0.791919887065887,0.00431988706588748
53.4010729789734,0.774265766143799,-0.0133342338562011
53.4510736465454,0.791278183460236,0.00367818346023563
53.5010724067688,0.778653144836426,-0.00894685516357418
53.5510883331299,0.79368793964386,0.0060879396438599
53.6011254787445,0.775431334972382,-0.0121686650276184
53.6510825157166,0.789012432098389,0.00141243209838871
53.7010779380798,0.767102003097534,-0.0204979969024658
53.7510766983032,0.808067917823792,0.0204679178237915
53.8010787963867,0.775287330150604,-0.0123126698493957
53.8510825634003,0.797485947608948,0.00988594760894779
53.9010813236237,0.76711505651474,-0.02048494348526
53.9510798454285,0.797616839408875,0.0100168394088745
54.0010805130005,0.773558616638184,-0.0140413833618164
54.0510818958282,0.792875945568085,0.00527594556808475
54.1010909080505,0.768398523330689,-0.0192014766693115
54.1511077880859,0.80530446767807,0.0177044676780701
54.2011108398438,0.770061790943146,-0.0175382090568542
54.251118183136,0.797918081283569,0.0103180812835694
54.3011200428009,0.777277946472168,-0.010322053527832
54.3511176109314,0.79863840341568,0.01103840341568
54.4010949134827,0.779373466968536,-0.00822653303146359
54.4510910511017,0.798468112945557,0.0108681129455567
54.5010886192322,0.777657806873322,-0.00994219312667843
54.5510902404785,0.807792842388153,0.0201928423881531
54.601095199585,0.7588250041008,-0.0287749958992004
54.6510922908783,0.795783340930939,0.00818334093093875
54.7010910511017,0.790911436080933,0.00331143608093265
54.7510933876038,0.80125766992569,0.0136576699256897
54.8010947704315,0.790269732475281,0.00266973247528079
54.8511040210724,0.791382968425751,0.00378296842575077
54.9010951519013,0.779609143733978,-0.0079908562660217
54.9510955810547,0.818885564804077,0.0312855648040772
55.0010943412781,0.782647550106049,-0.00495244989395138
55.0510923862457,0.799790918827057,0.0121909188270569
55.1010940074921,0.786903977394104,-0.000696022605895963
55.151097536087,0.813437461853027,0.0258374618530274
55.2010967731476,0.792037725448608,0.00443772544860843
55.2510929107666,0.815415024757385,0.0278150247573853
55.3010981082916,0.788658857345581,0.00105885734558109
55.3511080741882,0.810949087142944,0.0233490871429444
55.4011013507843,0.785240709781647,-0.00235929021835324
55.4510955810547,0.830161690711975,0.0425616907119751
55.5010981559753,0.809377491474152,0.0217774914741516
55.5510971546173,0.823037207126617,0.0354372071266175
55.6010978221893,0.804322302341461,0.0167223023414612
55.6511056423187,0.823076486587524,0.0354764865875244
55.7011187076569,0.797512114048004,0.00991211404800418
55.7511396408081,0.8171306848526,0.0295306848526001
55.8011481761932,0.811407506465912,0.0238075064659119
55.8511321544647,0.821190595626831,0.0335905956268311
55.9011352062225,0.79863840341568,0.01103840341568
55.9511370658875,0.820548832416534,0.0329488324165345
56.001128911972,0.803628206253052,0.0160282062530518
56.0511326789856,0.818152189254761,0.0305521892547608
56.1011369228363,0.836382508277893,0.0487825082778931
56.1511459350586,0.831222534179688,0.0436225341796875
56.2011384963989,0.815650820732117,0.0280508207321167
56.2511465549469,0.824870765209198,0.037270765209198
56.3011455535889,0.795390427112579,0.00779042711257938
56.3511598110199,0.828734219074249,0.0411342190742493
56.4011454582214,0.816292464733124,0.0286924647331238
56.451140165329,0.825735092163086,0.038135092163086
56.5011162757874,0.817772448062897,0.0301724480628968
56.551114320755,0.827856719493866,0.040256719493866
56.6011173725128,0.804296135902405,0.0166961359024048
56.651116847992,0.840376973152161,0.0527769731521607
56.7011232376099,0.818387985229492,0.0307879852294922
56.7511162757874,0.827765047550201,0.0401650475502014
56.8011212348938,0.81844037771225,0.0308403777122498
56.8511204719543,0.833867967128754,0.0462679671287537
56.901125907898,0.812743365764618,0.025143365764618
56.9511210918427,0.829297363758087,0.0416973637580872
57.0011308193207,0.823089599609375,0.035489599609375
57.0511260032654,0.825761258602142,0.0381612586021424
57.1011271476746,0.818728387355804,0.0311283873558045
57.1511256694794,0.826769649982452,0.0391696499824524
57.2011334896088,0.814118444919586,0.0265184449195862
57.2511258125305,0.824870765209198,0.037270765209198
57.3011310100555,0.815585255622864,0.0279852556228638
57.3511295318604,0.830318868160248,0.0427188681602478
57.4011294841766,0.817287862300873,0.0296878623008728
57.4511253833771,0.8206667304039,0.0330667304039002
57.5011260509491,0.819802343845367,0.0322023438453675
57.5511264801025,0.825067162513733,0.0374671625137329
57.6011345386505,0.820732176303864,0.0331321763038636
57.6511378288269,0.833331048488617,0.045731048488617
57.701176404953,0.81834864616394,0.0307486461639405
57.7511732578278,0.826678037643433,0.0390780376434326
57.8011820316315,0.820247650146484,0.0326476501464844
57.8511633872986,0.828550815582275,0.0409508155822754
57.9011669158936,0.824320673942566,0.036720673942566
57.9511663913727,0.827254295349121,0.0396542953491211
58.0011756420136,0.823600351810455,0.0360003518104554
58.0511798858643,0.825879096984863,0.0382790969848633
58.1011836528778,0.8209547996521,0.0333547996520996
58.1511731147766,0.817523539066315,0.0299235390663147
58.2011766433716,0.818623661994934,0.0310236619949341
58.251166343689,0.816763937473297,0.0291639374732972
58.3011450767517,0.826468467712402,0.0388684677124024
58.3511426448822,0.825342178344727,0.0377421783447266
58.4011418819428,0.820967972278595,0.033367972278595
58.4511413574219,0.8244908452034,0.0368908452033997
58.5011439323425,0.816947340965271,0.029347340965271
58.5511412620545,0.820627391338348,0.0330273913383484
58.601145029068,0.824294447898865,0.0366944478988648
58.6511416435242,0.817510485649109,0.0299104856491089
58.7011451721191,0.817615270614624,0.0300152706146241
58.7511425018311,0.810215711593628,0.022615711593628
58.8011510372162,0.827005445957184,0.0394054459571839
58.8511466979981,0.812717139720917,0.0251171397209168
58.9011523723602,0.819357097148895,0.0317570971488953
58.9511497020721,0.826533973217011,0.0389339732170105
59.0011496543884,0.823456287384033,0.0358562873840332
59.0511438846588,0.813070714473724,0.0254707144737244
59.1011474132538,0.821242928504944,0.0336429285049439
59.1511452198029,0.813044548034668,0.025444548034668
59.2011485099792,0.820981025695801,0.0333810256958008
59.2511465549469,0.820352435112,0.0327524351119995
59.3011503219605,0.817720055580139,0.0301200555801392
59.3511521816254,0.819383263587952,0.0317832635879517
59.4011504650116,0.820836961269379,0.0332369612693787
59.4511475563049,0.815336465835571,0.0277364658355713
59.5011472702026,0.819121360778809,0.0315213607788086
59.5511491298676,0.814524412155151,0.0269244121551514
59.6011483669281,0.814170837402344,0.0265708374023438
59.651148557663,0.812717139720917,0.0251171397209168
59.701150894165,0.819605886936188,0.0320058869361878
59.7511489391327,0.805199682712555,0.017599682712555
59.8011503219604,0.822172820568085,0.0345728205680847
59.8511536121368,0.808264315128326,0.0206643151283264
59.9011559486389,0.814563751220703,0.0269637512207032
59.9511489868164,0.81592583656311,0.0283258365631104
60.0011501312256,0.815703094005585,0.0281030940055847
60.0511527061462,0.818964183330536,0.0313641833305359
60.1011490821838,0.814144611358643,0.0265446113586426
60.1511499881744,0.807360649108887,0.0197606491088868
60.2011575698853,0.82107275724411,0.0334727572441101
60.2511556148529,0.807255864143372,0.0196558641433716
60.3011581897736,0.823377728462219,0.0357777284622193
60.3511559963226,0.813005268573761,0.025405268573761
60.4011595249176,0.828341245651245,0.0407412456512451
60.4511525630951,0.806876122951508,0.0192761229515076
60.5011534690857,0.820404827594757,0.0328048275947571
60.5511529445648,0.813751816749573,0.0261518167495728
60.6011528968811,0.826691150665283,0.0390911506652832
60.6511538028717,0.806758284568787,0.0191582845687867
60.7011539936066,0.822670519351959,0.0350705193519593
60.7511570453644,0.81299215555191,0.0253921555519104
60.8011605739594,0.820588171482086,0.0329881714820862
60.8511581420899,0.813293397426605,0.0256933974266053
60.9011623859406,0.824150443077087,0.0365504430770874
60.9511575698853,0.808565557003021,0.0209655570030213
61.0011568069458,0.832623839378357,0.045023839378357
61.0511555671692,0.804230570793152,0.0166305707931519
61.1011574268341,0.825368344783783,0.037768344783783
61.1511600017548,0.810124039649963,0.0225240396499634
61.2011613845825,0.825145721435547,0.0375457214355469
61.2511563301086,0.810687184333801,0.0230871843338013
61.3011617660523,0.817824840545654,0.0302248405456543
61.3511610031128,0.810647904872894,0.0230479048728943
61.4011600017548,0.833213210105896,0.045613210105896
61.4511687755585,0.818047404289246,0.0304474042892456
61.5011978149414,0.834863364696503,0.0472633646965027
61.5512084960938,0.812874317169189,0.0252743171691895
61.6012024879456,0.830908179283142,0.0433081792831421
61.6512076854706,0.823050320148468,0.035450320148468
61.7012128829956,0.83661824464798,0.0490182446479798
61.7512047290802,0.822028815746307,0.0344288157463074
61.801215171814,0.836186110973358,0.0485861109733582
61.8511972427368,0.815991282463074,0.0283912824630738
61.9012022018433,0.842930853366852,0.0553308533668518
61.9511783123016,0.825067162513733,0.0374671625137329
62.0011940002441,0.847436010837555,0.059836010837555
62.0512180328369,0.83622533082962,0.0486253308296204
62.1012151241303,0.850854158401489,0.0632541584014893
62.1512115001678,0.833606123924255,0.0460061239242554
62.2012095451355,0.856276154518127,0.0686761545181275
62.2512307167053,0.843009412288666,0.0554094122886658
62.3012185096741,0.856001079082489,0.068401079082489
62.3511819839478,0.846964478492737,0.0593644784927368
62.4011797904968,0.868167817592621,0.0805678175926209
62.4511802196503,0.863688766956329,0.0760887669563294
62.5011785030365,0.859890818595886,0.0722908185958863
62.5511786937714,0.8493612408638,0.0617612408638001
62.6011807918549,0.871337115764618,0.083737115764618
62.6511800289154,0.859157383441925,0.0715573834419251
62.7011845111847,0.872136056423187,0.0845360564231873
62.7511794567108,0.86603307723999,0.0784330772399903
62.8011798858643,0.875580370426178,0.087980370426178
62.8511826992035,0.858358442783356,0.0707584427833557
62.9011816978455,0.88127738237381,0.0936773823738099
62.951185464859,0.882233381271362,0.0946333812713623
63.0011868476868,0.879522442817688,0.091922442817688
63.0511848926544,0.861056387424469,0.073456387424469
63.1011869907379,0.890012741088867,0.102412741088867
63.1511840820312,0.855477273464203,0.0678772734642029
63.2011938095093,0.892330825328827,0.104730825328827
63.2511878013611,0.862719595432282,0.0751195954322815
63.3011884689331,0.88925313949585,0.10165313949585
63.3511900901794,0.868534445762634,0.0809344457626343
63.4011950492859,0.893640458583832,0.106040458583832
63.451188325882,0.86935955286026,0.0817595528602601
63.501186132431,0.886319518089294,0.0987195180892945
63.5511870384216,0.876615047454834,0.089015047454834
63.6011891365051,0.886175513267517,0.0985755132675171
63.6511948108673,0.868560671806335,0.0809606718063355
63.7012050151825,0.87664121389389,0.0890412138938904
63.7512385845184,0.861200451850891,0.0736004518508911
63.8012299537659,0.884001433849335,0.0964014338493348
63.8512315750122,0.864448368549347,0.076848368549347
63.9012310504913,0.887629210948944,0.100029210948944
63.9512345790863,0.864356696605682,0.0767566966056824
64.0012354850769,0.885298013687134,0.0976980136871338
64.0512340068817,0.86926794052124,0.0816679405212403
64.101247549057,0.882259607315064,0.0946596073150635
64.1512491703034,0.865640103816986,0.0780401038169861
64.2012448310852,0.878867626190186,0.0912676261901856
64.251238822937,0.860296785831451,0.0726967858314514
64.3012387752533,0.876510262489319,0.0889102624893189
64.3512232303619,0.869490504264832,0.0818905042648316
64.4012093544006,0.880701124668121,0.0931011246681214
64.4512062072754,0.869778692722321,0.0821786927223206
64.5012106895447,0.879221200942993,0.0916212009429932
64.5512111186981,0.871153771877289,0.0835537718772889
64.6012101173401,0.88330739736557,0.0957073973655701
64.6512072086334,0.861213505268097,0.073613505268097
64.7012267112732,0.873773097991943,0.0861730979919434
64.7512195110321,0.862876772880554,0.0752767728805542
64.8012189865112,0.884643137454987,0.0970431374549866
64.8512270450592,0.856302380561829,0.0687023805618286
64.9012196063995,0.876745998859406,0.0891459988594056
64.9512143135071,0.873825490474701,0.086225490474701
65.0012171268463,0.864670991897583,0.077070991897583
65.051215171814,0.86603307723999,0.0784330772399903
65.1012184619904,0.878658056259155,0.0910580562591553
65.1512176990509,0.872319340705872,0.0847193407058716
65.2012152671814,0.877007901668549,0.0894079016685486
65.2512180805206,0.869294106960297,0.0816941069602967
65.3012173175812,0.880701124668121,0.0931011246681214
65.3512253761292,0.864238858222961,0.0766388582229615
65.4012241363525,0.875750720500946,0.0881507205009461
65.4512207508087,0.864343583583832,0.0767435835838318
65.5012199878693,0.875711381435394,0.0881113814353943
65.5512182712555,0.860650360584259,0.0730503605842591
65.6012234687805,0.86531275510788,0.0777127551078797
65.6512212753296,0.862051665782928,0.0744516657829285
65.7012226581574,0.869804859161377,0.082204859161377
65.7512192726135,0.864749610424042,0.0771496104240418
65.8012228012085,0.865063905715942,0.0774639057159424
65.8512246608734,0.866753399372101,0.0791533993721009
65.9012246131897,0.875593543052673,0.0879935430526734
65.951220035553,0.866596221923828,0.0789962219238282
66.0012242794037,0.876025676727295,0.088425676727295
66.0512225627899,0.870747804641724,0.0831478046417237
66.1012225151062,0.874427914619446,0.0868279146194458
66.1512205600739,0.866150915622711,0.0785509156227112
66.2012355327606,0.866648614406586,0.0790486144065857
66.2512545585632,0.868167817592621,0.0805678175926209
66.3012681007385,0.863859057426453,0.0762590574264527
66.3512716293335,0.867709338665009,0.0801093386650086
66.4012765884399,0.869752466678619,0.0821524666786194
66.4512364864349,0.863138735294342,0.0755387352943421
66.5012323856354,0.865862846374512,0.0782628463745118
66.5512313842774,0.864710330963135,0.0771103309631348
66.6012351512909,0.859471678733826,0.0718716787338257
66.6512370109558,0.865338921546936,0.0777389215469361
66.7012434005737,0.865456759929657,0.077856759929657
66.7512369155884,0.869019031524658,0.0814190315246582
66.8012418746948,0.863963842391968,0.0763638423919678
66.8512406349182,0.864134073257446,0.0765340732574463
66.9012429714203,0.858973979949951,0.0713739799499512
66.9512383937836,0.865718722343445,0.0781187223434449
67.0012333393097,0.86076819896698,0.07316819896698
67.0512354373932,0.868783354759216,0.0811833547592163
67.101233959198,0.863937616348267,0.0763376163482666
67.1512365341187,0.865875899791718,0.0782758997917176
67.2012391090393,0.855948746204376,0.0683487462043763
67.2512333393097,0.868600010871887,0.0810000108718872
67.3012351989746,0.865391314029694,0.0777913140296936
67.3512358665466,0.867041528224945,0.0794415282249451
67.4012486934662,0.854481935501099,0.0668819355010987
67.4512460231781,0.869595289230347,0.0819952892303467
67.5012421607971,0.864068627357483,0.0764686273574829
67.5512418746948,0.866831958293915,0.0792319582939148
67.6012406349182,0.858096599578857,0.0704965995788575
67.6512405872345,0.86966073513031,0.0820607351303101
67.701254606247,0.857258379459381,0.0696583794593811
67.7512874603272,0.867015302181244,0.0794153021812439
67.8012881278992,0.851666212081909,0.0640662120819092
67.8512737751007,0.869215548038483,0.0816155480384827
67.9012746810913,0.86188143491745,0.07428143491745
67.9512593746185,0.8702632188797,0.0826632188796997
68.0012583732605,0.856289207935333,0.0686892079353333
68.0512714385986,0.862104058265686,0.0745040582656861
68.1012785434723,0.849413573741913,0.0618135737419129
68.1512446403503,0.869529783725739,0.0819297837257386
68.2012460231781,0.850710153579712,0.0631101535797119
68.2512509822845,0.855739235877991,0.0681392358779908
68.3012661933899,0.849885046482086,0.0622850464820862
68.351256608963,0.867774903774262,0.0801749037742615
68.4012560844421,0.85268771648407,0.0650877164840699
68.451256275177,0.871363341808319,0.0837633418083191
68.5012540817261,0.855699896812439,0.068099896812439
68.5512537956238,0.865705668926239,0.078105668926239
68.6012554168701,0.857402443885803,0.0698024438858033
68.6512589454651,0.878514051437378,0.090914051437378
68.7012631893158,0.861842095851898,0.0742420958518982
68.7512571811676,0.881356000900269,0.0937560009002686
68.801257610321,0.867067635059357,0.0794676350593567
68.851263999939,0.884931325912476,0.0973313259124756
68.9012675285339,0.872358679771423,0.0847586797714234
68.9512617588043,0.891937971115112,0.104337971115112
69.0012645721436,0.864291191101074,0.0766911911010743
69.0512611865997,0.88845431804657,0.10085431804657
69.1012609004974,0.872149109840393,0.0845491098403931
69.1512615680695,0.901812672615051,0.114212672615051
69.201272726059,0.864029288291931,0.0764292882919312
69.2512681484222,0.906658411026001,0.119058411026001
69.3012645244598,0.878540217876434,0.0909402178764344
69.3512709140778,0.897936165332794,0.110336165332794
69.401270866394,0.862732768058777,0.0751327680587769
69.4512624740601,0.902127027511597,0.114527027511597
69.501261472702,0.890523552894592,0.102923552894592
69.5512607097626,0.923893392086029,0.136293392086029
69.6012601852417,0.891807019710541,0.104207019710541
69.6512589454651,0.91168749332428,0.12408749332428
69.7012982368469,0.890811681747437,0.103211681747437
69.7513103485107,0.91593074798584,0.12833074798584
69.8013083934784,0.896770536899567,0.109170536899567
69.8513143062592,0.925766229629517,0.138166229629517
69.9013104438782,0.902127027511597,0.114527027511597
69.9512929916382,0.911975622177124,0.124375622177124
70.0012807846069,0.892893970012665,0.105293970012665
70.0513045787811,0.910927832126617,0.123327832126617
70.1013150215149,0.900765001773834,0.113165001773834
70.1513185501099,0.925622165203095,0.138022165203095
70.2013075351715,0.904693961143494,0.117093961143494
70.2513046264648,0.930140435695648,0.142540435695648
70.3013060092926,0.902899742126465,0.115299742126465
70.3512756824493,0.920540690422058,0.132940690422058
70.4012899398804,0.904707014560699,0.1171070145607
70.4512739181519,0.929564237594605,0.141964237594605
70.5012860298157,0.904431998729706,0.116831998729706
70.5512742996216,0.918471455574036,0.130871455574036
70.6012787818909,0.902140080928803,0.114540080928803
70.6512749195099,0.916362941265106,0.128762941265106
70.7012860774994,0.896901547908783,0.109301547908783
70.7512791156769,0.924495875835419,0.136895875835419
70.801278591156,0.900267362594605,0.112667362594605
70.8512825965881,0.923395812511444,0.135795812511444
70.9012854099274,0.901236474514008,0.113636474514008
70.9512820243836,0.922557532787323,0.134957532787323
71.0012805461884,0.898394525051117,0.110794525051117
71.0512778759003,0.923945784568787,0.136345784568787
71.1012797355652,0.90350216627121,0.11590216627121
71.1512794494629,0.914202034473419,0.126602034473419
71.2012815475464,0.894439399242401,0.106839399242401
71.2512819766998,0.919610857963562,0.132010857963562
71.3012855052948,0.905911922454834,0.118311922454834
71.3512885570526,0.920278787612915,0.132678787612915
71.4012892246246,0.903240263462067,0.115640263462067
71.4512889385223,0.914739012718201,0.127139012718201
71.5012831687927,0.897373020648956,0.109773020648956
71.5512826442719,0.917371392250061,0.129771392250061
71.601286649704,0.886764824390411,0.0991648243904114
71.6513295173645,0.91359955072403,0.12599955072403
71.701318025589,0.88905668258667,0.10145668258667
71.7513134479523,0.911307692527771,0.123707692527771
71.8013300895691,0.894963264465332,0.107363264465332
71.8513207435608,0.908190667629242,0.120590667629242
71.9013211727142,0.890994966030121,0.103394966030121
71.9512913227081,0.915983140468597,0.128383140468597
72.0012900829315,0.89492392539978,0.10732392539978
72.0512909889221,0.90705132484436,0.11945132484436
72.1012916564941,0.891099750995636,0.103499750995636
72.1512911319733,0.915092587471008,0.127492587471008
72.2012987136841,0.890693783760071,0.103093783760071
72.2512922286987,0.908688366413116,0.121088366413116
72.3012931346893,0.889082908630371,0.101482908630371
72.3512964248657,0.910731434822083,0.123131434822083
72.4012978076935,0.899402916431427,0.111802916431427
72.4512958526611,0.912800669670105,0.125200669670105
72.501293182373,0.896272838115692,0.108672838115692
72.5512940883637,0.909631311893463,0.122031311893463
72.6012966632843,0.893954813480377,0.106354813480377
72.6512987613678,0.908596694469452,0.120996694469452
72.7012965679169,0.893706023693085,0.106106023693085
72.7513012886047,0.910390913486481,0.122790913486481
72.8012979030609,0.905571460723877,0.117971460723877
72.8513083457947,0.917148768901825,0.129548768901825
72.9013004302979,0.894098818302155,0.106498818302155
72.9513039588928,0.908557415008545,0.120957415008545
73.0012969970703,0.892841577529907,0.105241577529907
73.0512988567352,0.902873575687408,0.115273575687408
73.1013000011444,0.895225167274475,0.107625167274475
73.1513035297394,0.899704217910767,0.112104217910767
73.201299905777,0.895500242710114,0.107900242710114
73.251298904419,0.900869786739349,0.113269786739349
73.3013026714325,0.895303726196289,0.107703726196289
73.3513057231903,0.908230006694794,0.120630006694794
73.4013049602509,0.896377623081207,0.108777623081207
73.4513034820557,0.912551879882813,0.124951879882813
73.5013134479523,0.902022242546082,0.114422242546082
73.5513093471527,0.905794084072113,0.118194084072113
73.6013088226318,0.893758416175842,0.106158416175842
73.6513226032257,0.914398491382599,0.126798491382599
73.7013123035431,0.889908015727997,0.102308015727997
73.7513115406036,0.90169483423233,0.11409483423233
73.8013234138489,0.900044679641724,0.112444679641724
73.851325750351,0.902336597442627,0.114736597442627
73.9013216495514,0.89906245470047,0.11146245470047
73.951319694519,0.904693961143494,0.117093961143494
74.0013189315796,0.895814478397369,0.108214478397369
74.0513184070587,0.896705090999603,0.109105090999603
74.1013205051422,0.900437593460083,0.112837593460083
74.1513206958771,0.895775258541107,0.108175258541107
74.201319694519,0.905309498310089,0.117709498310089
74.2513234615326,0.898944556713104,0.111344556713104
74.3013241291046,0.902611613273621,0.115011613273621
74.3513245582581,0.899717271327972,0.112117271327972
74.4013206958771,0.905322551727295,0.117722551727295
74.4513230323792,0.891112864017487,0.103512864017487
74.5013282299042,0.892265379428864,0.104665379428864
74.5513207912445,0.897713482379913,0.110113482379913
74.6013202667236,0.890772342681885,0.103172342681885
74.6513216495514,0.898368358612061,0.110768358612061
74.7013239860535,0.898119449615479,0.110519449615479
74.7513234615326,0.893915474414825,0.106315474414825
74.8013231754303,0.908845543861389,0.121245543861389
74.8513264656067,0.898695766925812,0.111095766925812
74.9013247489929,0.899455308914185,0.111855308914185
74.9513218402863,0.889711558818817,0.102111558818817
75.0013246536255,0.895081102848053,0.107481102848053
75.0513226985931,0.894504845142365,0.106904845142365
75.1013233661652,0.902925908565521,0.115325908565521
75.15132188797,0.899913668632507,0.112313668632507
75.2013263702393,0.902624726295471,0.115024726295471
75.2513251304626,0.892828524112701,0.105228524112701
75.3013243675232,0.906959593296051,0.119359593296051
75.3513267040253,0.892252206802368,0.104652206802368
75.4013621807098,0.90887176990509,0.12127176990509
75.4513711929321,0.892278432846069,0.104678432846069
75.5013852119446,0.901498436927795,0.113898436927795
75.5513777732849,0.899822056293488,0.112222056293488
75.6013677120209,0.923395812511444,0.135795812511444
75.6513795852661,0.900332808494568,0.112732808494568
75.7013790607452,0.925766229629517,0.138166229629517
75.7513728141785,0.903449773788452,0.115849773788452
75.8013684749603,0.918379843235016,0.130779843235016
75.8513495922089,0.898211181163788,0.110611181163788
75.9013373851776,0.921784937381744,0.134184937381744
75.9513356685638,0.909434914588928,0.121834914588928
76.001335144043,0.926460325717926,0.138860325717926
76.0513393878937,0.922177791595459,0.134577791595459
76.1013360023499,0.931528687477112,0.143928687477112
76.1513361930847,0.923801779747009,0.136201779747009
76.2013351917267,0.933977782726288,0.146377782726288
76.2513365745545,0.917803525924683,0.130203525924683
76.3013372421265,0.945397913455963,0.157797913455963
76.3513402938843,0.924351751804352,0.136751751804352
76.4013395309448,0.937854290008545,0.150254290008545
76.4513378143311,0.932275176048279,0.144675176048279
76.5013389587402,0.949483990669251,0.161883990669251
76.5513398647308,0.938325822353363,0.150725822353363
76.6013433933258,0.9594766497612,0.1718766497612
76.6513438224793,0.944284677505493,0.156684677505493
76.7013502120972,0.965291500091553,0.177691500091553
76.7513477802277,0.942123830318451,0.154523830318451
76.8013472557068,0.956700205802918,0.169100205802918
76.8513514995575,0.955298840999603,0.167698840999603
76.9013569355011,0.967845380306244,0.180245380306244
76.9513537883759,0.943472743034363,0.155872743034363
77.0013463497162,0.974668562412262,0.187068562412262
77.0513453483582,0.960733890533447,0.173133890533447
77.1013543605804,0.974878132343292,0.187278132343292
77.1513454914093,0.956726431846619,0.169126431846619
77.2013487815857,0.974563777446747,0.186963777446747
77.2513515949249,0.959358811378479,0.171758811378479
77.3013577461243,0.969233512878418,0.181633512878418
77.3513610363007,0.965055823326111,0.177455823326111
77.4013605117798,0.979881048202515,0.192281048202515
77.4513642787933,0.957590758800507,0.169990758800507
77.5013589859009,0.97786420583725,0.19026420583725
77.5513591766357,0.95896589756012,0.17136589756012
77.601366519928,0.978846371173859,0.191246371173859
77.6514000892639,0.95503693819046,0.16743693819046
77.7014038562775,0.967976331710815,0.180376331710815
77.7514126300812,0.952129483222961,0.164529483222961
77.8014073371887,0.972219586372376,0.184619586372376
77.8513991832733,0.951893746852875,0.164293746852875
77.9013969898224,0.967413187026978,0.179813187026978
77.9514129161835,0.95493221282959,0.16733221282959
78.0014097690582,0.971735000610352,0.184135000610352
78.0514211654663,0.958180129528046,0.170580129528046
78.1014161109924,0.968958497047424,0.181358497047424
78.1514236927032,0.946445643901825,0.158845643901825
78.201423406601,0.969168066978455,0.181568066978455
78.251410484314,0.951317548751831,0.163717548751831
78.3014104366302,0.963667571544647,0.176067571544647
78.3513767719269,0.947624325752258,0.160024325752258
78.4013867378235,0.977484345436096,0.189884345436096
78.4513742923737,0.949641168117523,0.162041168117523
78.5013818740845,0.959463596343994,0.171863596343994
78.5513744354248,0.952234268188477,0.164634268188477
78.6013836860657,0.965330839157105,0.177730839157105
78.6513755321503,0.948383867740631,0.160783867740631
78.7013878822327,0.966011822223663,0.178411822223663
78.7513806819916,0.943459630012512,0.155859630012512
78.8013896942139,0.959254026412964,0.171654026412964
78.851380109787,0.940971314907074,0.153371314907074
78.9013841152191,0.959568321704865,0.171968321704865
78.9513847827911,0.94503116607666,0.15743116607666
79.0013911724091,0.96179473400116,0.17419473400116
79.0513963699341,0.942438066005707,0.154838066005707
79.1013941764832,0.958874225616455,0.171274225616455
79.151389837265,0.946615874767303,0.159015874767304
79.2013916969299,0.959398031234741,0.171798031234741
79.2513883113861,0.939491331577301,0.151891331577301
79.3013916015625,0.956935942173004,0.169335942173004
79.3513951301575,0.944533586502075,0.156933586502075
79.4013962745667,0.957446753978729,0.169846753978729
79.4513926506042,0.937605500221252,0.150005500221252
79.5013966560364,0.958140790462494,0.170540790462494
79.5513942241669,0.944035887718201,0.156435887718201
79.6013927459717,0.96179473400116,0.17419473400116
79.651389837265,0.946484863758087,0.158884863758087
79.7013952732086,0.958180129528046,0.170580129528046
79.7513914108276,0.940761744976044,0.153161744976044
79.8014011383057,0.952954590320587,0.165354590320587
79.8513960838318,0.942778587341309,0.155178587341309
79.9014015197754,0.949903130531311,0.162303130531311
79.9513974189758,0.958036065101624,0.170436065101624
80.0013914108276,0.951382994651794,0.163782994651794
80.0513925552368,0.946733772754669,0.159133772754669
80.1013944149017,0.949051797389984,0.161451797389984
80.1513941287994,0.946196794509888,0.158596794509888
80.2014012336731,0.949418544769287,0.161818544769287
80.2513990402222,0.94452041387558,0.15692041387558
80.3014068603516,0.94503116607666,0.15743116607666
80.3514127731323,0.944494247436523,0.156894247436523
80.40141248703,0.95059722661972,0.162997226619721
80.4514162540436,0.948501825332642,0.160901825332642
80.501403093338,0.953020036220551,0.165420036220551
80.5513994693756,0.95017808675766,0.16257808675766
80.6014010906219,0.951199650764465,0.163599650764465
80.6514036655426,0.939399719238281,0.151799719238281
80.7014045715332,0.944808542728424,0.157208542728424
80.7514092922211,0.947296917438507,0.159696917438507
80.8014121055603,0.945528864860535,0.157928864860535
80.8514077663422,0.946275413036346,0.158675413036346
80.9014081954956,0.948095798492432,0.160495798492432
80.9514038562775,0.948213636875153,0.160613636875153
81.0014183521271,0.94745409488678,0.15985409488678
81.0514059066773,0.940211653709412,0.152611653709412
81.1014139652252,0.943590581417084,0.155990581417084
81.1514039039612,0.951592564582825,0.163992564582825
81.2014186382294,0.935876786708832,0.148276786708832
81.2514133453369,0.945149123668671,0.157549123668671
81.3014144897461,0.936675608158112,0.149075608158112
81.3514134883881,0.955547749996185,0.167947749996185
81.4014179706573,0.943957269191742,0.156357269191742
81.4514117240906,0.950544834136963,0.162944834136963
81.5014073848724,0.937684059143066,0.150084059143066
81.5514068603516,0.950924634933472,0.163324634933472
81.6014087200165,0.934593319892883,0.146993319892883
81.6514186859131,0.955390572547913,0.167790572547913
81.7014601230621,0.937186360359192,0.149586360359192
81.7514548301697,0.950859189033508,0.163259189033508
81.801460981369,0.933296680450439,0.145696680450439
81.8514437675476,0.953281998634338,0.165681998634338
81.9014492034912,0.933440804481506,0.145840804481506
81.9514882564545,0.953255772590637,0.165655772590637
82.0014338493347,0.933074116706848,0.145474116706848
82.0514450073242,0.947768330574036,0.160168330574036
82.1014487743378,0.935182631015778,0.147582631015778
82.151451587677,0.945201516151428,0.157601516151428
82.2014548778534,0.937513828277588,0.149913828277588
82.2514343261719,0.951094925403595,0.163494925403595
82.3014216423035,0.932969331741333,0.145369331741333
82.3514261245728,0.947139739990234,0.159539739990234
82.401437997818,0.935261249542236,0.147661249542236
82.4514274597168,0.951946139335632,0.164346139335632
82.5014345645905,0.931201279163361,0.143601279163361
82.5514323711395,0.958350360393524,0.170750360393524
82.6014266014099,0.947598099708557,0.159998099708557
82.6514241695404,0.953504621982574,0.165904621982575
82.7014317512512,0.933545589447022,0.145945589447022
82.7514259815216,0.970255136489868,0.182655136489868
82.8014242649078,0.958049118518829,0.170449118518829
82.8514256477356,0.970137178897858,0.182537178897858
82.9014310836792,0.94524073600769,0.15764073600769
82.9514284133911,0.969299018383026,0.181699018383026
83.0014293193817,0.951265156269074,0.163665156269074
83.0514466762543,0.983875453472137,0.196275453472138
83.1014626026154,0.961676836013794,0.174076836013794
83.1514399051666,0.978571355342865,0.190971355342865
83.2014307975769,0.970372974872589,0.182772974872589
83.2514355182648,1.00294399261475,0.215343992614746
83.3014354705811,0.966103494167328,0.178503494167328
83.3514342308044,0.987005531787872,0.199405531787872
83.4014360904694,0.96978360414505,0.18218360414505
83.4514362812042,0.993972897529602,0.206372897529602
83.501433134079,0.978793978691101,0.191193978691101
83.5514323711395,0.993475198745728,0.205875198745728
83.6014325618744,0.981531143188477,0.193931143188477
83.651435136795,0.998687624931335,0.211087624931335
83.7014327049255,0.981164515018463,0.193564515018463
83.7514431476593,1.00240707397461,0.214807073974609
83.8014426231384,0.991916716098785,0.204316716098785
83.8514759540558,1.01289737224579,0.225297372245789
83.9014675617218,0.989651083946228,0.202051083946228
83.9514720439911,1.0113388299942,0.223738829994202
84.0014853477478,0.986599564552307,0.198999564552307
84.0514905452728,1.0136045217514,0.226004521751404
84.1015110015869,1.0033106803894,0.215710680389404
84.1514897346497,1.01440346240997,0.226803462409973
84.2015013694763,1.0029308795929,0.215330879592896
84.2514772415161,1.01790022850037,0.230300228500366
84.3014867305756,0.999826967716217,0.212226967716217
84.3514778614044,1.02237915992737,0.234779159927368
84.4014928340912,0.999931752681732,0.212331752681732
84.4514503479004,1.01634168624878,0.228741686248779
84.5014679431915,0.995334923267365,0.207734923267365
84.5514662265778,1.01444268226624,0.226842682266235
84.6014513969421,0.990502297878265,0.202902297878265
84.6514530181885,1.01834547519684,0.230745475196838
84.7014510631561,0.995374202728272,0.207774202728271
84.7514548301697,1.01445579528809,0.226855795288086
84.8014585971832,0.98857706785202,0.20097706785202
84.8514530658722,1.01632857322693,0.228728573226929
84.9014539718628,1.00046873092651,0.212868730926514
84.9514563083649,1.01532018184662,0.227720181846619
85.0014531612396,0.983194470405579,0.195594470405579
85.051451921463,1.0122948884964,0.224694888496399
85.1014626026154,0.991995275020599,0.204395275020599
85.1514575481415,1.00885045528412,0.221250455284119
85.2014639377594,0.98847234249115,0.20087234249115
85.251452922821,1.00627052783966,0.218670527839661
85.3014643192291,0.996919572353363,0.209319572353363
85.3514575958252,1.01067090034485,0.223070900344849
85.4014620780945,0.995334923267365,0.207734923267365
85.4514563083649,1.0042142868042,0.216614286804199
85.5014579296112,0.990620195865631,0.203020195865631
85.551456451416,1.00211894512177,0.214518945121765
85.6014552116394,0.986285209655762,0.198685209655762
85.6514568328857,1.00133311748505,0.213733117485046
85.701468706131,0.996382653713226,0.208782653713226
85.7515008449554,1.00763261318207,0.220032613182068
85.801507472992,0.991392910480499,0.203792910480499
85.8514931201935,0.996395707130432,0.208795707130432
85.9015116691589,0.988708019256592,0.201108019256592
85.9514665603638,1.00390005111694,0.216300051116943
86.0014641284943,0.987621068954468,0.200021068954468
86.0514643192291,1.00239396095276,0.214793960952759
86.1014652252197,0.982068181037903,0.194468181037903
86.1514673233032,0.997613728046417,0.210013728046417
86.201465845108,0.992767989635468,0.205167989635468
86.2514724731445,1.00282609462738,0.21522609462738
86.3014800548553,0.98645544052124,0.19885544052124
86.3514814376831,0.998622119426727,0.211022119426727
86.4014852046967,0.99453604221344,0.20693604221344
86.4514694213867,1.00391316413879,0.216313164138794
86.5014815330505,0.990934431552887,0.203334431552887
86.5514681339264,1.00413572788239,0.216535727882385
86.6014811992645,0.989218831062317,0.201618831062317
86.6514751911163,0.994483649730682,0.206883649730682
86.7014949321747,0.987922310829163,0.200322310829163
86.7514743804932,0.997246980667114,0.209646980667114
86.8014853000641,0.980103671550751,0.192503671550751
86.8514750003815,0.992676258087158,0.205076258087158
86.9014863967896,0.99080353975296,0.20320353975296
86.9514780044556,0.99160236120224,0.20400236120224
87.0014927387238,0.98585307598114,0.19825307598114
87.0514757633209,0.980627536773682,0.193027536773682
87.1014859676361,0.989310503005981,0.201710503005981
87.1514773368835,0.985564887523651,0.197964887523651
87.2014861106873,0.987909197807312,0.200309197807312
87.2514834403992,0.996159970760345,0.208559970760345
87.3014814853668,0.99211311340332,0.20451311340332
87.351480960846,0.989100992679596,0.201500992679596
87.4014897346497,0.995426595211029,0.207826595211029
87.451479434967,0.989022374153137,0.201422374153137
87.5014972686768,0.988328278064728,0.200728278064728
87.5514869689942,0.986992418766022,0.199392418766022
87.601485490799,0.991013050079346,0.203413050079346
87.6514809131622,0.991366684436798,0.203766684436798
87.7014842033386,0.992532253265381,0.204932253265381
87.7514834403992,0.985054135322571,0.197454135322571
87.801488161087,0.991929829120636,0.204329829120636
87.8514847755432,0.988681852817535,0.201081852817535
87.9014885425568,0.988118708133698,0.200518708133698
87.9514849185944,0.980365574359894,0.192765574359894
88.0014882087708,0.995884954929352,0.208284954929352
88.0514841079712,0.983914732933044,0.196314732933044
88.1014873981476,0.986036419868469,0.198436419868469
88.1514844894409,0.986442387104034,0.198842387104034
88.2014966011047,0.994549095630646,0.206949095630646
88.2514851093292,0.979370296001434,0.191770296001434
88.3014886379242,0.989965319633484,0.202365319633484
88.3514878749847,0.974878132343292,0.187278132343292
88.4014940261841,0.99483722448349,0.20723722448349
88.4514856338501,0.984373152256012,0.196773152256012
88.5014929771423,0.983679056167603,0.196079056167603
88.5514855384827,0.97777247428894,0.19017247428894
88.6014902591705,0.991039216518402,0.203439216518402
88.651487827301,0.972651720046997,0.185051720046997
88.7014951705933,0.991130948066711,0.203530948066711
88.7514886856079,0.982290804386139,0.194690804386139
88.80149269104,0.986468613147736,0.198868613147736
88.851491689682,0.978911876678467,0.191311876678467
88.9015030860901,0.998910248279572,0.211310248279572
88.9514882564545,0.978728532791138,0.191128532791138
89.001492023468,0.992322683334351,0.204722683334351
89.0514876842499,0.984189808368683,0.196589808368683
89.1014959812164,0.996945798397064,0.209345798397064
89.1514892578125,0.980758547782898,0.193158547782898
89.2014956474304,0.995465934276581,0.207865934276581
89.2514927387238,0.990934431552887,0.203334431552887
89.3014981746674,0.998910248279572,0.211310248279572
89.351494550705,0.990148663520813,0.202548663520813
89.4015030860901,0.996985077857971,0.209385077857971
89.4514966011047,0.985499441623688,0.197899441623688
89.5015022754669,1.00682055950165,0.219220559501648
89.5514998435974,1.00951838493347,0.221918384933472
89.6015117168427,1.02138388156891,0.233783881568909
89.6515398025513,0.998294711112976,0.210694711112976
89.7015464305878,1.01605355739594,0.228453557395935
89.7515416145325,1.00959706306458,0.221997063064575
89.8015518188477,1.02429127693176,0.236691276931763
89.8515379428864,1.00891602039337,0.221316020393372
89.9015507698059,1.03340649604797,0.245806496047974
89.9515480995178,1.01025176048279,0.222651760482788
90.0015230178833,1.03163850307465,0.244038503074646
90.0515148639679,1.01370930671692,0.226109306716919
90.1015152931213,1.0361305475235,0.248530547523499
90.1515250205994,1.01592266559601,0.228322665596008
90.2015562057495,1.0416442155838,0.254044215583801
90.2515509128571,1.02074217796326,0.233142177963257
90.3015322685242,1.0389986038208,0.251398603820801
90.3515210151672,1.02564024925232,0.238040249252319
90.4015276432037,1.04240369796753,0.254803697967529
90.4515202045441,1.0252081155777,0.237608115577698
90.5015194416046,1.05577528476715,0.268175284767151
90.5515179634094,1.04012501239777,0.252525012397766
90.6015238761902,1.04910922050476,0.261509220504761
90.6515195369721,1.04070127010345,0.253101270103455
90.7015192508698,1.06252002716064,0.274920027160645
90.751523733139,1.03795099258423,0.250350992584229
90.8015201091766,1.06337130069733,0.275771300697327
90.8515229225159,1.04417181015015,0.256571810150146
90.9015231132507,1.07032549381256,0.282725493812561
90.9515249729157,1.06046378612518,0.272863786125183
91.001522064209,1.0747652053833,0.287165205383301
91.0515193939209,1.03474223613739,0.24714223613739
91.1015229225159,1.07750236988068,0.289902369880676
91.1515219211578,1.05565738677979,0.268057386779785
91.2015268802643,1.07451641559601,0.286916415596008
91.2515213489533,1.07328534126282,0.285685341262817
91.3015222549439,1.08157539367676,0.293975393676758
91.3515264987946,1.06475949287415,0.277159492874146
91.4015276432037,1.08010864257813,0.292508642578125
91.4515237808228,1.04503619670868,0.257436196708679
91.5015277862549,1.07122921943665,0.283629219436646
91.5515248775482,1.06394755840302,0.276347558403015
91.6015248298645,1.07223761081696,0.284637610816956
91.6515367031098,1.06147229671478,0.273872296714783
91.7015800476074,1.07771193981171,0.290111939811707
91.7515780925751,1.05696713924408,0.26936713924408
91.8015797138214,1.07652020454407,0.288920204544067
91.8515596389771,1.06292593479157,0.275325934791565
91.901566028595,1.08001697063446,0.29241697063446
91.9515676498413,1.06164252758026,0.274042527580261
92.0015735626221,1.0770571231842,0.289457123184204
92.0515806674957,1.05394184589386,0.26634184589386
92.1015756130219,1.07303655147553,0.285436551475525
92.1515836715698,1.05381083488464,0.266210834884644
92.2015917301178,1.0654798746109,0.277879874610901
92.2515871524811,1.05548715591431,0.267887155914307
92.3015756607056,1.06813848018646,0.280538480186462
92.3515758514404,1.05052351951599,0.262923519515991
92.4015808105469,1.06993269920349,0.282332699203491
92.451562166214,1.05484545230865,0.267245452308655
92.5015468597412,1.06202232837677,0.27442232837677
92.5515420436859,1.05925893783569,0.271658937835693
92.6015448570251,1.05827677249908,0.270676772499084
92.6515443325043,1.04859840869904,0.260998408699036
92.7015490531921,1.06587266921997,0.278272669219971
92.7515449523926,1.04833650588989,0.260736505889893
92.8015439510346,1.06045079231262,0.272850792312622
92.8515536785126,1.04659461975098,0.258994619750977
92.9015588760376,1.06227123737335,0.274671237373352
92.9515454769135,1.05222618579865,0.264626185798645
93.0015511512756,1.05750405788422,0.269904057884216
93.0515472888947,1.05290710926056,0.265307109260559
93.1015462875366,1.05453109741211,0.266931097412109
93.1515467166901,1.04753756523132,0.259937565231323
93.2015516757965,1.05425608158112,0.266656081581116
93.2515473365784,1.05371916294098,0.266119162940979
93.3015496730804,1.05330002307892,0.265700023078918
93.3515520095825,1.04948902130127,0.26188902130127
93.4015593528748,1.05852556228638,0.270925562286377
93.4515521526337,1.05331313610077,0.265713136100769
93.5015506744385,1.05311667919159,0.265516679191589
93.5515501499176,1.0458220243454,0.258222024345398
93.6015605926514,1.05678379535675,0.26918379535675
93.6515672206879,1.04906988143921,0.261469881439209
93.7015709877014,1.05151903629303,0.26391903629303
93.7515692710877,1.04823172092438,0.260631720924377
93.8015558719635,1.05182015895844,0.264220158958435
93.8515691757202,1.05301189422607,0.265411894226074
93.9015626907349,1.04790437221527,0.260304372215271
93.951563835144,1.04943656921387,0.261836569213867
94.0015554428101,1.04778647422791,0.260186474227905
94.0515577793121,1.04696130752563,0.259361307525635
94.1015570163727,1.03822600841522,0.250626008415222
94.1515736579895,1.04363477230072,0.25603477230072
94.2015647888184,1.04920089244843,0.261600892448425
94.2515575885773,1.0493711233139,0.261771123313904
94.3015601634979,1.04081904888153,0.253219048881531
94.3515660762787,1.05986142158508,0.272261421585083
94.4015712738037,1.04672563076019,0.259125630760193
94.4515669345856,1.05497646331787,0.267376463317871
94.5015759468079,1.04058337211609,0.252983372116089
94.5515813827515,1.05470132827759,0.267101328277588
94.6015963554382,1.04927945137024,0.261679451370239
94.65159034729,1.04808759689331,0.260487596893311
94.7015664577484,1.0370866060257,0.249486606025696
94.7515633106232,1.04413247108459,0.256532471084595
94.8015649318695,1.04286205768585,0.255262057685852
94.8515703678131,1.04216802120209,0.254568021202087
94.9015719890594,1.03833067417145,0.250730674171448
94.951563835144,1.05225241184235,0.264652411842346
95.0015668869019,1.03911662101746,0.251516621017456
95.0515651702881,1.04921400547028,0.261614005470276
95.1015675067902,1.03755807876587,0.249958078765869
95.1515679359436,1.04584813117981,0.25824813117981
95.2015676498413,1.04343843460083,0.25583843460083
95.2515697479248,1.04525876045227,0.257658760452271
95.3015685081482,1.03799033164978,0.25039033164978
95.3515691757202,1.05086410045624,0.263264100456238
95.401572227478,1.03499114513397,0.247391145133972
95.4515697956085,1.05280232429504,0.265202324295044
95.501570224762,1.03750574588776,0.249905745887756
95.5515673160553,1.04761624336243,0.260016243362427
95.601569890976,1.03694260120392,0.249342601203918
95.6515693664551,1.04115962982178,0.253559629821777
95.7015707492828,1.03094434738159,0.243344347381592
95.7515680789948,1.05263209342957,0.265032093429565
95.8015842437744,1.03171694278717,0.24411694278717
95.8516020774841,1.05154514312744,0.263945143127441
95.9016103744507,1.02118742465973,0.233587424659729
95.9516086578369,1.0509557723999,0.263355772399902
96.0016105175018,1.02925491333008,0.241654913330078
96.0516090393066,1.05226540565491,0.264665405654907
96.101615190506,1.03499114513397,0.247391145133972
96.1516151428223,1.0560896396637,0.268489639663696
96.2015883922577,1.03412675857544,0.246526758575439
96.2515814304352,1.05020928382874,0.262609283828735
96.3015832901001,1.02904534339905,0.241445343399048
96.3515915870667,1.04948902130127,0.26188902130127
96.4016003608704,1.03522682189941,0.247626821899414
96.4515879154205,1.06978857517242,0.282188575172424
96.5015840530396,1.04303240776062,0.25543240776062
96.5515828132629,1.06959211826324,0.281992118263245
96.6015868186951,1.04669940471649,0.259099404716492
96.6515855789185,1.06942188739777,0.281821887397766
96.7015872001648,1.05002593994141,0.262425939941406
96.7515907287598,1.07388770580292,0.286287705802917
96.8015887737274,1.06406545639038,0.276465456390381
96.8515965938568,1.08470547199249,0.297105471992493
96.9015929698944,1.05320847034454,0.265608470344543
96.9515981674194,1.09289085865021,0.305290858650208
97.0015888214111,1.06431424617767,0.276714246177673
97.0515873432159,1.09190857410431,0.304308574104309
97.1015884876251,1.0686229467392,0.281022946739197
97.15158867836,1.10313236713409,0.315532367134094
97.2015936374664,1.08259689807892,0.294996898078918
97.2515890598297,1.09565424919128,0.308054249191284
97.3015906810761,1.08695805072784,0.299358050727844
97.3516030311584,1.12212228775024,0.334522287750244
97.4015936851501,1.07857632637024,0.290976326370239
97.4515931606293,1.11928033828735,0.331680338287354
97.501594543457,1.09256339073181,0.304963390731812
97.551591873169,1.10981154441834,0.322211544418335
97.6015923023224,1.09846997261047,0.310869972610474
97.651593208313,1.11794447898865,0.330344478988647
97.7016060352326,1.11029613018036,0.322696130180359
97.7515926361084,1.12902414798737,0.341424147987366
97.8016042709351,1.10081422328949,0.31321422328949
97.851621389389,1.11818015575409,0.330580155754089
97.9016244411469,1.11426424980164,0.326664249801636
97.9516515731812,1.13156485557556,0.343964855575562
98.0016403198242,1.12014472484589,0.332544724845886
98.0516517162323,1.1289324760437,0.341332476043701
98.1016459465027,1.13882029056549,0.351220290565491
98.1516568660736,1.1375892162323,0.3499892162323
98.2016582489014,1.11367499828339,0.326074998283386
98.251659154892,1.14738535881042,0.359785358810425
98.3016510009766,1.12965273857117,0.342052738571167
98.3516440391541,1.13888573646545,0.351285736465454
98.4016449451446,1.12605118751526,0.338451187515259
98.4516525268555,1.14028716087341,0.352687160873413
98.501618385315,1.11945056915283,0.331850569152832
98.5516130924225,1.14303731918335,0.35543731918335
98.6016120910645,1.11744678020477,0.329846780204773
98.6516125202179,1.14077174663544,0.353171746635437
98.7016186714172,1.11719799041748,0.32959799041748
98.7516140937805,1.13629257678986,0.348692576789856
98.8016159534454,1.11887431144714,0.331274311447144
98.8516249656677,1.13198399543762,0.344383995437622
98.9016149044037,1.1202495098114,0.332649509811401
98.9516139030457,1.13012421131134,0.34252421131134
99.0016169548035,1.1073887348175,0.319788734817505
99.0516142845154,1.12611675262451,0.338516752624512
99.1016161441803,1.10854113101959,0.320941131019592
99.1516153812409,1.13309705257416,0.345497052574158
99.2016227245331,1.11171054840088,0.324110548400879
99.2516121864319,1.12805497646332,0.340454976463318
99.3016135692596,1.10910427570343,0.32150427570343
99.3516187667847,1.12857890129089,0.340978901290894
99.4016182422638,1.11193311214447,0.32433311214447
99.4516162872315,1.12793707847595,0.340337078475952
99.5016157627106,1.11177599430084,0.324175994300842
99.551616191864,1.12391650676727,0.336316506767273
99.6016163825989,1.11004722118378,0.322447221183777
99.6516160964966,1.12704646587372,0.339446465873718
99.7016177177429,1.10951030254364,0.32191030254364
99.7516295909882,1.11752533912659,0.329925339126587
99.8016605377197,1.10592186450958,0.318321864509583
99.851655960083,1.12141501903534,0.333815019035339
99.9016556739807,1.10478246212006,0.317182462120056
99.9516513347626,1.1131511926651,0.3255511926651
100.001624822617,1.09705555438995,0.309455554389954
100.051622152329,1.11329519748688,0.325695197486877
100.101624011993,1.10944473743439,0.321844737434387
100.151627779007,1.11164510250092,0.324045102500916
100.201683998108,1.10301434993744,0.315414349937439
100.251655578613,1.11380589008331,0.326205890083313
100.301656246185,1.10442888736725,0.316828887367249
100.351631164551,1.11650383472443,0.328903834724426
100.401639699936,1.10191428661346,0.314314286613464
100.451629400253,1.1076637506485,0.320063750648499
100.501631259918,1.10124635696411,0.313646356964111
100.551629781723,1.1076375246048,0.320037524604797
100.60163974762,1.09802460670471,0.310424606704712
100.65163064003,1.11063659191132,0.323036591911316
100.701639175415,1.0963613986969,0.308761398696899
100.751630783081,1.11249625682831,0.324896256828308
100.801635742188,1.0989545583725,0.311354558372498
100.851648330688,1.0940957069397,0.306495706939697
100.901641368866,1.10301434993744,0.315414349937439
100.951634883881,1.09824728965759,0.310647289657593
101.001634836197,1.09506487846375,0.307464878463745
101.051633358002,1.10321092605591,0.315610926055908
101.101634740829,1.08851659297943,0.300916592979431
101.151635408401,1.0908739566803,0.303273956680298
101.201639175415,1.09819495677948,0.31059495677948
101.25163602829,1.10032963752747,0.312729637527466
101.301638841629,1.09763181209564,0.310031812095642
101.351637125015,1.09884977340698,0.311249773406982
101.401641368866,1.09590303897858,0.308303038978577
101.451637506485,1.09393858909607,0.306338589096069
101.501636981964,1.10082733631134,0.31322733631134
101.551634788513,1.10110235214233,0.313502352142334
101.601637125015,1.10013318061829,0.312533180618286
101.651636362076,1.09730434417725,0.309704344177246
101.701640129089,1.10038197040558,0.312781970405579
101.751640081406,1.09743535518646,0.309835355186462
101.801637887955,1.09685909748077,0.309259097480774
101.851638793945,1.10078799724579,0.313187997245789
101.901642084122,1.09643995761871,0.308839957618713
101.951638221741,1.09097874164581,0.303378741645813
102.001643180847,1.09349322319031,0.305893223190308
102.051640748978,1.09446239471436,0.306862394714355
102.101639270782,1.09188234806061,0.304282348060608
102.151639461517,1.08745574951172,0.299855749511719
102.201646089554,1.09251093864441,0.304910938644409
102.251650571823,1.08710217475891,0.299502174758911
102.301691770554,1.09776270389557,0.310162703895569
102.351679801941,1.09473741054535,0.307137410545349
102.401684522629,1.10281801223755,0.315218012237549
102.451651096344,1.09180378913879,0.304203789138794
102.501646757126,1.08687949180603,0.29927949180603
102.551646471024,1.08910596370697,0.30150596370697
102.601649045944,1.08944642543793,0.301846425437927
102.65164732933,1.08580565452576,0.298205654525757
102.701649665833,1.08834636211395,0.300746362113953
102.751653194428,1.08105158805847,0.293451588058472
102.801653862,1.10475623607636,0.317156236076355
102.851652383804,1.0802526473999,0.292652647399902
102.901651144028,1.09759247303009,0.30999247303009
102.951649665833,1.08061945438385,0.29301945438385
103.001649856567,1.0973436832428,0.309743683242798
103.051650762558,1.08212554454803,0.294525544548035
103.101652383804,1.09093940258026,0.303339402580261
103.151648759842,1.08255767822266,0.294957678222656
103.201652288437,1.09417426586151,0.306574265861511
103.251648426056,1.08598899841309,0.298388998413086
103.301651000977,1.09650552272797,0.308905522727966
103.351655244827,1.08149683475494,0.293896834754944
103.401653528214,1.11271893978119,0.325118939781189
103.451649188995,1.08818912506104,0.300589125061035
103.501663446426,1.09714710712433,0.309547107124329
103.551650285721,1.08835935592651,0.300759355926514
103.601652622223,1.11676573753357,0.329165737533569
103.651656150818,1.09244549274445,0.304845492744446
103.701682567596,1.1330578327179,0.345457832717896
103.75168466568,1.1005392074585,0.312939207458496
103.801688909531,1.12670600414276,0.339106004142761
103.851657152176,1.10512292385101,0.317522923851013
103.901666641235,1.13578188419342,0.34818188419342
103.951659440994,1.12124478816986,0.333644788169861
104.001658916473,1.14184558391571,0.35424558391571
104.051658630371,1.12003993988037,0.332439939880371
104.101659059525,1.15433967113495,0.366739671134949
104.151658773422,1.12492489814758,0.337324898147583
104.201659202576,1.15540051460266,0.367800514602661
104.251660823822,1.15711617469788,0.369516174697876
104.301686525345,1.14924514293671,0.361645142936707
104.351690769196,1.14274919033051,0.355149190330505
104.401699066162,1.16692543029785,0.379325430297852
104.451677799225,1.1440064907074,0.356406490707397
104.501667499542,1.1675933599472,0.379993359947205
104.551668167114,1.14784383773804,0.360243837738037
104.601689100266,1.17635488510132,0.388754885101318
104.651688337326,1.15305614471436,0.365456144714355
104.70166683197,1.17198061943054,0.384380619430542
104.751667976379,1.1559374332428,0.368337433242798
104.801669836044,1.17622399330139,0.388623993301392
104.851668357849,1.16561579704285,0.378015797042847
104.901672363281,1.18270671367645,0.395106713676453
104.951663255692,1.18560099601746,0.398000996017456
105.001671075821,1.18123984336853,0.39363984336853
105.051668643951,1.17423319816589,0.386633198165894
105.101670026779,1.1955019235611,0.407901923561096
105.151668548584,1.18672740459442,0.399127404594421
105.201670646667,1.18660938739777,0.399009387397766
105.251669645309,1.17279267311096,0.385192673110962
105.301672458649,1.18895375728607,0.401353757286072
105.351670980453,1.17312002182007,0.385520021820068
105.401678800583,1.18896687030792,0.401366870307922
105.451667547226,1.17364382743835,0.386043827438354
105.501669645309,1.18709397315979,0.39949397315979
105.551667451859,1.17022573947907,0.382625739479065
105.601671934128,1.18533909320831,0.397739093208313
105.651669025421,1.16676831245422,0.379168312454224
105.701672792435,1.18746078014374,0.399860780143738
105.751671791077,1.17353916168213,0.385939161682129
105.801682472229,1.18070292472839,0.393102924728394
105.851679086685,1.15826869010925,0.370668690109253
105.901715040207,1.17893493175507,0.391334931755066
105.951705694199,1.16323220729828,0.375632207298279
106.001721858978,1.17157459259033,0.383974592590332
106.051708936691,1.15688037872314,0.369280378723145
106.101722717285,1.16976737976074,0.382167379760742
106.151710748673,1.16002357006073,0.37242357006073
106.20171380043,1.16866731643677,0.381067316436768
106.251695632935,1.1630619764328,0.3754619764328
106.301684617996,1.17640733718872,0.388807337188721
106.351684093475,1.16222369670868,0.374623696708679
106.401691913605,1.1704353094101,0.382835309410095
106.451686382294,1.15676248073578,0.369162480735779
106.501687288284,1.17128646373749,0.383686463737488
106.551684617996,1.15533494949341,0.367734949493408
106.601686954498,1.16452872753143,0.376928727531433
106.651684522629,1.15753519535065,0.369935195350647
106.701689958572,1.17456066608429,0.38696066608429
106.751686573029,1.15939497947693,0.371794979476929
106.801688909531,1.1662575006485,0.378657500648499
106.85168671608,1.15770554542542,0.370105545425415
106.901697158813,1.16680753231049,0.379207532310486
106.951688051224,1.14870822429657,0.36110822429657
107.001689195633,1.16403114795685,0.376431147956848
107.051689624786,1.15213942527771,0.36453942527771
107.101692676544,1.16236782073975,0.374767820739746
107.151689767838,1.14862954616547,0.361029546165466
107.201692819595,1.16032469272614,0.372724692726135
107.251691818237,1.14975583553314,0.362155835533142
107.301691770554,1.16083550453186,0.37323550453186
107.351696252823,1.1530693769455,0.365469376945496
107.401693344116,1.16035091876984,0.372750918769836
107.451691865921,1.15409088134766,0.366490881347656
107.50169968605,1.16243326663971,0.374833266639709
107.551692485809,1.15380275249481,0.366202752494812
107.601694583893,1.16001045703888,0.372410457038879
107.651702165604,1.15685415267944,0.369254152679443
107.701708316803,1.15237522125244,0.364775221252441
107.751708507538,1.15420866012573,0.366608660125732
107.801708698273,1.15445744991303,0.366857449913025
107.851706027985,1.14827597141266,0.360675971412659
107.901696443558,1.15863525867462,0.371035258674622
107.951696395874,1.15026664733887,0.362666647338867
108.001700162888,1.15114414691925,0.36354414691925
108.051698684692,1.15073812007904,0.363138120079041
108.101702451706,1.15303003787994,0.365430037879944
108.151699304581,1.14948093891144,0.361880938911438
108.201704025269,1.14895701408386,0.361357014083862
108.251699447632,1.15076434612274,0.363164346122742
108.301701784134,1.14674365520477,0.359143655204773
108.351702213287,1.15199530124664,0.364395301246643
108.401707410812,1.15228343009949,0.364683430099487
108.451699733734,1.15118336677551,0.363583366775513
108.501719236374,1.14969038963318,0.362090389633179
108.551701307297,1.15325260162354,0.365652601623535
108.601702451706,1.14631152153015,0.358711521530151
108.651701688766,1.14345645904541,0.35585645904541
108.701704263687,1.14339089393616,0.355790893936157
108.751704454422,1.14343023300171,0.355830233001709
108.801708459854,1.14713656902313,0.359536569023132
108.851703882217,1.15051543712616,0.36291543712616
108.901717424393,1.13745820522308,0.349858205223083
108.951704978943,1.15145838260651,0.363858382606506
109.001722097397,1.13975012302399,0.352150123023987
109.051706552506,1.14119076728821,0.353590767288208
109.101708650589,1.14480543136597,0.357205431365967
109.151706218719,1.14824974536896,0.360649745368958
109.201716423035,1.13658082485199,0.34898082485199
109.251708269119,1.14573526382446,0.358135263824463
109.301716089249,1.13963222503662,0.352032225036621
109.351709604263,1.14959871768951,0.361998717689514
109.401722431183,1.13037312030792,0.342773120307922
109.451708555222,1.14259207248688,0.354992072486877
109.501718997955,1.13194465637207,0.34434465637207
109.551708698273,1.14252662658691,0.354926626586914
109.601716279984,1.13093626499176,0.34333626499176
109.651711940765,1.14916658401489,0.361566584014893
109.701776981354,1.13252091407776,0.344920914077759
109.751747369766,1.14441251754761,0.356812517547607
109.801776885986,1.12434864044189,0.336748640441895
109.851745605469,1.14259207248688,0.354992072486877
109.901767253876,1.13410556316376,0.346505563163757
109.951751470566,1.1446875333786,0.357087533378601
110.001748800278,1.1398549079895,0.352254907989502
110.051719665527,1.14472675323486,0.357126753234863
110.101732254028,1.13613557815552,0.348535578155518
110.151727437973,1.14810574054718,0.36050574054718
110.201736211777,1.13104093074799,0.343440930747986
110.251739501953,1.14379703998566,0.356197039985657
110.301734685898,1.13476037979126,0.34716037979126
110.351738929749,1.16515743732452,0.377557437324524
110.401741504669,1.14636385440826,0.358763854408264
110.45174407959,1.16615271568298,0.378552715682983
110.50173163414,1.15096080303192,0.363360803031921
110.551727056503,1.16608715057373,0.37848715057373
110.601728916168,1.14418983459473,0.356589834594727
110.651726722717,1.15990567207336,0.372305672073364
110.701739788055,1.15926396846771,0.371663968467712
110.751729249954,1.18769645690918,0.40009645690918
110.801741361618,1.16476452350616,0.377164523506165
110.85173201561,1.17952430248261,0.391924302482605
110.901736736298,1.17216396331787,0.384563963317871
110.951731920242,1.19880223274231,0.41120223274231
111.001734256744,1.17834556102753,0.390745561027527
111.051731586456,1.19758439064026,0.409984390640259
111.10173869133,1.18537831306458,0.397778313064575
111.151758670807,1.20672571659088,0.419125716590881
111.201764345169,1.18833816051483,0.400738160514832
111.251734256744,1.213627576828,0.426027576828003
111.301736116409,1.18172442913055,0.394124429130554
111.35174536705,1.21193814277649,0.424338142776489
111.401752471924,1.18905854225159,0.401458542251587
111.451748132706,1.21239650249481,0.424796502494812
111.501744508743,1.19467687606812,0.407076876068115
111.551748037338,1.22020196914673,0.432601969146729
111.601748943329,1.2161945104599,0.4285945104599
111.651740074158,1.22401309013367,0.436413090133667
111.701741695404,1.20072746276855,0.413127462768555
111.75174164772,1.23138642311096,0.443786423110962
111.801752090454,1.20553398132324,0.417933981323242
111.851746559143,1.22652757167816,0.438927571678162
111.901773929596,1.21994006633759,0.432340066337585
111.951792001724,1.23301041126251,0.445410411262512
112.00178194046,1.21791017055511,0.430310170555115
112.051790237427,1.23492240905762,0.447322409057617
112.101790189743,1.21779227256775,0.430192272567749
112.151788234711,1.23865497112274,0.451054971122742
112.201796770096,1.22444522380829,0.436845223808289
112.251785516739,1.25492084026337,0.467320840263367
112.30179309845,1.22191762924194,0.434317629241943
112.35178565979,1.24727249145508,0.459672491455078
112.40180850029,1.22579419612885,0.438194196128845
112.451786518097,1.25181698799133,0.464216987991333
112.501756191254,1.2174516916275,0.429851691627502
112.55175614357,1.24372339248657,0.456123392486572
112.601756811142,1.21856498718262,0.430964987182617
112.651755809784,1.23892998695374,0.451329986953735
112.701758623123,1.21835541725159,0.430755417251587
112.751756906509,1.23912644386292,0.451526443862915
112.801760196686,1.21718978881836,0.429589788818359
112.851770877838,1.23074471950531,0.44314471950531
112.901766061783,1.21475386619568,0.427153866195679
112.951760053635,1.24213874340057,0.454538743400574
113.001760005951,1.2120167016983,0.424416701698303
113.051760196686,1.23188412189484,0.444284121894836
113.101762056351,1.2042897939682,0.416689793968201
113.151761054993,1.22960531711578,0.442005317115784
113.201761484146,1.21127021312714,0.423670213127136
113.251759767532,1.22906839847565,0.441468398475647
113.301765918732,1.20774722099304,0.420147220993042
113.351763486862,1.22863614559174,0.441036145591736
113.401764154434,1.20863771438599,0.421037714385986
113.451765060425,1.22338449954987,0.435784499549866
113.50176024437,1.20938432216644,0.421784322166443
113.551763296127,1.22747051715851,0.439870517158508
113.601759910584,1.20181453227997,0.414214532279968
113.651764631271,1.22420954704285,0.436609547042847
113.701772689819,1.19818675518036,0.410586755180359
113.751804351807,1.21990084648132,0.432300846481323
113.801805973053,1.2010155916214,0.413415591621399
113.851813077927,1.22304391860962,0.435443918609619
113.901819944382,1.20254790782928,0.414947907829285
113.951778650284,1.22011041641235,0.432510416412354
114.00177025795,1.19939160346985,0.411791603469849
114.051772832871,1.22382974624634,0.436229746246338
114.101770401001,1.19254219532013,0.404942195320129
114.151804447174,1.2178316116333,0.430231611633301
114.201799869537,1.19924759864807,0.411647598648071
114.251801252365,1.20794367790222,0.420343677902222
114.301776409149,1.19619607925415,0.40859607925415
114.351777553558,1.21722912788391,0.429629127883911
114.401781082153,1.20059645175934,0.412996451759338
114.451773881912,1.20669949054718,0.41909949054718
114.501778364182,1.19855344295502,0.410953442955017
114.551787853241,1.21479308605194,0.427193086051941
114.60177898407,1.19759738445282,0.40999738445282
114.651787757874,1.21095585823059,0.423355858230591
114.70178103447,1.19121944904327,0.403619449043274
114.751792192459,1.20989501476288,0.422295014762878
114.801784515381,1.18773567676544,0.400135676765442
114.85179400444,1.20387065410614,0.41627065410614
114.901783704758,1.18660938739777,0.399009387397766
114.951805830002,1.20531129837036,0.417711298370361
115.001785516739,1.19581627845764,0.408216278457642
115.051794290543,1.20377898216248,0.416178982162476
115.10178565979,1.19131112098694,0.403711120986938
115.15179681778,1.20434212684631,0.416742126846313
115.201790809631,1.1900407075882,0.402440707588196
115.251782178879,1.2091224193573,0.4215224193573
115.301787137985,1.18888819217682,0.401288192176819
115.351786851883,1.203333735466,0.415733735466003
115.401794195175,1.19010627269745,0.402506272697449
115.451797008514,1.20055723190308,0.412957231903076
115.50178694725,1.18144941329956,0.393849413299561
115.551797628403,1.19567227363586,0.408072273635864
115.601788759232,1.18567967414856,0.39807967414856
115.65179681778,1.19958817958832,0.411988179588318
115.701797962189,1.18794524669647,0.400345246696472
115.751791000366,1.19839632511139,0.410796325111389
115.801796197891,1.18499863147736,0.397398631477356
115.851805448532,1.20051789283752,0.412917892837524
115.901798963547,1.18178987503052,0.394189875030518
115.951791763306,1.20181453227997,0.414214532279968
116.001787424088,1.19387805461884,0.406278054618835
116.051792144775,1.1939959526062,0.406395952606201
116.101794719696,1.1939697265625,0.4063697265625
116.151793479919,1.19468998908997,0.407089989089966
116.201798200607,1.1900931596756,0.402493159675598
116.251806259155,1.19115400314331,0.403554003143311
116.301819562912,1.18518197536469,0.397581975364685
116.351814031601,1.19158613681793,0.403986136817932
116.401819229126,1.17880392074585,0.39120392074585
116.451825857162,1.19026339054108,0.402663390541077
116.501817703247,1.19150757789612,0.403907577896118
116.5518014431,1.19470310211182,0.407103102111816
116.601795196533,1.18747389316559,0.399873893165588
116.651798963547,1.19144213199615,0.403842131996155
116.701794624329,1.18768334388733,0.400083343887329
116.751797199249,1.18543076515198,0.397830765151978
116.80179643631,1.19180870056152,0.404208700561523
116.851799726486,1.19030261039734,0.402702610397339
116.901800870895,1.19034194946289,0.402741949462891
116.951797008514,1.17996954917908,0.392369549179077
117.001796007156,1.18714642524719,0.399546425247192
117.051799297333,1.18168520927429,0.394085209274292
117.101802825928,1.18019223213196,0.392592232131958
117.151813983917,1.17969453334808,0.392094533348083
117.201817512512,1.18232691287994,0.394726912879944
117.251803636551,1.18303418159485,0.395434181594849
117.301803588867,1.18759167194366,0.399991671943665
117.351803779602,1.18405568599701,0.396455685997009
117.401806354523,1.18447470664978,0.39687470664978
117.451805591583,1.18933355808258,0.401733558082581
117.501803398132,1.20917475223541,0.421574752235413
117.551802635193,1.20026910305023,0.412669103050232
117.601803064346,1.21379780769348,0.426197807693481
117.651803731918,1.20769476890564,0.42009476890564
117.70180439949,1.21145355701447,0.423853557014465
117.751803159714,1.21433472633362,0.426734726333618
117.80180644989,1.21502888202667,0.427428882026672
117.851807355881,1.21134877204895,0.42374877204895
117.901806354523,1.21716368198395,0.429563681983948
117.9518430233,1.21861732006073,0.43101732006073
118.001846075058,1.21914112567902,0.431541125679016
118.051850557327,1.23006367683411,0.442463676834106
118.101848840714,1.23494863510132,0.447348635101318
118.151859521866,1.23374378681183,0.446143786811829
118.201851606369,1.2442079782486,0.456607978248596
118.251863241196,1.23166143894196,0.444061438941956
118.301855802536,1.2518824338913,0.464282433891296
118.351862668991,1.24213874340057,0.454538743400574
118.401863574982,1.26349914073944,0.475899140739441
118.451833724976,1.25028467178345,0.462684671783447
118.501832485199,1.27442157268524,0.486821572685242
118.551856279373,1.2599630355835,0.472363035583496
118.601846218109,1.27075457572937,0.48315457572937
118.651834249496,1.26784706115723,0.480247061157227
118.701826572418,1.27875649929047,0.491156499290466
118.751834869385,1.27891361713409,0.491313617134094
118.801823854446,1.29139459133148,0.503794591331482
118.851832389832,1.28297364711761,0.495373647117615
118.901830673218,1.28966593742371,0.502065937423706
118.951828718185,1.27463114261627,0.487031142616272
119.001826286316,1.29959309101105,0.511993091011047
119.051823616028,1.28337955474854,0.495779554748535
119.101829767227,1.31137990951538,0.523779909515381
119.151828289032,1.29115891456604,0.50355891456604
119.201827526093,1.31951284408569,0.531912844085693
119.251827716827,1.29312336444855,0.505523364448547
119.301831483841,1.32070469856262,0.533104698562622
119.351840019226,1.30035269260407,0.512752692604065
119.401832342148,1.31901514530182,0.531415145301819
119.451840400696,1.29795598983765,0.510355989837646
119.50182890892,1.31318724155426,0.52558724155426
119.551839590073,1.29084467887878,0.503244678878784
119.601830244064,1.31390750408173,0.526307504081726
119.65184211731,1.2867716550827,0.499171655082703
119.701832771301,1.31407785415649,0.526477854156494
119.751841306686,1.28936469554901,0.501764695549011
119.801831007004,1.30649495124817,0.518894951248169
119.851850032806,1.28986239433289,0.502262394332886
119.901848316193,1.29880726337433,0.511207263374329
119.951876163483,1.2818341255188,0.494234125518799
120.001860618591,1.29749751091003,0.509897510910034
120.051868200302,1.28358912467957,0.495989124679565
120.101835727692,1.30382323265076,0.516223232650757
120.151833534241,1.28554058074951,0.497940580749512
120.201836824417,1.30982148647308,0.522221486473083
120.251841545105,1.2789398431778,0.491339843177795
120.301848173142,1.2982702255249,0.510670225524902
120.351843833923,1.28140199184418,0.493801991844177
120.401845932007,1.29377818107605,0.50617818107605
120.451840400696,1.27529895305634,0.487698953056335
120.501837730408,1.29126369953156,0.503663699531555
120.551839590073,1.278036236763,0.490436236763
120.601839780808,1.29756307601929,0.509963076019287
120.651842355728,1.27841603755951,0.490816037559509
120.70184135437,1.2925341129303,0.504934112930298
120.751840114594,1.27533829212189,0.487738292121887
120.80184674263,1.28977072238922,0.502170722389221
120.85184264183,1.27374053001404,0.486140530014038
120.901844263077,1.28733479976654,0.499734799766541
120.951843261719,1.2696545124054,0.482054512405396
121.001841068268,1.29290068149567,0.505300681495667
121.051846027374,1.27537763118744,0.487777631187439
121.101840734482,1.28848731517792,0.500887315177917
121.151842832565,1.2670351266861,0.479435126686096
121.201840639114,1.28720378875732,0.499603788757324
121.251843929291,1.26377403736115,0.476174037361145
121.301842212677,1.28172934055328,0.494129340553284
121.351845502853,1.26267397403717,0.47507397403717
121.401847839355,1.27867794036865,0.491077940368652
121.451852321625,1.26592195034027,0.478321950340271
121.501844644547,1.27890062332153,0.491300623321533
121.551848649979,1.26170480251312,0.474104802513123
121.601852178574,1.27440845966339,0.486808459663391
121.65184545517,1.25621736049652,0.468617360496521
121.701848983765,1.28107464313507,0.493474643135071
121.751846551895,1.26002848148346,0.472428481483459
121.801850557327,1.27494537830353,0.487345378303528
121.851848602295,1.25768423080444,0.470084230804443
121.901854276657,1.27713251113892,0.489532511138916
121.951845169067,1.26184892654419,0.474248926544189
122.001849412918,1.27484059333801,0.487240593338013
122.051848888397,1.26107621192932,0.473476211929321
122.101849794388,1.27676582336426,0.489165823364258
122.15184879303,1.26471698284149,0.477116982841492
122.201849460602,1.26634097099304,0.478740970993042
122.251847982407,1.25769734382629,0.470097343826294
122.301857233048,1.26838409900665,0.480784099006653
122.351849555969,1.25678050518036,0.469180505180359
122.401851177216,1.2654504776001,0.477850477600098
122.451854467392,1.25773668289185,0.470136682891846
122.501850128174,1.26793885231018,0.480338852310181
122.551850318909,1.26319789886475,0.475597898864746
122.601850509644,1.26800429821014,0.480404298210144
122.651854753494,1.25433158874512,0.466731588745117
122.701857566834,1.26892101764679,0.48132101764679
122.751859664917,1.25738298892975,0.469782988929749
122.801858663559,1.26533257961273,0.477732579612732
122.851856231689,1.25696396827698,0.469363968276978
122.901859998703,1.26105010509491,0.47345010509491
122.951853990555,1.26263475418091,0.475034754180908
123.001856803894,1.25619125366211,0.468591253662109
123.051861763001,1.24993109703064,0.46233109703064
123.101860761642,1.25561499595642,0.468014995956421
123.151854991913,1.25311350822449,0.465513508224487
123.201858997345,1.25784134864807,0.470241348648071
123.251854419708,1.25434458255768,0.466744582557678
123.301856279373,1.26277875900269,0.475178759002686
123.351857423782,1.25049424171448,0.462894241714478
123.40186214447,1.25086092948914,0.463260929489136
123.451856136322,1.25599479675293,0.46839479675293
123.501853942871,1.25798547267914,0.470385472679138
123.551856040955,1.24931561946869,0.461715619468689
123.601854801178,1.25342786312103,0.465827863121033
123.651855707169,1.25316596031189,0.46556596031189
123.701862335205,1.25469827651978,0.467098276519775
123.751889705658,1.25943911075592,0.47183911075592
123.801906108856,1.25675439834595,0.469154398345947
123.851891040802,1.25308728218079,0.465487282180786
123.901891708374,1.25299572944641,0.465395729446411
123.951889514923,1.25551021099091,0.467910210990906
124.001891613007,1.25265514850616,0.465055148506165
124.051890850067,1.25260281562805,0.465002815628052
124.101891517639,1.25213134288788,0.464531342887878
124.151895284653,1.25165987014771,0.464059870147705
124.201868057251,1.24733805656433,0.459738056564331
124.25186753273,1.25768423080444,0.470084230804443
124.301868677139,1.24685347080231,0.459253470802307
124.351870298386,1.27397632598877,0.48637632598877
124.401870250702,1.25908553600311,0.471485536003113
124.45187664032,1.25908553600311,0.471485536003113
124.501868009567,1.2647956609726,0.477195660972595
124.551871061325,1.26664221286774,0.479042212867737
124.601869106293,1.27461802959442,0.487018029594421
124.65186882019,1.2876490354538,0.500049035453796
124.701870203018,1.27874338626862,0.491143386268616
124.751868009567,1.28657507896423,0.498975078964233
124.801872014999,1.28612983226776,0.498529832267761
124.851870059967,1.30673062801361,0.519130628013611
124.901881217957,1.29026830196381,0.502668301963806
124.951870918274,1.30673062801361,0.519130628013611
125.001871824265,1.29396152496338,0.506361524963379
125.051869869232,1.31409096717834,0.526490967178345
125.10187292099,1.30235648155212,0.514756481552124
125.151875019073,1.29448544979095,0.506885449790955
125.201881408691,1.32519674301147,0.537596743011475
125.251880407333,1.32809102535248,0.540491025352478
125.301876068115,1.31756150722504,0.529961507225037
125.351876735687,1.33074963092804,0.54314963092804
125.401882886887,1.31650078296661,0.528900782966614
125.451878786087,1.32027244567871,0.532672445678711
125.501877069473,1.32637548446655,0.538775484466553
125.551875829697,1.34258890151978,0.554988901519775
125.601877450943,1.32509195804596,0.537491958045959
125.651876688004,1.34290325641632,0.555303256416321
125.701878070831,1.33094620704651,0.543346207046509
125.751875638962,1.3620765209198,0.5744765209198
125.801877260208,1.35028970241547,0.562689702415466
125.851881980896,1.35905122756958,0.57145122756958
125.901915788651,1.34816801548004,0.560568015480042
125.951910734177,1.36793065071106,0.58033065071106
126.001916408539,1.32886373996735,0.541263739967346
126.051913976669,1.39593100547791,0.608331005477905
126.10191988945,1.3617490530014,0.574149053001404
126.151921272278,1.38114511966705,0.593545119667053
126.201928138733,1.34362351894379,0.556023518943787
126.251935005188,1.39682161808014,0.609221618080139
126.301935911179,1.37145364284515,0.583853642845154
126.35192155838,1.3755921125412,0.587992112541199
126.401925325394,1.3726978302002,0.585097830200195
126.451907634735,1.38291299343109,0.595312993431091
126.501905918121,1.35700821876526,0.569408218765259
126.551916837692,1.38295245170593,0.595352451705933
126.601922512054,1.35856676101685,0.570966761016846
126.651895999908,1.3852311372757,0.597631137275696
126.70189332962,1.36549472808838,0.577894728088379
126.751893281937,1.3739550113678,0.586355011367798
126.801900625229,1.35639262199402,0.568792621994019
126.851908445358,1.37637794017792,0.588777940177917
126.901908874512,1.35369479656219,0.566094796562195
126.951904058456,1.37810659408569,0.590506594085693
127.001904726028,1.35340654850006,0.565806548500061
127.051899433136,1.37096893787384,0.58336893787384
127.101897239685,1.3533673286438,0.565767328643799
127.151901483536,1.37006533145905,0.582465331459045
127.201900959015,1.34642612934113,0.558826129341125
127.251900434494,1.36449944972992,0.576899449729919
127.301897525787,1.34738230705261,0.559782307052612
127.351902484894,1.35763680934906,0.57003680934906
127.40190243721,1.34062445163727,0.553024451637268
127.451900959015,1.36620199680328,0.578601996803284
127.501899719238,1.3440033197403,0.556403319740295
127.551899194717,1.3598108291626,0.572210829162598
127.601898908615,1.3334344625473,0.545834462547302
127.651900529861,1.36489224433899,0.577292244338989
127.701901912689,1.33714079856873,0.549540798568726
127.751901865006,1.35932636260986,0.571726362609863
127.801934957504,1.34317827224731,0.555578272247314
127.851946592331,1.36817955970764,0.580579559707642
127.90194773674,1.32604801654816,0.538448016548157
127.951950550079,1.34619045257568,0.558590452575684
128.001915216446,1.33518946170807,0.547589461708069
128.051915645599,1.35829162597656,0.570691625976562
128.101916313171,1.33048784732819,0.542887847328186
128.151917219162,1.35127186775208,0.563671867752075
128.2019135952,1.33211171627045,0.544511716270447
128.251915693283,1.35310542583466,0.565505425834656
128.301918745041,1.32868039608002,0.541080396080017
128.351916074753,1.3486133813858,0.561013381385803
128.401918411255,1.32967567443848,0.542075674438477
128.451914072037,1.34945142269135,0.561851422691345
128.501912355423,1.33139145374298,0.543791453742981
128.551913022995,1.34062445163727,0.553024451637268
128.601916313171,1.32743620872498,0.539836208724976
128.651917219162,1.34493327140808,0.557333271408081
128.70191526413,1.32073080539703,0.533130805397034
128.751920223236,1.35120642185211,0.563606421852112
128.801931619644,1.32616591453552,0.538565914535522
128.851925849915,1.34507727622986,0.557477276229858
128.901923656464,1.32675516605377,0.539155166053772
128.951917648315,1.34248411655426,0.55488411655426
129.00191950798,1.32108438014984,0.533484380149841
129.051920890808,1.33970773220062,0.552107732200623
129.101920843124,1.32558965682983,0.537989656829834
129.151924133301,1.33238685131073,0.54478685131073
129.201937198639,1.31323957443237,0.525639574432373
129.251934289932,1.33406317234039,0.546463172340393
129.301925897598,1.30328619480133,0.515686194801331
129.351924419403,1.3225382566452,0.534938256645203
129.401929855347,1.31804597377777,0.530445973777771
129.451922416687,1.3302127122879,0.542612712287903
129.50192284584,1.30972981452942,0.522129814529419
129.551923036575,1.33161413669586,0.544014136695862
129.601925611496,1.32243347167969,0.534833471679687
129.651924133301,1.32837927341461,0.540779273414612
129.701925992966,1.32057368755341,0.532973687553406
129.751923322678,1.31949973106384,0.531899731063843
129.801926851273,1.3224071264267,0.534807126426697
129.851938486099,1.32751488685608,0.539914886856079
129.901931285858,1.31812465190887,0.530524651908875
129.95192861557,1.32312750816345,0.535527508163452
130.001926660538,1.31711626052856,0.529516260528564
130.05192732811,1.32907330989838,0.541473309898376
130.101926326752,1.30274939537048,0.515149395370483
130.15192937851,1.32722663879395,0.539626638793945
130.201927661896,1.3147588968277,0.527158896827698
130.251929521561,1.32025933265686,0.53265933265686
130.301939249039,1.31843900680542,0.53083900680542
130.351942539215,1.31722092628479,0.52962092628479
130.40194439888,1.32295727729797,0.535357277297974
130.451976299286,1.32280015945435,0.535200159454346
130.501967191696,1.32519674301147,0.537596743011475
130.551966905594,1.32176554203033,0.534165542030334
130.601940631866,1.31293845176697,0.525338451766968
130.651934146881,1.31439220905304,0.52679220905304
130.701944589615,1.32079637050629,0.533196370506287
130.751936912537,1.31655311584473,0.528953115844727
130.80194067955,1.3150337934494,0.527433793449402
130.851950645447,1.31640899181366,0.52880899181366
130.901943922043,1.31600296497345,0.52840296497345
130.951937913895,1.31813776493073,0.530537764930725
131.001936435699,1.31045007705688,0.522850077056885
131.051937580109,1.3124668598175,0.524866859817505
131.101948976517,1.31073820590973,0.523138205909729
131.151937484741,1.31447064876556,0.526870648765564
131.201949834824,1.31342303752899,0.525823037528992
131.251937150955,1.31381583213806,0.526215832138062
131.301947593689,1.31820321083069,0.530603210830688
131.351951599121,1.31191682815552,0.524316828155518
131.401941299438,1.31553149223328,0.527931492233276
131.451943874359,1.31812465190887,0.530524651908875
131.501944065094,1.33973383903503,0.552133839035034
131.551945209503,1.34450101852417,0.55690101852417
131.601944446564,1.3392493724823,0.5516493724823
131.651948451996,1.35376024246216,0.566160242462158
131.701944351196,1.35406136512756,0.566461365127563
131.751941919327,1.35767614841461,0.570076148414612
131.80194234848,1.36660802364349,0.579008023643494
131.851945161819,1.36907017230988,0.581470172309875
131.901945590973,1.38496923446655,0.597369234466553
131.951944112778,1.37429559230804,0.586695592308044
132.001947641373,1.3749897480011,0.587389748001099
132.051993608475,1.37492418289185,0.587324182891846
132.101993322372,1.39521062374115,0.60761062374115
132.151988983154,1.42915689945221,0.641556899452209
132.201998710632,1.39434635639191,0.606746356391907
132.25200343132,1.40014803409576,0.612548034095764
132.30200958252,1.41418755054474,0.626587550544739
132.351990699768,1.39210689067841,0.604506890678406
132.401990175247,1.40872633457184,0.621126334571838
132.451989412308,1.39868128299713,0.611081282997131
132.501971244812,1.43357038497925,0.645970384979248
132.551991224289,1.41185629367828,0.624256293678284
132.601994991303,1.4281485080719,0.640548508071899
132.651965141296,1.41312682628632,0.625526826286316
132.701958656311,1.4226086139679,0.635008613967896
132.751960754395,1.41599488258362,0.628394882583618
132.801961660385,1.42665553092957,0.639055530929565
132.851966142654,1.40207326412201,0.614473264122009
132.901971578598,1.4342120885849,0.6466120885849
132.95196723938,1.43548238277435,0.647882382774353
133.001971006393,1.43037486076355,0.64277486076355
133.051963567734,1.44789791107178,0.660297911071777
133.101963281631,1.46620690822601,0.678606908226013
133.151968002319,1.46326017379761,0.675660173797607
133.201966524124,1.45236384868622,0.664763848686218
133.251968860626,1.44361543655396,0.656015436553955
133.301966190338,1.45933127403259,0.671731274032593
133.351984500885,1.43522047996521,0.64762047996521
133.401971578598,1.44869673252106,0.661096732521057
133.451968193054,1.4339371919632,0.646337191963196
133.50196647644,1.44615614414215,0.658556144142151
133.551967859268,1.45016372203827,0.662563722038269
133.601970434189,1.45270431041718,0.665104310417175
133.651968240738,1.43315136432648,0.645551364326477
133.701969385147,1.44152009487152,0.653920094871521
133.751970052719,1.4297331571579,0.642133157157898
133.801969051361,1.4351419210434,0.647541921043396
133.851980686188,1.41879749298096,0.631197492980957
133.902007818222,1.44237124919891,0.654771249198914
133.952023983002,1.43296790122986,0.645367901229858
134.002011299133,1.44502985477448,0.657429854774475
134.052006006241,1.41958332061768,0.631983320617676
134.102000951767,1.43546938896179,0.647869388961792
134.151979207993,1.42373502254486,0.636135022544861
134.201978445053,1.43381929397583,0.64621929397583
134.251976966858,1.42562079429626,0.638020794296265
134.301990032196,1.43996155261993,0.652361552619934
134.351985692978,1.41828680038452,0.630686800384521
134.401986598969,1.43210351467133,0.644503514671326
134.451985359192,1.41881060600281,0.631210606002808
134.501980543137,1.43186783790588,0.644267837905884
134.551980733871,1.41213142871857,0.624531428718567
134.601982593536,1.42177045345306,0.634170453453064
134.651983499527,1.40372335910797,0.616123359107971
134.70197892189,1.42906522750855,0.641465227508545
134.751981735229,1.4016934633255,0.6140934633255
134.801983118057,1.41946542263031,0.63186542263031
134.851988554001,1.40316021442413,0.615560214424133
134.901983737946,1.41870582103729,0.631105821037292
134.951985836029,1.40593671798706,0.618336717987061
135.001981735229,1.41878437995911,0.631184379959106
135.051985025406,1.39645481109619,0.608854811096191
135.101983308792,1.41425311565399,0.626653115653992
135.151986837387,1.40714156627655,0.61954156627655
135.201988458633,1.42222881317139,0.634628813171387
135.251986026764,1.39891695976257,0.611316959762573
135.30198764801,1.42031669616699,0.632716696166992
135.352001190186,1.40467953681946,0.617079536819458
135.402004003525,1.41718661785126,0.629586617851257
135.451991081238,1.39417612552643,0.606576125526428
135.501986980438,1.40643441677094,0.618834416770935
135.55199098587,1.3975156545639,0.609915654563904
135.601988554001,1.41805112361908,0.63045112361908
135.651992082596,1.39989924430847,0.612299244308472
135.701989889145,1.41497337818146,0.627373378181458
135.75199007988,1.38976263999939,0.60216263999939
135.801991224289,1.41697716712952,0.629377167129517
135.851992607117,1.39412379264832,0.606523792648315
135.902001142502,1.40428650379181,0.616686503791809
135.951996564865,1.39539408683777,0.607794086837769
136.002001285553,1.40060651302338,0.613006513023376
136.051997184753,1.39065301418304,0.603053014183044
136.101994991302,1.41168618202209,0.624086182022095
136.151999235153,1.39534175395966,0.607741753959656
136.201995134354,1.40504610538483,0.617446105384827
136.251996040344,1.39252591133118,0.604925911331177
136.301999092102,1.4010648727417,0.613464872741699
136.351998329163,1.39913976192474,0.611539761924744
136.401997089386,1.40185070037842,0.614250700378418
136.452000379562,1.39174008369446,0.604140083694458
136.501997232437,1.39927065372467,0.61167065372467
136.551997423172,1.3968870639801,0.609287063980103
136.601996421814,1.39874672889709,0.611146728897095
136.652000188828,1.38891124725342,0.601311247253418
136.701999902725,1.39979445934296,0.612194459342957
136.752002000809,1.3888064622879,0.601206462287903
136.801999568939,1.40021359920502,0.612613599205017
136.852001667023,1.39075779914856,0.60315779914856
136.902001142502,1.3998076915741,0.612207691574097
136.951998472214,1.38658010959625,0.598980109596252
137.001998662949,1.3969395160675,0.609339516067505
137.052000045776,1.39361298084259,0.60601298084259
137.102001905441,1.40338289737701,0.615782897377014
137.152002334595,1.3843799829483,0.596779982948303
137.201998472214,1.39777755737305,0.610177557373047
137.251999855042,1.3955512046814,0.607951204681396
137.301998853683,1.39472615718842,0.607126157188416
137.352005243301,1.39517140388489,0.607571403884888
137.402002096176,1.39414989948273,0.606549899482727
137.452008008957,1.38929104804993,0.601691048049927
137.502002954483,1.39590489864349,0.608304898643494
137.552002906799,1.3852573633194,0.597657363319397
137.602002620697,1.38288688659668,0.59528688659668
137.652007818222,1.38393449783325,0.596334497833252
137.702003955841,1.38389527797699,0.59629527797699
137.752041339874,1.39267003536224,0.605070035362244
137.802040338516,1.38284766674042,0.595247666740417
137.852039337158,1.38623952865601,0.598639528656006
137.902038812637,1.38194394111633,0.594343941116333
137.952023744583,1.39741086959839,0.609810869598389
138.002040624619,1.38362038135529,0.596020381355286
138.05205821991,1.39149129390717,0.603891293907166
138.102039575577,1.38000559806824,0.592405598068237
138.152041912079,1.38739204406738,0.599792044067383
138.202030658722,1.38244163990021,0.594841639900208
138.252014398575,1.38786363601685,0.600263636016846
138.302013874054,1.38371205329895,0.59611205329895
138.352016448975,1.39506661891937,0.607466618919373
138.402023553848,1.3881516456604,0.6005516456604
138.452017784119,1.39476537704468,0.607165377044678
138.502014398575,1.40179824829102,0.614198248291016
138.55201792717,1.41928219795227,0.631682197952271
138.602017402649,1.40275430679321,0.615154306793213
138.652015924454,1.42040848731995,0.632808487319946
138.702013731003,1.41735684871674,0.629756848716736
138.752014875412,1.41671526432037,0.629115264320374
138.802027463913,1.4123147726059,0.624714772605896
138.852022886276,1.43436920642853,0.646769206428528
138.902023077011,1.4222811460495,0.6346811460495
138.952045679092,1.443523645401,0.655923645401001
139.002043962479,1.43598020076752,0.648380200767517
139.05202460289,1.43875658512115,0.651156585121155
139.102020740509,1.44250214099884,0.65490214099884
139.152023792267,1.45193159580231,0.664331595802307
139.202023267746,1.4496922492981,0.662092249298096
139.252024173737,1.46085035800934,0.673250358009338
139.302021980286,1.44552743434906,0.65792743434906
139.352029323578,1.45993363857269,0.672333638572693
139.402028083801,1.45671188831329,0.669111888313293
139.45202922821,1.48270857334137,0.69510857334137
139.502027988434,1.46363997459412,0.676039974594116
139.552025794983,1.48266911506653,0.695069115066528
139.602025270462,1.47263729572296,0.685037295722961
139.652027606964,1.48634934425354,0.69874934425354
139.702027082443,1.50185561180115,0.714255611801147
139.752026319504,1.50227475166321,0.714674751663208
139.802026987076,1.47805917263031,0.69045917263031
139.852029323578,1.5115339756012,0.723933975601196
139.902058601379,1.48687314987183,0.699273149871826
139.952073574066,1.51571178436279,0.728111784362793
140.002063035965,1.49439060688019,0.706790606880188
140.052072763443,1.51947033405304,0.73187033405304
140.102062702179,1.48938763141632,0.701787631416321
140.152079343796,1.51107549667358,0.723475496673584
140.20207452774,1.49368333816528,0.706083338165283
140.252082824707,1.52490544319153,0.737305443191528
140.30207657814,1.49301540851593,0.70541540851593
140.352068662643,1.52007281780243,0.732472817802429
140.402070045471,1.49868631362915,0.71108631362915
140.45207285881,1.51782023906708,0.730220239067078
140.502055883408,1.48513126373291,0.69753126373291
140.552078008652,1.50975286960602,0.722152869606018
140.602073431015,1.48494803905487,0.697348039054871
140.652100563049,1.51040756702423,0.722807567024231
140.702046632767,1.47830820083618,0.690708200836182
140.752047538757,1.50643932819366,0.718839328193665
140.802046537399,1.47554469108582,0.687944691085815
140.852048635483,1.49845039844513,0.710850398445129
140.902052640915,1.4780330657959,0.690433065795898
140.952048778534,1.50722515583038,0.719625155830383
141.002048492432,1.47853064537048,0.690930645370483
141.052052259445,1.50082099437714,0.713220994377136
141.10204911232,1.48629701137543,0.698697011375427
141.152049779892,1.50241875648499,0.714818756484985
141.202052354813,1.47724723815918,0.68964723815918
141.252051830292,1.4999566078186,0.712356607818604
141.302051305771,1.47984039783478,0.692240397834778
141.35205411911,1.49901354312897,0.711413543128967
141.402056455612,1.47561013698578,0.688010136985779
141.452051401138,1.49846363067627,0.71086363067627
141.50205039978,1.47039783000946,0.68279783000946
141.552050590515,1.49164032936096,0.704040329360962
141.602051258087,1.47265040874481,0.685050408744812
141.652052164078,1.48928284645081,0.701682846450806
141.702050447464,1.47117054462433,0.683570544624329
141.752051115036,1.48890316486359,0.701303164863586
141.802055358887,1.46635103225708,0.67875103225708
141.852055549622,1.49301540851593,0.70541540851593
141.90206360817,1.4687215089798,0.681121508979797
141.952084064484,1.48781609535217,0.700216095352173
142.00208234787,1.46476626396179,0.677166263961792
142.052062988281,1.48392653465271,0.69632653465271
142.102056741714,1.47010970115662,0.682509701156616
142.152059316635,1.48538017272949,0.697780172729492
142.202059268951,1.4654997587204,0.677899758720398
142.252062797546,1.47629117965698,0.688691179656982
142.302072525024,1.46621990203857,0.678619902038574
142.352077007294,1.47604238986969,0.68844238986969
142.402065038681,1.46594500541687,0.67834500541687
142.452062368393,1.482590675354,0.694990675354004
142.502059459686,1.46395432949066,0.676354329490662
142.552090167999,1.48414921760559,0.696549217605591
142.602095127106,1.46876072883606,0.68116072883606
142.652139902115,1.47866177558899,0.691061775588989
142.702099323273,1.4676867723465,0.680086772346497
142.752097129822,1.48201441764832,0.694414417648315
142.802100419998,1.45540237426758,0.667802374267578
142.852069616318,1.48374307155609,0.696143071556091
142.902071237564,1.46354842185974,0.675948421859741
142.952067375183,1.48206675052643,0.694466750526428
143.002067804337,1.46193742752075,0.674337427520752
143.052065849304,1.4700573682785,0.682457368278503
143.102067232132,1.4547997713089,0.667199771308899
143.152067661285,1.47075140476227,0.683151404762268
143.202067136765,1.45220673084259,0.66460673084259
143.252067089081,1.46959900856018,0.681999008560181
143.302070856094,1.45402705669403,0.666427056694031
143.352083921433,1.46584022045136,0.678240220451355
143.40207195282,1.45500934123993,0.667409341239929
143.452073812485,1.46942865848541,0.681828658485413
143.502072572708,1.4515780210495,0.6639780210495
143.552071332932,1.47018826007843,0.68258826007843
143.602069616318,1.4564368724823,0.6688368724823
143.652074337006,1.46825003623962,0.680650036239624
143.702070951462,1.45278298854828,0.665182988548279
143.752071380615,1.46924519538879,0.681645195388794
143.802073478699,1.45829653739929,0.670696537399292
143.852074384689,1.46777844429016,0.680178444290161
143.902075767517,1.45400094985962,0.666400949859619
143.952073574066,1.46255302429199,0.674953024291992
144.002075433731,1.45423662662506,0.666636626625061
144.05207824707,1.46665215492249,0.679052154922485
144.102076530457,1.4502946138382,0.662694613838196
144.152078866959,1.45588684082031,0.668286840820312
144.202080011368,1.44830393791199,0.660703937911987
144.252076625824,1.46346974372864,0.675869743728638
144.30207657814,1.44654893875122,0.658948938751221
144.352078676224,1.45985507965088,0.672255079650879
144.402083873749,1.46174097061157,0.674140970611572
144.452079057693,1.45617508888245,0.668575088882446
144.502079725266,1.44836950302124,0.66076950302124
144.552076816559,1.46599733829498,0.678397338294983
144.602080106735,1.45117211341858,0.663572113418579
144.652085065842,1.45326745510101,0.665667455101013
144.702078104019,1.45381772518158,0.66621772518158
144.752077817917,1.44970536231995,0.662105362319946
144.802079916,1.44774079322815,0.660140793228149
144.852078914642,1.45198404788971,0.664384047889709
144.902084350586,1.45005893707275,0.662458937072754
144.952094078064,1.45160436630249,0.66400436630249
145.002079486847,1.46027410030365,0.67267410030365
145.052080154419,1.4487361907959,0.661136190795898
145.102084636688,1.44630014896393,0.658700148963928
145.152086734772,1.44907665252686,0.661476652526855
145.202082633972,1.44868385791779,0.661083857917786
145.2520840168,1.44692885875702,0.659328858757019
145.302083730698,1.4390971660614,0.651497166061401
145.352083921432,1.4435760974884,0.655976097488403
145.402086019516,1.45557248592377,0.667972485923767
145.452084064484,1.44251525402069,0.654915254020691
145.5020840168,1.47013580799103,0.682535807991028
145.552086114883,1.46255302429199,0.674953024291992
145.602085828781,1.46952033042908,0.681920330429077
145.652089118958,1.47794139385223,0.690341393852234
145.702089548111,1.49535977840424,0.707759778404236
145.752089977264,1.47056806087494,0.682968060874939
145.802088022232,1.48386096954346,0.696260969543457
145.852090120316,1.48598265647888,0.698382656478882
145.902096509933,1.4921772480011,0.704577248001099
145.952095508575,1.49444305896759,0.70684305896759
146.002094507217,1.5009388923645,0.713338892364502
146.052088499069,1.52106821537018,0.733468215370178
146.102089881897,1.51691663265228,0.729316632652283
146.152101516724,1.51315784454346,0.725557844543457
146.202124357224,1.53385031223297,0.746250312232971
146.252134084702,1.52570426464081,0.738104264640808
146.302139282227,1.54428827762604,0.756688277626038
146.35213804245,1.52618896961212,0.738588969612122
146.402136564255,1.54511344432831,0.757513444328308
146.452122449875,1.53196442127228,0.744364421272278
146.502128839493,1.54618728160858,0.758587281608582
146.552135944366,1.54921269416809,0.761612694168091
146.602124929428,1.56608080863953,0.778480808639526
146.65213060379,1.55936241149902,0.771762411499023
146.702126502991,1.56803226470947,0.780432264709473
146.752101421356,1.57480311393738,0.787203113937378
146.802098035812,1.57206606864929,0.784466068649292
146.852111101151,1.56346166133881,0.775861661338806
146.902108430862,1.58323740959167,0.795637409591675
146.952103853226,1.57036352157593,0.782763521575928
147.002100467682,1.59258818626404,0.804988186264038
147.052103281021,1.57922983169556,0.791629831695557
147.102102041245,1.59981751441956,0.812217514419556
147.152103185654,1.58729720115662,0.799697201156616
147.202106714249,1.60221409797668,0.814614097976685
147.252104043961,1.58150851726532,0.79390851726532
147.302106142044,1.61173522472382,0.824135224723816
147.352106571198,1.58325040340424,0.795650403404236
147.402111053467,1.60358929634094,0.815989296340942
147.452105998993,1.58279204368591,0.795192043685913
147.502105236053,1.60584187507629,0.818241875076294
147.552104473114,1.58021211624146,0.792612116241455
147.60210609436,1.59672665596008,0.809126655960083
147.652106523514,1.58036923408508,0.792769234085083
147.702105760574,1.59133100509644,0.803731005096436
147.752104520798,1.57738316059113,0.789783160591125
147.802109241486,1.59127867221832,0.803678672218323
147.85210776329,1.58693063259125,0.799330632591248
147.902138233185,1.59608507156372,0.808485071563721
147.952157020569,1.57744872570038,0.789848725700378
148.002143383026,1.58962845802307,0.802028458023071
148.052153110504,1.57408285140991,0.786482851409912
148.102152585983,1.5866687297821,0.799068729782104
148.152177333832,1.57421386241913,0.786613862419128
148.202162027359,1.58042168617249,0.792821686172485
148.252141952515,1.57569372653961,0.788093726539612
148.302123308182,1.58992969989777,0.802329699897766
148.352130889893,1.55875992774963,0.771159927749634
148.402134180069,1.58370876312256,0.796108763122559
148.452148914337,1.56181144714355,0.774211447143555
148.50212931633,1.58442902565002,0.796829025650024
148.552127838135,1.55895626544952,0.771356265449524
148.602132081985,1.58160030841827,0.794000308418274
148.652130126953,1.5617983341217,0.774198334121704
148.702132940292,1.5763224363327,0.788722436332703
148.752125024796,1.56846451759338,0.780864517593384
148.802125453949,1.57836544513702,0.790765445137024
148.852127075195,1.56554400920868,0.777944009208679
148.902133226395,1.5776059627533,0.790005962753296
148.952123641968,1.56168043613434,0.774080436134338
149.002124786377,1.57668900489807,0.789089004898071
149.052123785019,1.55319392681122,0.765593926811218
149.102125644684,1.57095277309418,0.783352773094177
149.152126550674,1.55336427688599,0.765764276885986
149.202127218246,1.56940746307373,0.78180746307373
149.252127885818,1.55967664718628,0.772076647186279
149.302134990692,1.57023239135742,0.782632391357422
149.352133750916,1.54097485542297,0.753374855422974
149.402131080627,1.5704550743103,0.782855074310303
149.45213341713,1.54658019542694,0.758980195426941
149.502139091492,1.56930267810822,0.781702678108215
149.552139759064,1.54358112812042,0.755981128120422
149.602139949799,1.56508553028107,0.777485530281067
149.652150630951,1.5468682050705,0.759268205070496
149.702133178711,1.56450927257538,0.776909272575378
149.752135753632,1.54368591308594,0.756085913085937
149.802139759064,1.56206023693085,0.774460236930847
149.85213804245,1.54714334011078,0.759543340110779
149.902137279511,1.56221747398376,0.774617473983765
149.952134609222,1.54546701908112,0.757867019081116
150.002134561539,1.55852425098419,0.770924250984192
150.052142381668,1.54159033298492,0.753990332984924
150.10214304924,1.55018174648285,0.762581746482849
150.152140855789,1.54870188236237,0.761101882362366
150.202144145966,1.56017446517944,0.772574465179443
150.25214266777,1.55373084545136,0.766130845451355
150.302145957947,1.56192922592163,0.774329225921631
150.352141141891,1.54217982292175,0.754579822921753
150.402146816254,1.55712282657623,0.769522826576233
150.452139616013,1.54521822929382,0.757618229293823
150.502138376236,1.55382263660431,0.766222636604309
150.552138328552,1.54313576221466,0.755535762214661
150.602143764496,1.55375707149506,0.766157071495056
150.652142286301,1.54916024208069,0.761560242080688
150.702140808105,1.55179250240326,0.764192502403259
150.752139091492,1.53995335102081,0.752353351020813
150.80214381218,1.55363917350769,0.76603917350769
150.852147579193,1.53746497631073,0.74986497631073
150.902143955231,1.55126881599426,0.763668815994263
150.952143192291,1.5369279384613,0.749327938461304
151.002141237259,1.54859709739685,0.760997097396851
151.052145004272,1.54236304759979,0.754763047599792
151.102144002914,1.54799449443817,0.760394494438171
151.152146339417,1.5397961139679,0.752196113967896
151.202142953873,1.55105924606323,0.763459246063232
151.252143383026,1.53920686244965,0.751606862449646
151.302146196365,1.54908156394959,0.761481563949585
151.352148294449,1.53261935710907,0.74501935710907
151.40215086937,1.54811251163483,0.760512511634827
151.45214343071,1.53646957874298,0.748869578742981
151.502143144608,1.5395473241806,0.751947324180603
151.552145719528,1.53335273265839,0.745752732658386
151.602144002914,1.54208815097809,0.754488150978088
151.652143955231,1.53603756427765,0.748437564277649
151.702147006989,1.53525173664093,0.74765173664093
151.752146244049,1.54017603397369,0.752576033973694
151.802145957947,1.5382114648819,0.750611464881897
151.852149248123,1.54322743415833,0.755627434158325
151.902153730392,1.53847336769104,0.75087336769104
151.952145576477,1.5250757932663,0.737475793266296
152.002163410187,1.54177379608154,0.754173796081543
152.052181005478,1.53379809856415,0.746198098564148
152.102182388306,1.53694117069244,0.749341170692444
152.152180433273,1.53031444549561,0.742714445495605
152.202176332474,1.53887939453125,0.75127939453125
152.252151966095,1.52848076820374,0.740880768203735
152.302154541016,1.53462302684784,0.747023026847839
152.352155208588,1.53041899204254,0.742818992042542
152.402154922485,1.54544079303741,0.757840793037415
152.452154159546,1.5356707572937,0.748070757293701
152.502152204514,1.54829585552216,0.760695855522156
152.552154064178,1.54478597640991,0.757185976409912
152.602151632309,1.55991244316101,0.772312443161011
152.652161359787,1.55771231651306,0.770112316513062
152.70216345787,1.56572723388672,0.778127233886719
152.752157211304,1.55095446109772,0.763354461097717
152.802159786224,1.59946393966675,0.811863939666748
152.852164268494,1.58732342720032,0.799723427200317
152.902156114578,1.60510849952698,0.817508499526978
152.952154636383,1.59015238285065,0.802552382850647
153.002155065536,1.59824597835541,0.810645978355408
153.052156686783,1.59973895549774,0.812138955497742
153.102156162262,1.59503722190857,0.807437221908569
153.152157068253,1.60137605667114,0.813776056671143
153.20215678215,1.60783267021179,0.820232670211792
153.25216126442,1.61452496051788,0.826924960517883
153.302160739899,1.61282229423523,0.82522229423523
153.352160692215,1.58851528167725,0.800915281677246
153.402164459229,1.61046493053436,0.822864930534363
153.452158927917,1.63183844089508,0.844238440895081
153.502156019211,1.61503565311432,0.827435653114319
153.552158355713,1.63342308998108,0.845823089981079
153.602158069611,1.63892376422882,0.851323764228821
153.652160167694,1.64699113368988,0.85939113368988
153.702155828476,1.63444471359253,0.846844713592529
153.752158641815,1.64400517940521,0.856405179405212
153.80215883255,1.63905465602875,0.851454656028748
153.852159976959,1.65076303482056,0.863163034820557
153.90216255188,1.64210617542267,0.854506175422669
153.952169656754,1.65494072437286,0.867340724372864
154.002194881439,1.64029884338379,0.852698843383789
154.052208900452,1.6600090265274,0.872409026527405
154.102211236954,1.65584444999695,0.868244449996948
154.152213811874,1.66243195533752,0.874831955337525
154.202204704285,1.66730391979218,0.879703919792175
154.252214431763,1.66984450817108,0.882244508171082
154.302206516266,1.65019989013672,0.862599890136719
154.352200508118,1.67046010494232,0.882860104942322
154.402200460434,1.66175091266632,0.874150912666321
154.452170610428,1.66747415065765,0.879874150657654
154.502186775208,1.65906620025635,0.871466200256348
154.552211523056,1.6600090265274,0.872409026527405
154.602206468582,1.65331673622131,0.865716736221314
154.652209043503,1.6664525270462,0.878852527046204
154.702203035355,1.65170586109161,0.864105861091614
154.752208471298,1.66451418399811,0.876914183998108
154.802192687988,1.64869368076324,0.861093680763245
154.852175235748,1.65766477584839,0.870064775848389
154.902179002762,1.63172054290771,0.844120542907715
154.952175855637,1.65556943416595,0.867969434165955
155.002175569534,1.64083576202393,0.853235762023926
155.052173852921,1.65587055683136,0.86827055683136
155.102176189423,1.64031195640564,0.85271195640564
155.152173519135,1.65707540512085,0.86947540512085
155.202175617218,1.63384222984314,0.84624222984314
155.25217461586,1.6545215845108,0.866921584510803
155.302177429199,1.63985359668732,0.852253596687317
155.352178096771,1.64920449256897,0.86160449256897
155.402185678482,1.63545298576355,0.84785298576355
155.452183961868,1.65530741214752,0.867707412147522
155.50218963623,1.62852513790131,0.840925137901306
155.552206754684,1.65025222301483,0.862652223014832
155.602192640305,1.63849151134491,0.85089151134491
155.652196645737,1.64746260643005,0.859862606430054
155.702192783356,1.63951301574707,0.85191301574707
155.752189397812,1.64577317237854,0.85817317237854
155.80218911171,1.62422943115234,0.836629431152344
155.852191925049,1.64900803565979,0.86140803565979
155.902189731598,1.6287214756012,0.841121475601196
155.952184438705,1.64320623874664,0.855606238746643
156.002182722092,1.62827634811401,0.840676348114014
156.052186012268,1.63801991939545,0.850419919395447
156.102184534073,1.62117791175842,0.833577911758423
156.1521961689,1.63779747486115,0.850197474861145
156.202219963074,1.62305080890656,0.835450808906555
156.252229213715,1.63934290409088,0.851742904090881
156.302231311798,1.61245560646057,0.824855606460571
156.352219820023,1.65063190460205,0.863031904602051
156.402219057083,1.62141370773315,0.833813707733154
156.452216625214,1.63735198974609,0.849751989746094
156.502235651016,1.62138748168945,0.833787481689453
156.552228689194,1.6348637342453,0.8472637342453
156.602237462997,1.62002551555634,0.832425515556336
156.652235984802,1.63932967185974,0.851729671859741
156.702241897583,1.61524522304535,0.827645223045349
156.752235889435,1.63440537452698,0.846805374526978
156.802233695984,1.61673820018768,0.829138200187683
156.852230072022,1.62455677986145,0.83695677986145
156.902233123779,1.61242949962616,0.82482949962616
156.952215194702,1.63117051124573,0.843570511245728
157.002200603485,1.6097446680069,0.822144668006897
157.052204847336,1.62852513790131,0.840925137901306
157.102201223373,1.61054360866547,0.822943608665466
157.152220010757,1.62980854511261,0.84220854511261
157.202214241028,1.59990918636322,0.81230918636322
157.252207517624,1.62692725658417,0.839327256584168
157.30220246315,1.61276996135712,0.825169961357117
157.352206707001,1.6278440952301,0.840244095230103
157.402204751968,1.60595977306366,0.81835977306366
157.452225923538,1.63305640220642,0.845456402206421
157.50220656395,1.60550141334534,0.817901413345337
157.552207231522,1.6220029592514,0.834402959251404
157.602219104767,1.60309159755707,0.815491597557068
157.652224779129,1.62054920196533,0.832949201965332
157.70222568512,1.6052657365799,0.817665736579895
157.75220823288,1.62870836257935,0.841108362579346
157.802208423615,1.61284863948822,0.82524863948822
157.852218151093,1.61984205245972,0.832242052459717
157.902214765549,1.59717202186584,0.809572021865845
157.952213048935,1.61909556388855,0.83149556388855
158.002207517624,1.59676611423492,0.809166114234924
158.05220913887,1.62501513957977,0.837415139579773
158.102211475372,1.59828519821167,0.81068519821167
158.152208805084,1.6181788444519,0.830578844451904
158.202210664749,1.59605872631073,0.80845872631073
158.252209663391,1.61897766590118,0.831377665901184
158.302213191986,1.59694933891296,0.809349338912964
158.352211713791,1.61520600318909,0.827606003189087
158.402219772339,1.60310471057892,0.815504710578919
158.452216386795,1.62815833091736,0.840558330917358
158.502213716507,1.59950315952301,0.81190315952301
158.552211523056,1.61734068393707,0.829740683937073
158.602208137512,1.59668743610382,0.809087436103821
158.652211666107,1.61889922618866,0.83129922618866
158.702211380005,1.59501111507416,0.807411115074158
158.752209663391,1.61438083648682,0.826780836486816
158.802217483521,1.58177053928375,0.794170539283752
158.852216243744,1.61311054229736,0.825510542297363
158.90221786499,1.60152006149292,0.81392006149292
158.952226400375,1.6126127243042,0.825012724304199
159.00222659111,1.59472286701202,0.807122867012024
159.052216768265,1.61555957794189,0.827959577941895
159.102214097977,1.5891569852829,0.801556985282898
159.152215242386,1.60741353034973,0.819813530349732
159.202216863632,1.58765077590942,0.800050775909424
159.252217292786,1.59393715858459,0.806337158584595
159.302216291428,1.59316456317902,0.805564563179016
159.352217674255,1.61211514472961,0.824515144729614
159.402221918106,1.60286891460419,0.815268914604187
159.452218532562,1.62204229831696,0.834442298316956
159.502216100693,1.5969101190567,0.809310119056702
159.552214860916,1.6181001663208,0.830500166320801
159.602218151093,1.59913647174835,0.811536471748352
159.652215719223,1.63765335083008,0.850053350830078
159.702221155167,1.60898506641388,0.821385066413879
159.752237081528,1.63885819911957,0.851258199119568
159.802262783051,1.63115739822388,0.843557398223877
159.852247476578,1.652583360672,0.864983360671997
159.902245283127,1.62946796417236,0.841867964172363
159.952238321304,1.66903257369995,0.881432573699951
160.002254724503,1.6506450176239,0.863045017623901
160.052266359329,1.66464531421661,0.877045314216614
160.102264642715,1.65524196624756,0.867641966247559
160.152274608612,1.6690194606781,0.881419460678101
160.202264785767,1.67179596424103,0.884195964241028
160.252274990082,1.69184672832489,0.90424672832489
160.302272319794,1.67803001403809,0.890430014038086
160.3522605896,1.71379637718201,0.926196377182007
160.402262449265,1.70064759254456,0.913047592544556
160.452258825302,1.71016871929169,0.922568719291687
160.502249240875,1.70117139816284,0.913571398162842
160.552238464355,1.71487033367157,0.92727033367157
160.602236747742,1.70578145980835,0.91818145980835
160.652235984802,1.72626435756683,0.938664357566834
160.70228099823,1.70768046379089,0.920080463790894
160.752263784409,1.7363486289978,0.948748628997803
160.802237272263,1.73740947246552,0.949809472465515
160.852236270905,1.73761892318726,0.950018923187256
160.902235984802,1.73878467082977,0.951184670829773
160.952234745026,1.7605117559433,0.972911755943298
161.002233743668,1.74031686782837,0.952716867828369
161.052233457565,1.72997069358826,0.942370693588257
161.10223531723,1.7530597448349,0.9654597448349
161.152234554291,1.76846134662628,0.980861346626282
161.202234745026,1.75577068328857,0.968170683288574
161.252235889435,1.76610398292542,0.978503982925415
161.302239656448,1.75777447223663,0.970174472236633
161.352238178253,1.77092337608337,0.983323376083374
161.402245521545,1.76950895786285,0.981908957862854
161.452237606049,1.7659729719162,0.978372971916199
161.502238512039,1.76154625415802,0.97394625415802
161.552237510681,1.76231896877289,0.974718968772888
161.602238893509,1.75825917720795,0.970659177207947
161.652242183685,1.75905799865723,0.971457998657227
161.702239274979,1.74652469158173,0.958924691581726
161.752240657806,1.75506353378296,0.967463533782959
161.802239179611,1.75337409973145,0.965774099731445
161.852244853973,1.74970710277557,0.962107102775574
161.902245521545,1.7476509809494,0.960050980949402
161.952242612839,1.74899983406067,0.961399834060669
162.002241373062,1.75156676769257,0.963966767692566
162.052242517471,1.7481746673584,0.960574667358399
162.102242231369,1.74621033668518,0.958610336685181
162.152255058289,1.74446856975555,0.956868569755554
162.202275514603,1.74656391143799,0.958963911437988
162.252287626266,1.74656391143799,0.958963911437988
162.302291631699,1.73772370815277,0.950123708152771
162.35228228569,1.74137771129608,0.953777711296082
162.402279853821,1.74069666862488,0.953096668624878
162.452249526978,1.73912513256073,0.95152513256073
162.502280712128,1.7415087223053,0.953908722305298
162.552294969559,1.73579859733582,0.948198597335816
162.602295637131,1.73616528511047,0.948565285110474
162.65228843689,1.73589026927948,0.94829026927948
162.702284574509,1.73983228206635,0.952232282066345
162.752287626266,1.72708940505981,0.939489405059815
162.802309989929,1.73596894741058,0.948368947410584
162.852261781693,1.72190320491791,0.934303204917908
162.902274131775,1.73674166202545,0.949141662025452
162.952260971069,1.72748219966888,0.939882199668884
163.002259731293,1.73884999752045,0.951249997520447
163.052261829376,1.72410333156586,0.936503331565857
163.102258682251,1.73166012763977,0.944060127639771
163.152264356613,1.72450935840607,0.936909358406067
163.202262878418,1.72714185714722,0.939541857147217
163.252261161804,1.71771228313446,0.930112283134461
163.30225944519,1.72648704051971,0.938887040519714
163.352276563644,1.72103881835938,0.933438818359375
163.402275085449,1.72334384918213,0.935743849182129
163.452264547348,1.70758879184723,0.919988791847229
163.502261161804,1.72448325157166,0.936883251571655
163.552262544632,1.71915292739868,0.931552927398682
163.602260828018,1.72723340988159,0.939633409881592
163.652261257172,1.72266268730164,0.935062687301636
163.702264308929,1.73313999176025,0.945539991760254
163.75226354599,1.72031843662262,0.93271843662262
163.802264690399,1.7166121006012,0.929012100601196
163.85226559639,1.71722769737244,0.929627697372437
163.902273416519,1.7327995300293,0.945199530029297
163.952265501022,1.71730637550354,0.92970637550354
164.002267599106,1.72212588787079,0.934525887870789
164.052268981934,1.70967102050781,0.922071020507813
164.102271556854,1.71551215648651,0.927912156486511
164.152267932892,1.70089638233185,0.913296382331848
164.202267169952,1.72148406505585,0.933884065055847
164.252268075943,1.70530986785889,0.917709867858887
164.302268981934,1.72026610374451,0.932666103744507
164.352272510529,1.70625293254852,0.918652932548523
164.402276754379,1.71869456768036,0.931094567680359
164.45226931572,1.70651483535767,0.918914835357666
164.502269744873,1.7137702703476,0.926170270347595
164.552269458771,1.69988799095154,0.912287990951538
164.602271080017,1.7160097360611,0.928409736061096
164.652270317078,1.70804715156555,0.920447151565552
164.702271938324,1.71534180641174,0.927741806411743
164.752282857895,1.69818544387817,0.910585443878174
164.802282094955,1.71645510196686,0.928855101966858
164.852286815643,1.7002546787262,0.912654678726196
164.902286291122,1.72061967849731,0.933019678497315
164.952274799347,1.69055008888245,0.902950088882446
165.002272605896,1.71409773826599,0.926497738265991
165.052272319794,1.7024941444397,0.914894144439697
165.10227394104,1.70980191230774,0.922201912307739
165.152272939682,1.69399452209473,0.906394522094727
165.202273130417,1.71311545372009,0.925515453720093
165.252274990082,1.69196462631226,0.904364626312256
165.302274942398,1.71192359924316,0.924323599243164
165.352277994156,1.69758296012878,0.909982960128784
165.402293920517,1.70973658561707,0.922136585617066
165.452286243439,1.68922746181488,0.90162746181488
165.502285957336,1.70504796504974,0.917447965049744
165.552284955978,1.69297301769257,0.905373017692566
165.602284193039,1.70583379268646,0.918233792686462
165.652283430099,1.6905369758606,0.902936975860596
165.70228433609,1.70358121395111,0.915981213951111
165.752283573151,1.68087184429169,0.893271844291687
165.802287101746,1.70525753498077,0.917657534980774
165.852288007736,1.68806183338165,0.900461833381653
165.902291297913,1.70936989784241,0.921769897842407
165.952287912369,1.69110012054443,0.903500120544434
166.002286195755,1.70228457450867,0.914684574508667
166.052289962769,1.69111323356628,0.903513233566284
166.102338314056,1.70468127727509,0.917081277275086
166.152335166931,1.68639850616455,0.898798506164551
166.202329874039,1.69893193244934,0.911331932449341
166.25233745575,1.68768203258514,0.900082032585144
166.302337169647,1.69694113731384,0.909341137313843
166.352321624756,1.68281006813049,0.895210068130493
166.402322530746,1.70149874687195,0.913898746871948
166.452320575714,1.68557345867157,0.89797345867157
166.502306222916,1.71456909179688,0.926969091796875
166.552332162857,1.70650172233582,0.918901722335816
166.602333784103,1.72875273227692,0.941152732276917
166.652344226837,1.71743726730347,0.929837267303467
166.702331066132,1.74844980239868,0.960849802398682
166.75234246254,1.72877883911133,0.941178839111328
166.802306413651,1.74665558338165,0.959055583381653
166.85230255127,1.73882389068604,0.951223890686035
166.902305364609,1.76183450222015,0.974234502220154
166.952300310135,1.74554240703583,0.957942407035828
167.002297878265,1.77322840690613,0.985628406906128
167.052298307419,1.74996900558472,0.962369005584717
167.102298974991,1.76860535144806,0.981005351448059
167.152299404144,1.76504302024841,0.977443020248413
167.202298164368,1.78842043876648,1.00082043876648
167.252298355103,1.77394866943359,0.986348669433594
167.302302122116,1.81102502346039,1.02342502346039
167.35230255127,1.78062796592712,0.993027965927124
167.402307987213,1.81133937835693,1.02373937835693
167.452301263809,1.79593777656555,1.00833777656555
167.502301692963,1.81723272800446,1.02963272800446
167.552300214767,1.79771900177002,1.01011900177002
167.602299690247,1.82993638515472,1.04233638515472
167.652300596237,1.82404291629791,1.03644291629791
167.702302932739,1.83505713939667,1.04745713939667
167.752304553986,1.82147598266602,1.03387598266602
167.80230307579,1.85311710834503,1.06551710834503
167.852305173874,1.85087764263153,1.06327764263153
167.902311563492,1.85504233837128,1.06744233837128
167.952303886414,1.84814035892487,1.06054035892487
168.002303600311,1.86762809753418,1.08002809753418
168.052304029465,1.85945594310761,1.07185594310761
168.102306365967,1.86705183982849,1.07945183982849
168.152303218842,1.86384320259094,1.07624320259094
168.202342271805,1.88185083866119,1.09425083866119
168.252358675003,1.87467408180237,1.08707408180237
168.302355527878,1.88978743553162,1.10218743553162
168.352338790894,1.86842691898346,1.08082691898346
168.402345657349,1.88257110118866,1.09497110118866
168.452329397202,1.8651659488678,1.0775659488678
168.502352237701,1.88195562362671,1.09435562362671
168.552360296249,1.86952710151672,1.08192710151672
168.602358341217,1.88415598869324,1.09655598869324
168.652364730835,1.87112486362457,1.08352486362457
168.702352046967,1.87759459018707,1.08999459018707
168.752353429794,1.85929870605469,1.07169870605469
168.802362442017,1.8667768239975,1.0791768239975
168.85235285759,1.85364103317261,1.06604103317261
168.902354717255,1.87079739570618,1.08319739570618
168.952327728271,1.85360169410706,1.06600169410706
169.002324581146,1.86198341846466,1.07438341846466
169.052324295044,1.85758304595947,1.06998304595947
169.102323055267,1.86392176151276,1.07632176151276
169.152326822281,1.85048484802246,1.06288484802246
169.202326536179,1.86250734329224,1.07490734329224
169.252327203751,1.84918820858002,1.06158820858002
169.302323102951,1.85849976539612,1.07089976539612
169.352328300476,1.84472227096558,1.05712227096558
169.402327537537,1.8493846654892,1.0617846654892
169.452324867249,1.85013115406036,1.06253115406036
169.502330064774,1.8503406047821,1.0627406047821
169.552324533463,1.83930039405823,1.05170039405823
169.60232424736,1.84899175167084,1.06139175167084
169.652323246002,1.84085893630981,1.05325893630981
169.702331781387,1.84282326698303,1.05522326698303
169.752328634262,1.83750605583191,1.04990605583191
169.802334070206,1.84772145748138,1.06012145748138
169.852328300476,1.83808243274689,1.05048243274689
169.902346849442,1.84023022651672,1.05263022651672
169.952327489853,1.83990275859833,1.05230275859833
170.002339363098,1.84448659420013,1.05688659420013
170.052328824997,1.83706092834473,1.04946092834473
170.102348566055,1.84546887874603,1.05786887874603
170.152363300323,1.84169697761536,1.05409697761536
170.202394962311,1.84025633335114,1.05265633335114
170.252369165421,1.83471643924713,1.04711643924713
170.302392244339,1.8310626745224,1.0434626745224
170.352368116379,1.83373439311981,1.04613439311981
170.402387619019,1.8326473236084,1.0450473236084
170.452352762222,1.83141624927521,1.04381624927521
170.502356052399,1.83421885967255,1.04661885967255
170.552343845367,1.83043396472931,1.04283396472931
170.602343082428,1.82943856716156,1.04183856716156
170.652346134186,1.83097100257874,1.04337100257874
170.702346801758,1.82875764369965,1.04115764369965
170.752346038818,1.83345925807953,1.04585925807953
170.802350521088,1.83260810375214,1.04500810375214
170.852342844009,1.82964813709259,1.04204813709259
170.902347326279,1.8271598815918,1.0395598815918
170.952341079712,1.83501780033112,1.04741780033112
171.002346038818,1.82738256454468,1.03978256454468
171.052342891693,1.83235907554626,1.04475907554626
171.102348566055,1.83153414726257,1.04393414726257
171.152343273163,1.82733023166657,1.03973023166657
171.202345848084,1.81276679039001,1.02516679039001
171.252346754074,1.82413458824158,1.03653458824158
171.302348136902,1.81889593601227,1.03129593601227
171.352347373962,1.82955646514893,1.04195646514893
171.402356863022,1.81292402744293,1.02532402744293
171.452345609665,1.81448233127594,1.02688233127594
171.502349853516,1.81729817390442,1.02969817390442
171.552345752716,1.82055926322937,1.03295926322937
171.602353811264,1.81822800636292,1.03062800636292
171.652346134186,1.81993055343628,1.03233055343628
171.702350139618,1.80572080612183,1.01812080612183
171.752350091934,1.81859469413757,1.03099469413757
171.802351713181,1.80741024017334,1.01981024017334
171.852350234985,1.81220364570618,1.02460364570618
171.902357578278,1.80602204799652,1.01842204799652
171.952351331711,1.81691837310791,1.02931837310791
172.00235080719,1.80344212055206,1.01584212055206
172.052351236343,1.81511104106903,1.02751104106903
172.102350473404,1.80532801151276,1.01772801151276
172.152352809906,1.8136180639267,1.0260180639267
172.202352523804,1.80666387081146,1.01906387081146
172.252351760864,1.81115591526032,1.02355591526032
172.302351951599,1.79640924930573,1.00880924930573
172.35235953331,1.81560873985291,1.02800873985291
172.402358531952,1.79466736316681,1.00706736316681
172.452353954315,1.81936740875244,1.03176740875244
172.502354860306,1.79716885089874,1.00956885089874
172.552354812622,1.80666387081146,1.01906387081146
172.602355241776,1.78957283496857,1.00197283496857
172.65235710144,1.80612683296204,1.01852683296204
172.702373504639,1.79549252986908,1.00789252986908
172.75238776207,1.81615889072418,1.02855889072418
172.802389860153,1.79003131389618,1.00243131389618
172.852408647537,1.81254410743713,1.02494410743713
172.902410268784,1.79393398761749,1.00633398761749
172.952388286591,1.80794727802277,1.02034727802277
173.002372264862,1.78834187984467,1.00074187984467
173.052371501923,1.80854964256287,1.02094964256287
173.102365016937,1.79555797576904,1.00795797576904
173.152365684509,1.81304180622101,1.02544180622101
173.202368497849,1.7888787984848,1.0012787984848
173.252368211746,1.80090129375458,1.01330129375458
173.302368402481,1.7913670539856,1.0037670539856
173.352370738983,1.80446362495422,1.01686362495422
173.402372121811,1.79836058616638,1.01076058616638
173.452368497849,1.81668257713318,1.02908257713318
173.502369403839,1.79503417015076,1.00743417015076
173.552370548248,1.82086050510407,1.03326050510407
173.602369308472,1.79483771324158,1.00723771324158
173.652371644974,1.83985030651093,1.05225030651093
173.702369689941,1.81811022758484,1.03051022758484
173.752371072769,1.84899175167084,1.06139175167084
173.802369594574,1.82983160018921,1.04223160018921
173.852374792099,1.86187863349915,1.07427863349915
173.902372598648,1.84256136417389,1.05496136417389
173.95237159729,1.88262355327606,1.09502355327606
174.002369165421,1.85077285766602,1.06317285766602
174.05237197876,1.88420820236206,1.09660820236206
174.102369070053,1.87658607959747,1.08898607959747
174.152383089066,1.89747512340546,1.10987512340546
174.202398538589,1.88317370414734,1.09557370414734
174.252398014069,1.90208506584167,1.11448506584168
174.302399635315,1.89438426494598,1.10678426494598
174.352387666702,1.92943060398102,1.14183060398102
174.402395486832,1.89913833141327,1.11153833141327
174.452385663986,1.93007218837738,1.14247218837738
174.502376317978,1.92383825778961,1.13623825778961
174.552392482758,1.94225203990936,1.15465203990936
174.602393865585,1.9173424243927,1.1297424243927
174.652381181717,1.95532238483429,1.16772238483429
174.702379703522,1.94353556632996,1.15593556632996
174.752381324768,1.96683418750763,1.17923418750763
174.802382707596,1.95166838169098,1.16406838169098
174.852383613586,1.96486961841583,1.17726961841583
174.9023873806,1.95858335494995,1.17098335494995
174.952382326126,1.97579216957092,1.18819216957092
175.002382516861,1.96655905246735,1.17895905246735
175.052382707596,1.99293541908264,1.20533541908264
175.102383136749,1.96823537349701,1.18063537349701
175.152387142181,2.00876903533936,1.22116903533936
175.202382802963,1.97094655036926,1.18334655036926
175.252385616303,1.96467328071594,1.17707328071594
175.302384853363,1.9940093755722,1.2064093755722
175.352389812469,2.00807499885559,1.22047499885559
175.402392864227,1.98365008831024,1.19605008831024
175.452386140823,2.00138282775879,1.21378282775879
175.50238609314,1.98127961158752,1.19367961158752
175.552399396896,1.99829196929932,1.21069196929932
175.602394104004,1.97304201126099,1.18544201126099
175.652397871017,1.99072229862213,1.20312229862213
175.702392578125,1.96256470680237,1.17496470680237
175.752398967743,1.98545730113983,1.19785730113983
175.802401542664,1.96831405162811,1.18071405162811
175.852400302887,1.98966133594513,1.20206133594513
175.902402162552,1.96175265312195,1.17415265312195
175.952399015427,1.98659682273865,1.19899682273865
176.002396821976,1.95365905761719,1.16605905761719
176.052401542664,1.9749538898468,1.1873538898468
176.102413892746,1.9579154253006,1.1703154253006
176.152435064316,1.98664915561676,1.19904915561676
176.202437400818,1.96283972263336,1.17523972263336
176.25244140625,1.97669577598572,1.18909577598572
176.302437543869,1.95786309242249,1.17026309242249
176.352454423904,1.97737681865692,1.18977681865692
176.402447223663,1.95858335494995,1.17098335494995
176.452433109283,1.97287166118622,1.18527166118622
176.502410173416,1.94988739490509,1.16228739490509
176.552453041077,1.96909987926483,1.18149987926483
176.602447986603,1.95394718647003,1.16634718647003
176.652455091476,1.96416246891022,1.17656246891022
176.702448368073,1.94915390014648,1.16155390014648
176.752448320389,1.96192300319672,1.17432300319672
176.802440881729,1.94563090801239,1.15803090801239
176.85244512558,1.96032524108887,1.17272524108887
176.902445554733,1.94375813007355,1.15615813007355
176.952414751053,1.96062636375427,1.17302636375427
177.002411603928,1.94735968112946,1.15975968112946
177.052414894104,1.95905482769012,1.17145482769012
177.102414131165,1.94315564632416,1.15555564632416
177.152414321899,1.94957304000855,1.16197304000855
177.202421665192,1.94268417358398,1.15508417358398
177.252424240112,1.94416403770447,1.15656403770447
177.302423477173,1.93825769424438,1.15065769424439
177.352419137955,1.94745135307312,1.15985135307312
177.402424812317,1.93655502796173,1.14895502796173
177.452418088913,1.94690132141113,1.15930132141113
177.502419948578,1.93168318271637,1.14408318271637
177.552416801453,1.94327354431152,1.15567354431152
177.602422952652,1.93299269676209,1.14539269676209
177.652418136597,1.93769443035126,1.15009443035126
177.702419996262,1.93164384365082,1.14404384365082
177.752421379089,1.94563090801239,1.15803090801239
177.80242395401,1.93665981292725,1.14905981292725
177.852422475815,1.94113874435425,1.15353874435425
177.902426242828,1.93094968795776,1.14334968795776
177.952420473099,1.93291425704956,1.14531425704956
178.002422094345,1.9234060049057,1.1358060049057
178.052423000336,1.93918740749359,1.15158740749359
178.102422952652,1.9315128326416,1.1439128326416
178.152431726456,1.93756341934204,1.14996341934204
178.202426195145,1.93241655826569,1.14481655826569
178.252425193787,1.93341183662415,1.14581183662415
178.302421808243,1.92648375034332,1.13888375034332
178.352426052094,1.9231048822403,1.1355048822403
178.402430295944,1.92764949798584,1.14004949798584
178.452426433563,1.92631363868713,1.13871363868713
178.502424001694,1.92678499221802,1.13918499221802
178.552431106567,1.92850065231323,1.14090065231323
178.602428913116,1.92559325695038,1.13799325695038
178.652428865433,1.91980457305908,1.13220457305908
178.702428340912,1.92364192008972,1.13604192008972
178.75242972374,1.91998791694641,1.13238791694641
178.802429676056,1.92024981975555,1.13264981975555
178.852433443069,1.92090463638306,1.13330463638306
178.902440071106,1.9134920835495,1.1258920835495
178.952432632446,1.92716479301453,1.13956479301453
179.002429246902,1.91232657432556,1.12472657432556
179.052431106567,1.92577660083771,1.13817660083771
179.102433919907,1.91742098331451,1.12982098331451
179.15243268013,1.91453969478607,1.12693969478607
179.202430248261,1.91562676429749,1.12802676429749
179.252430915833,1.91290271282196,1.12530271282196
179.302433490753,1.91819369792938,1.13059369792938
179.352431535721,1.91312539577484,1.12552539577484
179.402439117432,1.91618990898132,1.12858990898132
179.452433347702,1.91364920139313,1.12604920139313
179.502434253693,1.91372776031494,1.12612776031494
179.55243730545,1.90531980991364,1.11771980991364
179.602433204651,1.91785323619843,1.13025323619843
179.65243768692,1.90703547000885,1.11943547000885
179.702468395233,1.91556143760681,1.12796143760681
179.752484560013,1.90647232532501,1.11887232532501
179.802480459213,1.92255485057831,1.13495485057831
179.852470397949,1.9074022769928,1.1198022769928
179.902471542358,1.91299450397491,1.12539450397491
179.952455043793,1.90382695198059,1.11622695198059
180.002447128296,1.91307294368744,1.12547294368744
180.052481174469,1.90363037586212,1.11603037586212
180.10248208046,1.90607953071594,1.11847953071594
180.152489900589,1.90501856803894,1.11741856803894
180.202484607697,1.90776896476746,1.12016896476746
180.252490997314,1.90619730949402,1.11859730949402
180.302491903305,1.90758550167084,1.11998550167084
180.352482795715,1.89755356311798,1.10995356311798
180.40247964859,1.90534603595734,1.11774603595734
180.452464580536,1.90892136096954,1.12132136096954
180.502451658249,1.91608512401581,1.12848512401581
180.552447795868,1.90610563755035,1.11850563755035
180.602454662323,1.92392992973328,1.13632992973328
180.652492046356,1.92707312107086,1.13947312107086
180.702496051788,1.93782544136047,1.15022544136047
180.7524933815,1.937903881073,1.150303881073
180.802508354187,1.95141959190369,1.16381959190369
180.852509260178,1.94585347175598,1.15825347175598
180.902489900589,1.96689975261688,1.17929975261688
180.952490568161,1.95879292488098,1.17119292488098
181.002459764481,1.9801664352417,1.1925664352417
181.05245757103,1.98277270793915,1.19517270793915
181.102455615997,1.99844920635223,1.21084920635223
181.152458429337,1.98812901973724,1.20052901973724
181.202456235886,2.00189352035522,1.21429352035522
181.252456426621,1.99356412887573,1.20596412887573
181.302456617355,2.02187895774841,1.23427895774841
181.352461576462,2.0030460357666,1.2154460357666
181.402461051941,2.0333251953125,1.2457251953125
181.452461004257,2.0236599445343,1.2360599445343
181.502459049225,2.03764700889587,1.25004700889587
181.552461624146,2.02929139137268,1.24169139137268
181.602479457855,2.05755376815796,1.26995376815796
181.652498722076,2.04061985015869,1.25301985015869
181.702506542206,2.06162667274475,1.27402667274475
181.752503395081,2.0452823638916,1.2576823638916
181.802505016327,2.0626482963562,1.2750482963562
181.852504253387,2.05830025672913,1.27070025672913
181.902536869049,2.08209657669067,1.29449657669067
181.952482461929,2.06605339050293,1.27845339050293
182.00247168541,2.08613038063049,1.29853038063049
182.052470445633,2.07630777359009,1.28870777359009
182.102485179901,2.1102147102356,1.3226147102356
182.15247631073,2.09350371360779,1.30590371360779
182.202474832535,2.09726238250732,1.30966238250732
182.252475738525,2.08817338943481,1.30057338943481
182.302481174469,2.11096119880676,1.32336119880676
182.352478265762,2.09227252006531,1.30467252006531
182.402486085892,2.10912775993347,1.32152775993347
182.452500104904,2.0909366607666,1.3033366607666
182.502518415451,2.0993971824646,1.3117971824646
182.552531480789,2.07983088493347,1.29223088493347
182.602528572083,2.10373210906982,1.31613210906982
182.652529239655,2.07958197593689,1.29198197593689
182.702530622482,2.10032677650452,1.31272677650452
182.75252199173,2.08131074905395,1.29371074905396
182.802521944046,2.08736133575439,1.29976133575439
182.852522134781,2.07113480567932,1.28353480567932
182.902525424957,2.09050440788269,1.30290440788269
182.952510356903,2.07947731018066,1.29187731018066
183.002487421036,2.09084510803223,1.30324510803223
183.052489757538,2.0703489780426,1.2827489780426
183.102485656738,2.08472895622253,1.29712895622253
183.152486801147,2.06626272201538,1.27866272201538
183.202485799789,2.08440160751343,1.29680160751343
183.252487421036,2.06593561172485,1.27833561172485
183.302500247955,2.08374667167664,1.29614667167664
183.352488994598,2.06428527832031,1.27668527832031
183.402494192123,2.08286929130554,1.29526929130554
183.452488660812,2.06273984909058,1.27513984909058
183.50248837471,2.08345866203308,1.29585866203308
183.552489519119,2.05473780632019,1.26713780632019
183.602491855621,2.08065581321716,1.29305581321716
183.652491807938,2.05962300300598,1.27202300300598
183.702532052994,2.07082033157349,1.28322033157349
183.752527952194,2.06204581260681,1.27444581260681
183.802535057068,2.07812833786011,1.29052833786011
183.852527856827,2.04932904243469,1.26172904243469
183.902527093887,2.07269334793091,1.28509334793091
183.952500104904,2.0539915561676,1.2663915561676
184.002510070801,2.06424617767334,1.27664617767334
184.052531957626,2.05361151695251,1.26601151695251
184.102540969849,2.06512355804443,1.27752355804443
184.152562856674,2.05084824562073,1.26324824562073
184.20254778862,2.06150889396667,1.27390889396668
184.252546548843,2.04587149620056,1.25827149620056
184.302558422089,2.05613923072815,1.26853923072815
184.352548360825,2.04285931587219,1.25525931587219
184.402551412582,2.06099796295166,1.27339796295166
184.452540159225,2.04564905166626,1.25804905166626
184.502521038055,2.0549738407135,1.2673738407135
184.55251955986,2.04546570777893,1.25786570777893
184.602524995804,2.0516209602356,1.2640209602356
184.652515888214,2.03931021690369,1.25171021690369
184.702518701553,2.05133295059204,1.26373295059204
184.752522945404,2.03399300575256,1.24639300575256
184.802523851395,2.04682779312134,1.25922779312134
184.85252904892,2.04448342323303,1.25688342323303
184.902538776398,2.05027198791504,1.26267198791504
184.952530860901,2.03124284744263,1.24364284744263
185.002526760101,2.0461859703064,1.2585859703064
185.052527189255,2.03291916847229,1.24531916847229
185.102533102036,2.04707646369934,1.25947646369934
185.152529478073,2.03151774406433,1.24391774406433
185.202528953552,2.0368218421936,1.2492218421936
185.252528429031,2.02655410766602,1.23895410766602
185.302531480789,2.0462121963501,1.2586121963501
185.352530956268,2.03362631797791,1.24602631797791
185.402531385422,2.03817081451416,1.25057081451416
185.452529191971,2.02423620223999,1.23663620223999
185.502532720566,2.02827000617981,1.24067000617981
185.552530765533,2.03339076042175,1.24579076042175
185.602531194687,2.03614091873169,1.24854091873169
185.652533054352,2.02478623390198,1.23718623390198
185.702532291412,2.03525042533875,1.24765042533875
185.752534627914,2.02969741821289,1.24209741821289
185.802533626556,2.02722215652466,1.23962215652466
185.852536201477,2.02648878097534,1.23888878097534
185.902537822723,2.02350282669067,1.23590282669067
185.952535152435,2.02574229240417,1.23814229240418
186.0025370121,2.03743743896484,1.24983743896484
186.052536010742,2.0288987159729,1.2412987159729
186.10253739357,2.02156448364258,1.23396448364258
186.152536392212,2.02377772331238,1.23617772331238
186.202536821365,2.02346348762512,1.23586348762512
186.252537727356,2.02493023872375,1.23733023872376
186.302538633347,2.03067970275879,1.24307970275879
186.352566480637,2.02769374847412,1.24009374847412
186.402546167374,2.02114534378052,1.23354534378052
186.452539920807,2.02274322509766,1.23514322509766
186.502539873123,2.01958680152893,1.23198680152893
186.552562952042,2.03048324584961,1.24288324584961
186.602549314499,2.02575540542603,1.23815540542603
186.652580976486,2.02337169647217,1.23577169647217
186.702589988709,2.01340532302856,1.22580532302856
186.752584695816,2.02203583717346,1.23443583717346
186.802585840225,2.01715087890625,1.22955087890625
186.852584838867,2.02185249328613,1.23425249328613
186.902587652206,2.01865696907043,1.23105696907043
186.95255279541,2.02367305755615,1.23607305755615
187.002551078796,2.0149507522583,1.2273507522583
187.052549362183,2.0150032043457,1.2274032043457
187.102549314499,2.01762247085571,1.23002247085571
187.152554035187,2.01568412780762,1.22808412780762
187.202551841736,2.0052592754364,1.2176592754364
187.252551555634,2.01375889778137,1.22615889778137
187.302554130554,2.00914907455444,1.22154907455444
187.352557659149,2.01873564720154,1.23113564720154
187.402555465698,2.00751185417175,1.21991185417175
187.452553987503,2.01734733581543,1.22974733581543
187.502552509308,1.99136388301849,1.20376388301849
187.552557468414,2.02427554130554,1.23667554130554
187.602556705475,2.02224540710449,1.23464540710449
187.65255689621,2.04306888580322,1.25546888580322
187.702554225922,2.03903532028198,1.25143532028198
187.752565145493,2.06078863143921,1.27318863143921
187.802561283112,2.05134582519531,1.26374582519531
187.852570533752,2.06366968154907,1.27606968154907
187.902587652206,2.0723135471344,1.2847135471344
187.952596664429,2.07459235191345,1.28699235191345
188.002599477768,2.07520794868469,1.28760794868469
188.052619218826,2.09062242507935,1.30302242507935
188.102604866028,2.08120608329773,1.29360608329773
188.152611494064,2.11633086204529,1.32873086204529
188.202608108521,2.09303212165833,1.30543212165833
188.252613782883,2.11732625961304,1.32972625961304
188.302604675293,2.10763478279114,1.32003478279114
188.352600336075,2.12500071525574,1.33740071525574
188.402597665787,2.1081063747406,1.3205063747406
188.452576160431,2.13397192955017,1.34637192955017
188.50261259079,2.13040947914124,1.34280947914124
188.552609205246,2.16045308113098,1.37285308113098
188.602607488632,2.13509821891785,1.34749821891785
188.652607440949,2.16167092323303,1.37407092323303
188.702604055405,2.15013289451599,1.36253289451599
188.752576589584,2.17725586891174,1.38965586891174
188.802576541901,2.1625485420227,1.37494854202271
188.852583885193,2.186279296875,1.398679296875
188.902585268021,2.17904996871948,1.39144996871948
188.952584028244,2.1898021697998,1.4022021697998
189.00257563591,2.18668532371521,1.39908532371521
189.052577972412,2.20754814147949,1.41994814147949
189.102576255798,2.19886493682861,1.41126493682861
189.152578115463,2.21742272377014,1.42982272377014
189.202576160431,2.19421577453613,1.40661577453613
189.252577543259,2.22499251365662,1.43739251365662
189.302579402924,2.2059109210968,1.4183109210968
189.352581262589,2.22716665267944,1.43956665267944
189.402598142624,2.20316076278687,1.41556076278687
189.45258140564,2.23303389549255,1.44543389549255
189.50258398056,2.20355367660522,1.41595367660522
189.552631139755,2.22456049919128,1.43696049919128
189.602630615234,2.19342994689941,1.40582994689941
189.65263915062,2.2198588848114,1.4322588848114
189.702636241913,2.19297170639038,1.40537170639038
189.752641677856,2.21306157112122,1.42546157112122
189.802636146545,2.19743752479553,1.40983752479553
189.852632045746,2.20997071266174,1.42237071266174
189.902631998062,2.18967127799988,1.40207127799988
189.952598333359,2.2145938873291,1.4269938873291
190.002598524094,2.18026804924011,1.39266804924011
190.052599191666,2.20605516433716,1.41845516433716
190.102594614029,2.17918086051941,1.39158086051941
190.152619361877,2.19542050361633,1.40782050361633
190.202610492706,2.17627358436584,1.38867358436584
190.252609491348,2.20054149627686,1.41294149627686
190.302608728409,2.16638565063477,1.37878565063477
190.352599143982,2.19453024864197,1.40693024864197
190.402601242065,2.17170286178589,1.38410286178589
190.452607393265,2.18959259986877,1.40199259986877
190.502616167068,2.17137551307678,1.38377551307678
190.552642345428,2.18714356422424,1.39954356422424
190.602645635605,2.16612362861633,1.37852362861633
190.65265917778,2.18587327003479,1.39827327003479
190.702651023865,2.17069435119629,1.38309435119629
190.752659320831,2.18331956863403,1.39571956863403
190.802654743195,2.1611340045929,1.3735340045929
190.852645397186,2.18351602554321,1.39591602554321
190.902666330338,2.16233897209167,1.37473897209168
190.952631473541,2.18187880516052,1.39427880516052
191.002608060837,2.1601254940033,1.3725254940033
191.052609920502,2.18506145477295,1.39746145477295
191.102610111237,2.15624904632568,1.36864904632568
191.152611255646,2.18586015701294,1.39826015701294
191.202607870102,2.14689826965332,1.35929826965332
191.252610683441,2.17607712745666,1.38847712745667
191.302611589432,2.15713953971863,1.36953953971863
191.352613925934,2.17504239082336,1.38744239082336
191.402616739273,2.1515998840332,1.3639998840332
191.452609062195,2.16912293434143,1.38152293434143
191.502611398697,2.14245843887329,1.35485843887329
191.552612543106,2.17158508300781,1.38398508300781
191.602616071701,2.15410113334656,1.36650113334656
191.652617454529,2.16781330108643,1.38021330108643
191.702612638474,2.1502640247345,1.3626640247345
191.752613782883,2.16444754600525,1.37684754600525
191.802614927292,2.14815545082092,1.36055545082092
191.852617025375,2.1612389087677,1.3736389087677
191.902613162994,2.13559579849243,1.34799579849243
191.952613353729,2.15524053573608,1.36764053573608
192.002614021301,2.13829374313354,1.35069374313355
192.052616596222,2.15915632247925,1.37155632247925
192.102617502213,2.13724589347839,1.34964589347839
192.152616262436,2.15584301948547,1.36824301948547
192.202614784241,2.13594937324524,1.34834937324524
192.252619504929,2.15129852294922,1.36369852294922
192.302618265152,2.1298987865448,1.3422987865448
192.352621078491,2.15517520904541,1.36757520904541
192.402644395828,2.13035726547241,1.34275726547241
192.452629804611,2.15055203437805,1.36295203437805
192.502625465393,2.1321907043457,1.3445907043457
192.552621126175,2.14070343971252,1.35310343971252
192.602622509003,2.13127398490906,1.34367398490906
192.65262055397,2.14861369132996,1.36101369132996
192.702622652054,2.1245424747467,1.3369424747467
192.752621650696,2.14327025413513,1.35567025413513
192.802630901337,2.12725329399109,1.33965329399109
192.852631568909,2.14463233947754,1.35703233947754
192.902625322342,2.13029170036316,1.34269170036316
192.952632904053,2.14040207862854,1.35280207862854
193.002637386322,2.1202335357666,1.3326335357666
193.052642583847,2.13397192955017,1.34637192955017
193.102642059326,2.12581276893616,1.33821276893616
193.152628660202,2.1397213935852,1.35212139358521
193.202625274658,2.13012146949768,1.34252146949768
193.252624511719,2.13419437408447,1.34659437408447
193.302629470825,2.12356019020081,1.33596019020081
193.352629899979,2.13483619689941,1.34723619689941
193.402627468109,2.1231541633606,1.3355541633606
193.452629327774,2.13169312477112,1.34409312477112
193.502626895905,2.1257472038269,1.3381472038269
193.552630901337,2.13587093353271,1.34827093353272
193.60262966156,2.1267294883728,1.3391294883728
193.652638912201,2.13250494003296,1.34490494003296
193.70267033577,2.12027287483215,1.33267287483215
193.75267124176,2.12729263305664,1.33969263305664
193.802678585053,2.11638331413269,1.32878331413269
193.852716445923,2.12476491928101,1.33716491928101
193.902672767639,2.11685466766357,1.32925466766357
193.952652931213,2.1298463344574,1.3422463344574
194.002635955811,2.11593794822693,1.32833794822693
194.052659273148,2.1255247592926,1.3379247592926
194.102645397186,2.11739158630371,1.32979158630371
194.152640104294,2.12802600860596,1.34042600860596
194.202654361725,2.12304925918579,1.33544925918579
194.252647161484,2.12501382827759,1.33741382827759
194.302656650543,2.11656641960144,1.32896641960144
194.352659702301,2.13896155357361,1.35136155357361
194.402642250061,2.13259673118591,1.34499673118591
194.452644109726,2.15235924720764,1.36475924720764
194.502645492554,2.14405608177185,1.35645608177185
194.552668094635,2.17034077644348,1.38274077644348
194.602687358856,2.15789914131165,1.37029914131165
194.652684926987,2.18042516708374,1.39282516708374
194.702691316605,2.17822504043579,1.39062504043579
194.752699136734,2.19532895088196,1.40772895088196
194.802691936493,2.18385648727417,1.39625648727417
194.852689504623,2.20291185379028,1.41531185379028
194.902689218521,2.20617294311523,1.41857294311523
194.952659368515,2.20423460006714,1.41663460006714
195.002652406693,2.21211886405945,1.42451886405945
195.052654981613,2.2188766002655,1.4312766002655
195.102671861649,2.22555565834045,1.43795565834045
195.152652978897,2.23853445053101,1.45093445053101
195.202652215958,2.24986290931702,1.46226290931702
195.252654075623,2.24784588813782,1.46024588813782
195.302653074265,2.25487875938416,1.46727875938416
195.352655649185,2.28559017181396,1.49799017181397
195.402660369873,2.27554512023926,1.48794512023926
195.452654361725,2.28098034858704,1.49338034858704
195.502664327621,2.28462100028992,1.49702100028992
195.552661895752,2.28319334983826,1.49559334983826
195.602659463882,2.29016089439392,1.50256089439392
195.652666091919,2.30264186859131,1.51504186859131
195.702660799027,2.31048679351807,1.52288679351807
195.752724409103,2.32084608078003,1.53324608078003
195.80269575119,2.32301998138428,1.53541998138428
195.852714061737,2.32207703590393,1.53447703590393
195.9026927948,2.3260715007782,1.5384715007782
195.952683210373,2.32951593399048,1.54191593399048
196.002678155899,2.33684992790222,1.54924992790222
196.052734136581,2.34157776832581,1.55397776832581
196.102707862854,2.35574817657471,1.56814817657471
196.152726650238,2.34472107887268,1.55712107887268
196.202718019485,2.35768628120422,1.57008628120422
196.252726793289,2.35195016860962,1.56435016860962
196.302719831467,2.35496234893799,1.56736234893799
196.352718830109,2.34648895263672,1.55888895263672
196.402713775635,2.35775184631348,1.57015184631348
196.452680110931,2.36050224304199,1.57290224304199
196.502681493759,2.35873413085937,1.57113413085938
196.552681207657,2.34849262237549,1.56089262237549
196.602683067322,2.36388111114502,1.57628111114502
196.652719259262,2.34669852256775,1.55909852256775
196.70271897316,2.36035799980164,1.57275799980164
196.752728223801,2.34396123886108,1.55636123886108
196.802725553513,2.35573506355286,1.56813506355286
196.852718353271,2.3411979675293,1.5535979675293
196.902722120285,2.34699964523315,1.55939964523315
196.95269036293,2.33332705497742,1.54572705497742
197.002685070038,2.34013724327087,1.55253724327087
197.05268406868,2.32662153244019,1.53902153244019
197.102687597275,2.34068703651428,1.55308703651428
197.152685403824,2.33326148986816,1.54566148986816
197.202684879303,2.33467602729797,1.54707602729797
197.252685546875,2.32307243347168,1.53547243347168
197.302685976028,2.3328161239624,1.5452161239624
197.352689981461,2.32235217094421,1.53475217094421
197.40268611908,2.33133625984192,1.54373625984192
197.45268702507,2.3161313533783,1.5285313533783
197.502687931061,2.32829785346985,1.54069785346985
197.552689552307,2.31541109085083,1.52781109085083
197.602694034576,2.32233881950378,1.53473881950378
197.652740240097,2.31186175346375,1.52426175346375
197.702729940414,2.32000780105591,1.53240780105591
197.752749204636,2.3142192363739,1.5266192363739
197.802738666534,2.31881594657898,1.53121594657898
197.852736949921,2.30258941650391,1.51498941650391
197.902734279633,2.3186981678009,1.5310981678009
197.952701330185,2.29673528671265,1.50913528671265
198.00269985199,2.31449413299561,1.52689413299561
198.052701711655,2.29524230957031,1.50764230957031
198.102698564529,2.31712651252747,1.52952651252747
198.152713775635,2.30282521247864,1.51522521247864
198.202703714371,2.30553603172302,1.51793603172302
198.252705812454,2.29482316970825,1.50722316970825
198.302702188492,2.31302738189697,1.52542738189697
198.352712631226,2.29302883148193,1.50542883148193
198.402720689774,2.30420017242432,1.51660017242432
198.452706336975,2.29034423828125,1.50274423828125
198.502706050873,2.30427885055542,1.51667885055542
198.552706480026,2.28409719467163,1.49649719467163
198.602708101273,2.30564093589783,1.51804093589783
198.652708768845,2.28227663040161,1.49467663040161
198.702708482742,2.29665684700012,1.50905684700012
198.752717256546,2.28084921836853,1.49324921836853
198.802715778351,2.29340887069702,1.50580887069702
198.852711200714,2.27591180801392,1.48831180801392
198.902714729309,2.2946138381958,1.5070138381958
198.952721357346,2.27838706970215,1.49078706970215
199.002712965012,2.2934741973877,1.5058741973877
199.052711248398,2.26855158805847,1.48095158805847
199.102714538574,2.29124784469604,1.50364784469605
199.152720451355,2.27474617958069,1.48714617958069
199.202716588974,2.28885126113892,1.50125126113892
199.252712011337,2.27877998352051,1.49117998352051
199.302713632584,2.28348159790039,1.49588159790039
199.352715730667,2.26936364173889,1.48176364173889
199.402713298798,2.27314829826355,1.48554829826355
199.452723026276,2.26400709152222,1.47640709152222
199.502719163895,2.27783703804016,1.49023703804016
199.552713394165,2.26047110557556,1.47287110557556
199.602714776993,2.27054214477539,1.48294214477539
199.652713298798,2.26426911354065,1.47666911354065
199.70271396637,2.27405214309692,1.48645214309692
199.752716064453,2.25886011123657,1.47126011123657
199.802716255188,2.27284717559814,1.48524717559814
199.852716684341,2.26014351844788,1.47254351844788
199.902718782425,2.27502131462097,1.48742131462097
199.952721595764,2.25951504707336,1.47191504707336
200.002717018127,2.27533555030823,1.48773555030823
200.052717924118,2.25460386276245,1.46700386276245
200.102719545364,2.2761344909668,1.4885344909668
200.152720212936,2.25840187072754,1.47080187072754
200.202716588974,2.26789689064026,1.48029689064026
200.25271821022,2.25301909446716,1.46541909446716
200.302718639374,2.26993989944458,1.48233989944458
200.352721214294,2.24678516387939,1.45918516387939
200.402716159821,2.27248048782349,1.48488048782349
200.452722787857,2.24685072898865,1.45925072898865
200.502735376358,2.2664167881012,1.4788167881012
200.552736282349,2.25113320350647,1.46353320350647
200.602719306946,2.26070666313171,1.47310666313171
200.652730941772,2.25431561470032,1.46671561470032
200.702762365341,2.26185941696167,1.47425941696167
200.752762317657,2.24679827690125,1.45919827690125
200.802765130997,2.25794339179993,1.47034339179993
200.852762937546,2.24493861198425,1.45733861198425
200.902786970139,2.25668621063232,1.46908621063232
200.952755451202,2.24860548973083,1.46100548973084
201.002734899521,2.26272368431091,1.47512368431091
201.052749872208,2.24761033058166,1.46001033058167
201.102732896805,2.25656819343567,1.46896819343567
201.152743339539,2.23852133750916,1.45092133750916
201.202732801437,2.25389647483826,1.46629647483826
201.252735614777,2.2403416633606,1.4527416633606
201.302743196487,2.26424288749695,1.47664288749695
201.352745771408,2.25634551048279,1.46874551048279
201.402739048004,2.26699328422546,1.47939328422546
201.452736854553,2.2687349319458,1.4811349319458
201.502735137939,2.27537488937378,1.48777488937378
201.552737474442,2.31057834625244,1.52297834625244
201.602742910385,2.32226037979126,1.53466037979126
201.652791023254,2.29078936576843,1.50318936576843
201.70277929306,2.31229400634766,1.52469400634766
201.752798080444,2.30053329467773,1.51293329467773
201.802799463272,2.3228497505188,1.5352497505188
201.852798223495,2.32960772514343,1.54200772514343
201.902804613113,2.36564922332764,1.57804922332764
201.952756166458,2.33746552467346,1.54986552467346
202.002752304077,2.38838458061218,1.60078458061218
202.052754640579,2.36519074440002,1.57759074440002
202.102749586105,2.39100384712219,1.60340384712219
202.152754545212,2.36921143531799,1.58161143531799
202.202780246735,2.39685821533203,1.60925821533203
202.252789974213,2.40686392784119,1.61926392784119
202.302803277969,2.40441465377808,1.61681465377808
202.352769851685,2.42377161979675,1.63617161979675
202.402763366699,2.42912793159485,1.64152793159485
202.452760457993,2.43394732475281,1.64634732475281
202.502758741379,2.44306254386902,1.65546254386902
202.552764177322,2.43849182128906,1.65089182128906
202.602797985077,2.44916558265686,1.66156558265686
202.652819395065,2.41959357261658,1.63199357261658
202.702808856964,2.45562219619751,1.66802219619751
202.752805709839,2.45509839057922,1.66749839057922
202.802823066711,2.46124053001404,1.67364053001404
202.852824211121,2.48924088478088,1.70164088478088
202.902824401855,2.49132323265076,1.70372323265076
202.952775478363,2.49860501289368,1.71100501289368
203.002772092819,2.51471376419067,1.72711376419067
203.052772283554,2.50481271743774,1.71721271743774
203.102773427963,2.52354073524475,1.73594073524475
203.152771472931,2.51259207725525,1.72499207725525
203.202769994736,2.51248717308044,1.72488717308044
203.252772331238,2.54475688934326,1.75715688934326
203.302773952484,2.55146241188049,1.76386241188049
203.352774381638,2.52860903739929,1.74100903739929
203.402771234512,2.5515148639679,1.7639148639679
203.452775001526,2.53116297721863,1.74356297721863
203.502771615982,2.53608727455139,1.74848727455139
203.552773714066,2.53657174110413,1.74897174110413
203.602771520615,2.52103924751282,1.73343924751282
203.652776002884,2.52403831481934,1.73643831481934
203.70278096199,2.52592420578003,1.73832420578003
203.752813100815,2.52293825149536,1.73533825149536
203.802838802338,2.52119636535645,1.73359636535645
203.85281252861,2.51525044441223,1.72765044441223
203.902814388275,2.51413750648499,1.72653750648499
203.952786922455,2.50362086296082,1.71602086296082
204.002820491791,2.50913453102112,1.72153453102112
204.052824497223,2.50466871261597,1.71706871261597
204.102827072144,2.50259923934937,1.71499923934937
204.15283370018,2.50101470947266,1.71341470947266
204.202832937241,2.50113248825073,1.71353248825073
204.252832889557,2.50215411186218,1.71455411186218
204.302835226059,2.48772168159485,1.70012168159485
204.352843046188,2.49627375602722,1.70867375602722
204.402831792831,2.48396301269531,1.69636301269531
204.452799558639,2.48493218421936,1.69733218421936
204.502795219421,2.48587512969971,1.69827512969971
204.552792072296,2.48286294937134,1.69526294937134
204.6028008461,2.47283101081848,1.68523101081848
204.652838468552,2.48181533813477,1.69421533813477
204.702841043472,2.46277284622192,1.67517284622192
204.752842664719,2.47323703765869,1.68563703765869
204.802842617035,2.47767686843872,1.69007686843872
204.852855205536,2.47903871536255,1.69143871536255
204.90283703804,2.46437048912048,1.67677048912048
204.952812671661,2.46156787872314,1.67396787872314
205.002802371979,2.46126675605774,1.67366675605774
205.052800178528,2.4606511592865,1.6730511592865
205.102801322937,2.45818901062012,1.67058901062012
205.152801036835,2.46370267868042,1.67610267868042
205.202801465988,2.45677471160889,1.66917471160889
205.252800703049,2.44934892654419,1.66174892654419
205.302801847458,2.44662499427795,1.65902499427795
205.352806806564,2.45610690116882,1.66850690116882
205.402802705765,2.44484376907349,1.65724376907349
205.4528028965,2.45410299301147,1.66650299301147
205.502802610397,2.4432590007782,1.6556590007782
205.552805900574,2.4410457611084,1.6534457611084
205.602803468704,2.43499517440796,1.64739517440796
205.652807712555,2.45042300224304,1.66282300224304
205.702805280685,2.43871450424194,1.65111450424194
205.752805233002,2.44932270050049,1.66172270050049
205.802808046341,2.4359118938446,1.6483118938446
205.852810144424,2.44767260551453,1.66007260551453
205.902809619904,2.4282374382019,1.6406374382019
205.952805519104,2.44348168373108,1.65588168373108
206.002806663513,2.43113160133362,1.64353160133362
206.052804231644,2.44395327568054,1.65635327568054
206.10280919075,2.42971730232239,1.64211730232239
206.152807950974,2.43682861328125,1.64922861328125
206.202808380127,2.41981625556946,1.63221625556946
206.252806901932,2.43614768981934,1.64854768981934
206.302811145782,2.41291451454163,1.62531451454163
206.352813482285,2.43698596954346,1.64938596954346
206.402812004089,2.41673874855041,1.62913874855042
206.452808141708,2.43187808990479,1.64427808990479
206.502807378769,2.40479469299316,1.61719469299316
206.552809238434,2.42662644386291,1.63902644386292
206.602809429169,2.41231203079224,1.62471203079224
206.652809619904,2.42924571037292,1.64164571037293
206.702809333801,2.40842223167419,1.62082223167419
206.752809524536,2.43028044700623,1.64268044700623
206.802811861038,2.40175628662109,1.61415628662109
206.852818965912,2.42392873764038,1.63632873764038
206.902815341949,2.40457201004028,1.61697201004028
206.952814102173,2.42185926437378,1.63425926437378
207.002820014954,2.40271234512329,1.61511234512329
207.052834510803,2.42240929603577,1.63480929603577
207.102829694748,2.39484119415283,1.60724119415283
207.152830123901,2.41700053215027,1.62940053215027
207.202838897705,2.39413404464722,1.60653404464722
207.252851963043,2.41474795341492,1.62714795341492
207.302840471268,2.39085984230041,1.60325984230042
207.352829456329,2.40627455711365,1.61867455711365
207.402829170227,2.38896083831787,1.60136083831787
207.452828168869,2.40818667411804,1.62058667411804
207.502831697464,2.39096474647522,1.60336474647522
207.552830219269,2.41449928283691,1.62689928283691
207.602829933167,2.38366985321045,1.59606985321045
207.652835845947,2.41102838516235,1.62342838516235
207.702833414078,2.3815484046936,1.5939484046936
207.752826452255,2.40649724006653,1.61889724006653
207.802840232849,2.39080762863159,1.60320762863159
207.852858781815,2.40276479721069,1.61516479721069
207.902861118317,2.38106369972229,1.59346369972229
207.952860593796,2.41039991378784,1.62279991378784
208.002867221832,2.3813648223877,1.5937648223877
208.052880764008,2.39955592155457,1.61195592155457
208.102867603302,2.37847065925598,1.59087065925598
208.152871608734,2.39684510231018,1.60924510231018
208.202871799469,2.37730503082275,1.58970503082275
208.252885818481,2.39934635162354,1.61174635162354
208.302879095078,2.38150906562805,1.59390906562805
208.352878570557,2.41372656822205,1.62612656822205
208.402871608734,2.39840364456177,1.61080364456177
208.452857255936,2.42570972442627,1.63810972442627
208.502866506577,2.40590786933899,1.61830786933899
208.552886724472,2.43676328659058,1.64916328659058
208.602867841721,2.41971158981323,1.63211158981323
208.652851343155,2.4552686214447,1.6676686214447
208.702845335007,2.43618679046631,1.64858679046631
208.752862215042,2.49089121818542,1.70329121818543
208.802881002426,2.46562790870666,1.67802790870667
208.852880239487,2.50646281242371,1.71886281242371
208.902886152267,2.46925568580627,1.68165568580627
208.952868938446,2.50379109382629,1.71619109382629
209.002853155136,2.48670029640198,1.69910029640198
209.052854776382,2.51297187805176,1.72537187805176
209.102850198746,2.4983823299408,1.7107823299408
209.152851343155,2.52808523178101,1.74048523178101
209.202848911285,2.51189804077148,1.72429804077148
209.252849578857,2.53955769538879,1.75195769538879
209.302849531174,2.53264284133911,1.74504284133911
209.352850675583,2.54425930976868,1.75665930976868
209.402851343155,2.53511810302734,1.74751810302734
209.45285320282,2.58483242988586,1.79723242988586
209.502851963043,2.54913115501404,1.76153115501404
209.552853107452,2.61025261878967,1.82265261878967
209.602851629257,2.58323454856873,1.79563454856873
209.652865171432,2.57558631896973,1.78798631896973
209.702892780304,2.60188388824463,1.81428388824463
209.752905130386,2.59119725227356,1.80359725227356
209.802896499634,2.58860421180725,1.80100421180725
209.852894544601,2.64560031890869,1.85800031890869
209.902929544449,2.6070704460144,1.8194704460144
209.952879190445,2.64029622077942,1.85269622077942
210.002866029739,2.62713408470154,1.83953408470154
210.05286693573,2.65189981460571,1.86429981460571
210.102865219116,2.62604713439941,1.83844713439941
210.152868747711,2.65746569633484,1.86986569633484
210.202870845795,2.637362241745,1.849762241745
210.252869844437,2.67116451263428,1.88356451263428
210.302859544754,2.6513888835907,1.8637888835907
210.352863788605,2.6871292591095,1.8995292591095
210.402863740921,2.65801548957825,1.87041548957825
210.452865600586,2.67675685882568,1.88915685882568
210.502863407135,2.6561164855957,1.8685164855957
210.552909374237,2.67656016349792,1.88896016349793
210.60290145874,2.64867782592773,1.86107782592773
210.652912855148,2.660071849823,1.872471849823
210.702905654907,2.63846254348755,1.85086254348755
210.752919912338,2.66229820251465,1.87469820251465
210.802911520004,2.63108921051025,1.84348921051025
210.852903842926,2.65060305595398,1.86300305595398
210.902904748917,2.62695097923279,1.83935097923279
210.952880382538,2.64330816268921,1.85570816268921
211.002874612808,2.61863446235657,1.83103446235657
211.052876234055,2.63125944137573,1.84365944137573
211.102869510651,2.61460089683533,1.82700089683533
211.152871370316,2.63988995552063,1.85228995552063
211.202871084213,2.6102397441864,1.8226397441864
211.252875328064,2.62688541412354,1.83928541412354
211.30287361145,2.60703086853027,1.81943086853027
211.352878093719,2.6277494430542,1.8401494430542
211.402876138687,2.6047523021698,1.8171523021698
211.452876091003,2.61272788047791,1.82512788047791
211.502878665924,2.59846591949463,1.81086591949463
211.552878141403,2.61145758628845,1.82385758628845
211.602875709534,2.5962917804718,1.8086917804718
211.652878761291,2.62072992324829,1.83312992324829
211.702874422073,2.59024119377136,1.80264119377136
211.752880811691,2.60586524009705,1.81826524009705
211.802913188934,2.58498954772949,1.79738954772949
211.852915048599,2.6072404384613,1.8196404384613
211.902911424637,2.57968544960022,1.79208544960022
211.952900409698,2.60112452507019,1.81352452507019
212.002897977829,2.58273696899414,1.79513696899414
212.052923440933,2.59775853157043,1.81015853157043
212.10292673111,2.58237028121948,1.79477028121948
212.152928352356,2.58852553367615,1.80092553367615
212.202926635742,2.56764984130859,1.78004984130859
212.252931118011,2.58343100547791,1.79583100547791
212.302934169769,2.57318949699402,1.78558949699402
212.35293006897,2.57999992370605,1.79239992370605
212.402926921844,2.5721287727356,1.7845287727356
212.452897071838,2.58112621307373,1.79352621307373
212.502893209457,2.56542325019836,1.77782325019836
212.55291557312,2.57910919189453,1.79150919189453
212.602910280228,2.56252908706665,1.77492908706665
212.652908325195,2.58402037620544,1.79642037620544
212.702901601791,2.55971312522888,1.77211312522888
212.752903699875,2.56924748420715,1.78164748420715
212.802899837494,2.55744767189026,1.76984767189026
212.852907657623,2.56451964378357,1.77691964378357
212.902896881104,2.55981802940369,1.77221802940369
212.952898979187,2.56482100486755,1.77722100486755
213.002895355225,2.54720616340637,1.75960616340637
213.052899837494,2.55299472808838,1.76539472808838
213.102895975113,2.5506112575531,1.7630112575531
213.152906656265,2.55837750434875,1.77077750434876
213.202906131744,2.55038857460022,1.76278857460022
213.252939462662,2.56039428710937,1.77279428710938
213.302935600281,2.55206489562988,1.76446489562988
213.352933645248,2.55907154083252,1.77147154083252
213.402909040451,2.54039597511291,1.75279597511292
213.452903270721,2.54467844963074,1.75707844963074
213.502900123596,2.53818273544312,1.75058273544312
213.552910327911,2.54665589332581,1.75905589332581
213.602907419205,2.54044818878174,1.75284818878174
213.6529109478,2.5505063533783,1.7629063533783
213.702907562256,2.53317975997925,1.74557975997925
213.752903938293,2.54361772537231,1.75601772537231
213.80290222168,2.53957080841064,1.75197080841064
213.852902889252,2.53624439239502,1.74864439239502
213.902903795242,2.53813028335571,1.75053028335571
213.952902555466,2.53054738044739,1.74294738044739
214.002903223038,2.54029130935669,1.75269130935669
214.052905321121,2.52832078933716,1.74072078933716
214.10290312767,2.52953886985779,1.74193886985779
214.152903556824,2.5235276222229,1.7359276222229
214.202902793884,2.52922463417053,1.74162463417053
214.252906322479,2.51817107200623,1.73057107200623
214.302903652191,2.5235800743103,1.7359800743103
214.35290980339,2.52646112442017,1.73886112442017
214.402903795242,2.51559114456177,1.72799114456177
214.452906131744,2.51547336578369,1.72787336578369
214.502904891968,2.52413010597229,1.73653010597229
214.552909374237,2.52147150039673,1.73387150039673
214.60290980339,2.51598405838013,1.72838405838013
214.652941942215,2.51213359832764,1.72453359832764
214.702955007553,2.522545337677,1.734945337677
214.752960205078,2.51624584197998,1.72864584197998
214.802950382233,2.51949381828308,1.73189381828308
214.852952003479,2.50779867172241,1.72019867172241
214.902919054031,2.51830220222473,1.73070220222473
214.952917337418,2.52152395248413,1.73392395248413
215.002916097641,2.51974272727966,1.73214272727966
215.052916288376,2.50775933265686,1.72015933265686
215.102916479111,2.51886534690857,1.73126534690857
215.152919530869,2.5096321105957,1.7220321105957
215.20291686058,2.50882029533386,1.72122029533386
215.252919197083,2.5093834400177,1.7217834400177
215.302918434143,2.51535534858704,1.72775534858704
215.352921962738,2.51081085205078,1.72321085205078
215.402920484543,2.51980805397034,1.73220805397034
215.452918767929,2.51371836662292,1.72611836662293
215.502918958664,2.53691220283508,1.74931220283508
215.552924394608,2.52430033683777,1.73670033683777
215.602922677994,2.54883003234863,1.76123003234863
215.652921199799,2.55405569076538,1.76645569076538
215.702921152115,2.57810091972351,1.79050091972351
215.752921581268,2.57110714912415,1.78350714912415
215.802921056747,2.58787083625793,1.80027083625793
215.852926015854,2.56097054481506,1.77337054481506
215.902931213379,2.592768907547,1.805168907547
215.952931642532,2.59059476852417,1.80299476852417
216.002922773361,2.62048125267029,1.83288125267029
216.05292725563,2.60137343406677,1.81377343406677
216.102924346924,2.62598156929016,1.83838156929016
216.152926445007,2.62447547912598,1.83687547912598
216.202924966812,2.63124656677246,1.84364656677246
216.252931833267,2.6362099647522,1.8486099647522
216.302930593491,2.66524505615234,1.87764505615234
216.352926492691,2.64605855941772,1.85845855941772
216.40292930603,2.66139435768127,1.87379435768127
216.452958583832,2.65332698822021,1.86572698822022
216.502966165543,2.6754994392395,1.8878994392395
216.552978038788,2.66515326499939,1.87755326499939
216.602967500687,2.6906521320343,1.9030521320343
216.652981519699,2.67907500267029,1.89147500267029
216.702971935272,2.69547176361084,1.90787176361084
216.752985954285,2.68902826309204,1.90142826309204
216.802975177765,2.70897436141968,1.92137436141968
216.852976083755,2.7055299282074,1.9179299282074
216.902967214584,2.71201252937317,1.92441252937317
216.952971220016,2.72145509719849,1.93385509719849
217.002960205078,2.72855353355408,1.94095353355408
217.05295753479,2.72414016723633,1.93654016723633
217.102942228317,2.74102115631104,1.95342115631104
217.152953147888,2.7090790271759,1.9214790271759
217.202950954437,2.74842095375061,1.96082095375061
217.252951860428,2.7350754737854,1.9474754737854
217.302951335907,2.73779964447021,1.95019964447022
217.352955818176,2.71819424629211,1.93059424629211
217.402958869934,2.73112034797668,1.94352034797668
217.452954530716,2.71108293533325,1.92348293533325
217.502956867218,2.72784638404846,1.94024638404846
217.552958011627,2.70606684684753,1.91846684684753
217.602961540222,2.72102308273315,1.93342308273315
217.652951717377,2.70862078666687,1.92102078666687
217.702950000763,2.71253657341003,1.92493657341003
217.752952098846,2.69117617607117,1.90357617607117
217.802956581116,2.70978617668152,1.92218617668152
217.852953195572,2.69105839729309,1.90345839729309
217.9029545784,2.70437741279602,1.91677741279602
217.952952861786,2.68515181541443,1.89755181541443
218.002953529358,2.70228171348572,1.91468171348572
218.052954435348,2.68097400665283,1.89337400665283
218.102955579758,2.69839215278625,1.91079215278626
218.152954101562,2.67456960678101,1.88696960678101
218.202954292297,2.69120240211487,1.90360240211487
218.252965927124,2.67497563362122,1.88737563362122
218.302993059158,2.69450235366821,1.90690235366821
218.352991104126,2.66789031028748,1.88029031028748
218.402993202209,2.68361926078796,1.89601926078796
218.453000068665,2.65797638893127,1.87037638893127
218.502972602844,2.68364548683166,1.89604548683167
218.552962064743,2.67290663719177,1.88530663719177
218.602956295013,2.67911410331726,1.89151410331726
218.652960777283,2.65341877937317,1.86581877937317
218.702967643738,2.67485785484314,1.88725785484314
218.752969026566,2.64849448204041,1.86089448204041
218.802970409393,2.67188501358032,1.88428501358032
218.852967977524,2.65334033966064,1.86574033966064
218.90296626091,2.66231155395508,1.87471155395508
218.952966690063,2.64810180664062,1.86050180664063
219.002965450287,2.66216707229614,1.87456707229614
219.052966594696,2.6432032585144,1.8556032585144
219.102964639664,2.64749932289124,1.85989932289124
219.152965068817,2.63982439041138,1.85222439041138
219.202964067459,2.66414499282837,1.87654499282837
219.252966165543,2.64070200920105,1.85310200920105
219.302968263626,2.64930653572083,1.86170653572083
219.352968454361,2.63208484649658,1.84448484649658
219.402967691421,2.63830542564392,1.85070542564392
219.452973842621,2.62726521492004,1.83966521492004
219.50296664238,2.64675259590149,1.85915259590149
219.552968978882,2.62820792198181,1.84060792198181
219.602969646454,2.63898658752441,1.85138658752441
219.652969121933,2.62714719772339,1.83954719772339
219.702974319458,2.6341278553009,1.8465278553009
219.752971410751,2.62395143508911,1.83635143508911
219.802975893021,2.6255624294281,1.8379624294281
219.852972745895,2.61532092094421,1.82772092094421
219.902974843979,2.62475061416626,1.83715061416626
219.952972412109,2.61863446235657,1.83103446235657
220.002973556519,2.62295627593994,1.83535627593994
220.052973985672,2.61820220947266,1.83060220947266
220.102974414825,2.6245801448822,1.8369801448822
220.152973413467,2.61406373977661,1.82646373977661
220.202982664108,2.62528729438782,1.83768729438782
220.252974510193,2.61533403396606,1.82773403396606
220.302976608276,2.61897492408752,1.83137492408752
220.352977275848,2.60701775550842,1.81941775550842
220.402976751327,2.61576652526855,1.82816652526855
220.452975511551,2.61182427406311,1.82422427406311
220.502976179123,2.61416840553284,1.82656840553284
220.552976131439,2.61511135101318,1.82751135101318
220.602976083755,2.61236119270325,1.82476119270325
220.65297460556,2.60703086853027,1.81943086853027
220.702976703644,2.61025261878967,1.82265261878967
220.752975702286,2.60697865486145,1.81937865486145
220.802974462509,2.60801315307617,1.82041315307617
220.852977514267,2.61467933654785,1.82707933654785
220.90297460556,2.59660601615906,1.80900601615906
220.952979564667,2.6113920211792,1.8237920211792
221.002978563309,2.60967659950256,1.82207659950256
221.052979707718,2.5995135307312,1.8119135307312
221.102976560593,2.6017529964447,1.8141529964447
221.152979850769,2.59418320655823,1.80658320655823
221.202976703644,2.5985050201416,1.8109050201416
221.252979040146,2.59153771400452,1.80393771400452
221.302982091904,2.59626579284668,1.80866579284668
221.352981328964,2.58863043785095,1.80103043785095
221.402980804443,2.58834218978882,1.80074218978882
221.452982187271,2.596186876297,1.808586876297
221.502990961075,2.58797550201416,1.80037550201416
221.553004741669,2.58416438102722,1.79656438102722
221.603004932404,2.57922720909119,1.79162720909119
221.652982711792,2.57927942276001,1.79167942276001
221.702983617783,2.58075928688049,1.79315928688049
221.752984046936,2.58793640136719,1.80033640136719
221.802986383438,2.57713174819946,1.78953174819946
221.852987527847,2.5918128490448,1.8042128490448
221.902987003326,2.57814002037048,1.79054002037048
221.952982902527,2.58787083625793,1.80027083625793
222.002985239029,2.57604455947876,1.78844455947876
222.052989006042,2.58294653892517,1.79534653892517
222.102985858917,2.57913541793823,1.79153541793823
222.15299654007,2.58026170730591,1.79266170730591
222.203010082245,2.5788471698761,1.7912471698761
222.253028392792,2.5862729549408,1.7986729549408
222.303030014038,2.57645058631897,1.78885058631897
222.353023290634,2.59109258651733,1.80349258651733
222.403024435043,2.58138799667358,1.79378799667358
222.453010797501,2.58878755569458,1.80118755569458
222.503002643585,2.58671808242798,1.79911808242798
222.553004026413,2.60522365570068,1.81762365570068
222.602996587753,2.6158971786499,1.8282971786499
222.652995586395,2.6353063583374,1.8477063583374
222.702994346619,2.61491513252258,1.82731513252258
222.752999782562,2.64380598068237,1.85620598068237
222.80300450325,2.64582276344299,1.85822276344299
222.853003978729,2.67121696472168,1.88361696472168
222.903006315231,2.64495825767517,1.85735825767517
222.953011989593,2.66786408424377,1.88026408424377
223.003012657165,2.66637134552002,1.87877134552002
223.053016424179,2.69717407226562,1.90957407226563
223.10301399231,2.67532920837402,1.88772920837402
223.153000831604,2.69895529747009,1.91135529747009
223.203001737595,2.69595646858215,1.90835646858215
223.253001451492,2.72463774681091,1.93703774681091
223.303006410599,2.7131519317627,1.9255519317627
223.353006124496,2.72901177406311,1.94141177406311
223.40301656723,2.71185564994812,1.92425564994812
223.453001737595,2.73419833183289,1.94659833183289
223.503003120422,2.72952270507812,1.94192270507813
223.55300617218,2.75305700302124,1.96545700302124
223.603003978729,2.73744606971741,1.94984606971741
223.653007745743,2.75752282142639,1.96992282142639
223.703002214432,2.7568027973175,1.96920279731751
223.753014087677,2.77520322799683,1.98760322799683
223.803017139435,2.76403188705444,1.97643188705444
223.853013277054,2.78681993484497,1.99921993484497
223.90301990509,2.7602207660675,1.97262076606751
223.953014612198,2.78231477737427,1.99471477737427
224.003009319305,2.7708158493042,1.9832158493042
224.053010225296,2.7911548614502,2.0035548614502
224.103019714355,2.77660465240479,1.98900465240479
224.153010368347,2.80389761924744,2.01629761924744
224.203018188477,2.78934764862061,2.00174764862061
224.253020048141,2.81391644477844,2.02631644477844
224.303039073944,2.78248500823975,1.99488500823975
224.353041410446,2.81208300590515,2.02448300590515
224.403029918671,2.78722596168518,1.99962596168518
224.453053236008,2.80300712585449,2.01540712585449
224.503057718277,2.77175879478455,1.98415879478455
224.553066253662,2.79091882705688,2.00331882705688
224.60305929184,2.77357935905457,1.98597935905457
224.653057813644,2.79331588745117,2.00571588745117
224.703063249588,2.76324605941772,1.97564605941772
224.753063201904,2.790198802948,2.002598802948
224.803066492081,2.76553797721863,1.97793797721863
224.853068590164,2.77771759033203,1.99011759033203
224.903065919876,2.75909447669983,1.97149447669983
224.953064203262,2.7760808467865,1.9884808467865
225.003034353256,2.75261187553406,1.96501187553406
225.053033828735,2.7719030380249,1.9843030380249
225.103031635284,2.74424314498901,1.95664314498901
225.153031349182,2.77000403404236,1.98240403404236
225.20302939415,2.73359560966492,1.94599560966492
225.253033399582,2.75881934165955,1.97121934165955
225.303034543991,2.74175477027893,1.95415477027893
225.353034734726,2.75393438339233,1.96633438339233
225.403043746948,2.73093700408936,1.94333700408936
225.453035593033,2.76107215881348,1.97347215881348
225.503041982651,2.72365546226501,1.93605546226501
225.55303478241,2.74420380592346,1.95660380592346
225.603037834167,2.72755813598633,1.93995813598633
225.653039932251,2.74694108963013,1.95934108963013
225.703034877777,2.72200512886047,1.93440512886047
225.753035783768,2.74054980278015,1.95294980278015
225.803040504456,2.72112774848938,1.93352774848938
225.853036403656,2.73848056793213,1.95088056793213
225.903034925461,2.71608567237854,1.92848567237854
225.953036308289,2.74078559875488,1.95318559875488
226.003035783768,2.71227431297302,1.92467431297302
226.053037643433,2.73865079879761,1.95105079879761
226.103034496307,2.70217704772949,1.91457704772949
226.153036355972,2.72626161575317,1.93866161575317
226.203036546707,2.70680022239685,1.91920022239685
226.253044366837,2.73229932785034,1.94469932785034
226.303062438965,2.69995069503784,1.91235069503784
226.353069067001,2.72703433036804,1.93943433036804
226.403066635132,2.69827437400818,1.91067437400818
226.45306801796,2.72032880783081,1.93272880783081
226.503068685532,2.70293664932251,1.91533664932251
226.553047180176,2.71941208839416,1.93181208839417
226.603041648865,2.69475126266479,1.9071512626648
226.653057575226,2.72158622741699,1.93398622741699
226.703043937683,2.69421434402466,1.90661434402466
226.75304722786,2.72128510475159,1.93368510475159
226.803049325943,2.69764590263367,1.91004590263367
226.853053569794,2.72051239013672,1.93291239013672
226.903046607971,2.69383454322815,1.90623454322815
226.953057527542,2.71154117584229,1.92394117584229
227.003046035767,2.68254566192627,1.89494566192627
227.053047657013,2.7043251991272,1.9167251991272
227.103048086166,2.68157625198364,1.89397625198364
227.153047800064,2.7045738697052,1.9169738697052
227.203056573868,2.68528246879578,1.89768246879578
227.253058195114,2.70401072502136,1.91641072502136
227.303050279617,2.67580080032349,1.88820080032349
227.353049755096,2.6992564201355,1.9116564201355
227.403050661087,2.67205500602722,1.88445500602722
227.453049659729,2.69522285461426,1.90762285461426
227.503050804138,2.67504096031189,1.88744096031189
227.55304980278,2.69653248786926,1.90893248786926
227.603048801422,2.67261815071106,1.88501815071106
227.653049945831,2.68728637695312,1.89968637695313
227.703050374985,2.67700552940369,1.88940552940369
227.753052473068,2.68893647193909,1.90133647193909
227.803050518036,2.66528415679932,1.87768415679932
227.853056907654,2.69035077095032,1.90275077095032
227.903053998947,2.6603729724884,1.8727729724884
227.953055381775,2.68266344070435,1.89506344070435
228.003051757812,2.66381740570068,1.87621740570068
228.05305314064,2.68650054931641,1.89890054931641
228.103052139282,2.66291379928589,1.87531379928589
228.153055667877,2.67818450927734,1.89058450927734
228.203053474426,2.65736079216003,1.86976079216003
228.253055810928,2.67316842079163,1.88556842079163
228.303052663803,2.66430187225342,1.87670187225342
228.353055477142,2.67294573783875,1.88534573783875
228.403054952621,2.65610361099243,1.86850361099243
228.453056812286,2.67535543441772,1.88775543441772
228.50305390358,2.65880155563354,1.87120155563355
228.553108215332,2.6700644493103,1.8824644493103
228.603101730347,2.65609049797058,1.86849049797058
228.653097629547,2.66554594039917,1.87794594039917
228.703102588654,2.65859198570251,1.87099198570251
228.75310254097,2.6680736541748,1.8804736541748
228.803104639053,2.6480884552002,1.8604884552002
228.853100299835,2.6623375415802,1.8747375415802
228.90309548378,2.64917540550232,1.86157540550232
228.953070878983,2.66035985946655,1.87275985946655
229.00306558609,2.64143538475037,1.85383538475037
229.053068637848,2.65836954116821,1.87076954116821
229.103063821793,2.6404664516449,1.8528664516449
229.153075695038,2.66180062294006,1.87420062294006
229.203074455261,2.64645147323608,1.85885147323608
229.253073215485,2.6483371257782,1.8607371257782
229.303074359894,2.64257502555847,1.85497502555847
229.353071928024,2.65170311927795,1.86410311927795
229.403077125549,2.64529895782471,1.85769895782471
229.453070163727,2.64313817024231,1.85553817024231
229.50306892395,2.65577626228333,1.86817626228333
229.553071737289,2.67335152626038,1.88575152626038
229.603073120117,2.66891193389893,1.88131193389893
229.653075218201,2.69450235366821,1.90690235366821
229.703071117401,2.68703746795654,1.89943746795654
229.753071784973,2.71078157424927,1.92318157424927
229.803076028824,2.72394347190857,1.93634347190857
229.853073596954,2.72563290596008,1.93803290596008
229.903075695038,2.72911667823791,1.94151667823792
229.953074216843,2.75735282897949,1.96975282897949
230.003075122833,2.75486445426941,1.96726445426941
230.053073644638,2.77737736701965,1.98977736701965
230.103076219559,2.76861572265625,1.98101572265625
230.153083324432,2.78345394134521,1.99585394134522
230.203081607819,2.78891539573669,2.00131539573669
230.253074645996,2.81399512290955,2.02639512290955
230.303083658218,2.81628680229187,2.02868680229187
230.353077888489,2.81542277336121,2.02782277336121
230.403079032898,2.82140779495239,2.03380779495239
230.453076601028,2.82235074043274,2.03475074043274
230.503088235855,2.83675670623779,2.04915670623779
230.553121089935,2.83983469009399,2.05223469009399
230.603121042252,2.83340430259705,2.04580430259705
230.653130531311,2.85730528831482,2.06970528831482
230.703125,2.8497748374939,2.0621748374939
230.753136634827,2.86136531829834,2.07376531829834
230.803128242493,2.86499309539795,2.07739309539795
230.853124856949,2.86742901802063,2.07982901802063
230.903120279312,2.88421869277954,2.09661869277954
230.953105688095,2.88372111320496,2.09612111320496
231.00309920311,2.898677110672,2.111077110672
231.053120136261,2.88797736167908,2.10037736167908
231.103118419647,2.90756988525391,2.11996988525391
231.153119802475,2.89753794670105,2.10993794670105
231.203096151352,2.90971755981445,2.12211755981445
231.253093719482,2.91003203392029,2.12243203392029
231.30309343338,2.90561819076538,2.11801819076538
231.353092193604,2.90216088294983,2.11456088294983
231.403095722198,2.90134882926941,2.11374882926941
231.453094244003,2.89098930358887,2.10338930358887
231.503105163574,2.88602590560913,2.09842590560913
231.553101062775,2.89501023292542,2.10741023292542
231.603107452393,2.88324928283691,2.09564928283691
231.653105258942,2.88233256340027,2.09473256340027
231.703098297119,2.87778806686401,2.09018806686401
231.753099679947,2.86718010902405,2.07958010902405
231.803100585938,2.86501908302307,2.07741908302307
231.85310125351,2.86854219436646,2.08094219436646
231.903103113174,2.86401081085205,2.07641081085205
231.953098773956,2.85926985740662,2.07166985740662
232.003104686737,2.86332964897156,2.07572964897156
232.053099870682,2.85972809791565,2.07212809791565
232.103100299835,2.85316705703735,2.06556705703735
232.15309882164,2.83974289894104,2.05214289894104
232.203100204468,2.84989261627197,2.06229261627197
232.253106117249,2.83925819396973,2.05165819396973
232.303101301193,2.8467230796814,2.0591230796814
232.353105545044,2.83585333824158,2.04825333824158
232.403120517731,2.84664463996887,2.05904463996887
232.453144311905,2.83599734306335,2.04839734306335
232.503150939941,2.83992624282837,2.05232624282837
232.553149223328,2.82489132881165,2.03729132881165
232.603123903275,2.82461643218994,2.03701643218994
232.653115272522,2.83107304573059,2.04347304573059
232.703117132187,2.82092308998108,2.03332308998108
232.753122329712,2.81987524032593,2.03227524032593
232.80314207077,2.82973718643188,2.04213718643188
232.853141546249,2.81011843681335,2.02251843681335
232.903118848801,2.81870985031128,2.03110985031128
232.953120470047,2.81022334098816,2.02262334098816
233.003138065338,2.81391644477844,2.02631644477844
233.053116321564,2.80956864356995,2.02196864356995
233.103118181229,2.80696225166321,2.01936225166321
233.153116703033,2.79952359199524,2.01192359199524
233.203116178513,2.80178904533386,2.01418904533386
233.253115177155,2.79786038398743,2.01026038398743
233.303119659424,2.79945802688599,2.01185802688599
233.353118419647,2.79023790359497,2.00263790359497
233.403115272522,2.79673409461975,2.00913409461975
233.453115224838,2.78721261024475,1.99961261024475
233.503116607666,2.78873181343079,2.00113181343079
233.553117752075,2.77740335464478,1.98980335464478
233.603125333786,2.79855418205261,2.01095418205261
233.653122186661,2.7837028503418,1.9961028503418
233.703119277954,2.78681993484497,1.99921993484497
233.753122806549,2.7708420753479,1.9832420753479
233.803120851517,2.78743529319763,1.99983529319763
233.853124856949,2.76800012588501,1.98040012588501
233.903127193451,2.78112292289734,1.99352292289734
233.953118085861,2.76333785057068,1.97573785057068
234.0031208992,2.78059887886047,1.99299887886047
234.053124666214,2.76464748382568,1.97704748382568
234.103136539459,2.77555680274963,1.98795680274963
234.153121709824,2.75910758972168,1.97150758972168
234.203124523163,2.77576637268066,1.98816637268066
234.253126144409,2.75369882583618,1.96609882583618
234.303126811981,2.76378297805786,1.97618297805786
234.353130578995,2.7512104511261,1.9636104511261
234.403132677078,2.76261734962463,1.97501734962463
234.453125476837,2.75130224227905,1.96370224227905
234.503126382828,2.76700496673584,1.97940496673584
234.55312371254,2.74877452850342,1.96117452850342
234.603128671646,2.75714325904846,1.96954325904846
234.653125524521,2.73858547210693,1.95098547210693
234.703125715256,2.75266408920288,1.96506408920288
234.753126144409,2.7380747795105,1.9504747795105
234.803128004074,2.74895787239075,1.96135787239075
234.853130340576,2.73586130142212,1.94826130142212
234.903132677078,2.75685501098633,1.96925501098633
234.953126907349,2.73050498962402,1.94290498962402
235.003127336502,2.74423003196716,1.95663003196716
235.053129673004,2.73100256919861,1.94340256919861
235.10312962532,2.74140119552612,1.95380119552612
235.153130531311,2.72562003135681,1.93802003135681
235.203129768372,2.74312973022461,1.95552973022461
235.253128767014,2.72746634483337,1.93986634483337
235.30312871933,2.73466968536377,1.94706968536377
235.353134155273,2.71842980384827,1.93082980384827
235.403135299683,2.73779964447021,1.95019964447022
235.453129529953,2.72424483299255,1.93664483299255
235.503131389618,2.73091077804565,1.94331077804565
235.553134441376,2.71998858451843,1.93238858451843
235.603131055832,2.73005962371826,1.94245962371826
235.653131008148,2.71437001228333,1.92677001228333
235.70313000679,2.72503042221069,1.93743042221069
235.753130435944,2.71654415130615,1.92894415130615
235.80313038826,2.727126121521,1.939526121521
235.853133440018,2.71059823036194,1.92299823036194
235.903132200241,2.72321009635925,1.93561009635925
235.953132629395,2.70894813537598,1.92134813537598
236.003131628036,2.72060394287109,1.93300394287109
236.053131818771,2.71467137336731,1.92707137336731
236.103140592575,2.72305297851562,1.93545297851563
236.153162479401,2.70310688018799,1.91550688018799
236.203175544739,2.7198703289032,1.9322703289032
236.253176689148,2.70251750946045,1.91491750946045
236.30317735672,2.7134006023407,1.9258006023407
236.353167057037,2.69796013832092,1.91036013832092
236.403170347214,2.72446727752686,1.93686727752686
236.453171253204,2.71501159667969,1.92741159667969
236.503158569336,2.73773407936096,1.95013407936096
236.553166389465,2.71605944633484,1.92845944633484
236.603156328201,2.74759578704834,1.95999578704834
236.653141021729,2.73796987533569,1.95036987533569
236.703141450882,2.75651454925537,1.96891454925537
236.753142356873,2.74776601791382,1.96016601791382
236.803145170212,2.77879166603088,1.99119166603088
236.853153944016,2.78219699859619,1.99459699859619
236.903153657913,2.79719233512878,2.00959233512878
236.953144788742,2.79995560646057,2.01235560646057
237.003145933151,2.81073427200317,2.02313427200317
237.05314874649,2.80503726005554,2.01743726005554
237.10314822197,2.81251525878906,2.02491525878906
237.153146028519,2.82314944267273,2.03554944267273
237.203146219254,2.85648036003113,2.06888036003113
237.253144979477,2.81612992286682,2.02852992286682
237.303149700165,2.86573958396912,2.07813958396912
237.353151321411,2.8607759475708,2.0731759475708
237.403149366379,2.89123845100403,2.10363845100403
237.453147411346,2.88176941871643,2.09416941871643
237.503146409988,2.90098214149475,2.11338214149475
237.553147792816,2.88398289680481,2.09638289680481
237.60315489769,2.93389368057251,2.14629368057251
237.653150320053,2.90918040275574,2.12158040275574
237.703150987625,2.93575358390808,2.14815358390808
237.753149986267,2.91458940505981,2.12698940505981
237.803152561188,2.93977403640747,2.15217403640747
237.853149175644,2.93208622932434,2.14448622932434
237.903151988983,2.94950461387634,2.16190461387634
237.953157186508,2.9421706199646,2.1545706199646
238.003155231476,2.95769000053406,2.17009000053406
238.053158760071,2.95038199424744,2.16278199424744
238.103157520294,2.9692280292511,2.1816280292511
238.153158664703,2.95986413955688,2.17226413955688
238.203159570694,2.97903752326965,2.19143752326965
238.253155231476,2.95924854278564,2.17164854278564
238.303160190582,2.98292684555054,2.19532684555054
238.353162765503,2.97229266166687,2.18469266166687
238.403161525726,2.98580813407898,2.19820813407898
238.453191041946,2.96423816680908,2.17663816680908
238.50319647789,2.9736807346344,2.1860807346344
238.553195953369,2.9552149772644,2.1676149772644
238.603199005127,2.96122622489929,2.17362622489929
238.653193235397,2.95404934883118,2.16644934883118
238.703199386597,2.95466470718384,2.16706470718384
238.753204584122,2.94571995735168,2.15811995735168
238.803203821182,2.94461989402771,2.15701989402771
238.853195667267,2.93617272377014,2.14857272377014
238.903197050095,2.93299007415771,2.14539007415771
238.95318031311,2.92838001251221,2.14078001251221
239.003173589706,2.93474507331848,2.14714507331848
239.053173303604,2.92528915405273,2.13768915405273
239.103174686432,2.92951941490173,2.14191941490173
239.153172254562,2.91753625869751,2.12993625869751
239.203171730041,2.91824340820312,2.13064340820313
239.253170490265,2.911616563797,2.124016563797
239.30317735672,2.91111898422241,2.12351898422241
239.35317492485,2.90502882003784,2.11742882003784
239.403180122375,2.90758275985718,2.11998275985718
239.45317530632,2.90299916267395,2.11539916267395
239.503176450729,2.89929246902466,2.11169246902466
239.553176641464,2.89105486869812,2.10345486869812
239.603175878525,2.89438152313232,2.10678152313232
239.653181791306,2.89109420776367,2.10349420776367
239.703180074692,2.8913300037384,2.1037300037384
239.753171205521,2.88546276092529,2.09786276092529
239.80317401886,2.88412690162659,2.09652690162659
239.853178262711,2.88186120986938,2.09426120986938
239.903180599213,2.88465070724487,2.09705070724487
239.95317363739,2.87143659591675,2.08383659591675
240.003172159195,2.8768584728241,2.0892584728241
240.053173542023,2.86883044242859,2.08123044242859
240.103172779083,2.86736345291138,2.07976345291138
240.15317440033,2.86326432228088,2.07566432228088
240.203172922134,2.86435103416443,2.07675103416443
240.253180027008,2.84732580184937,2.05972580184937
240.30317735672,2.86095929145813,2.07335929145813
240.353184700012,2.86122107505798,2.07362107505798
240.403186559677,2.85823535919189,2.07063535919189
240.453182458878,2.85538005828857,2.06778005828857
240.503176450729,2.84271597862244,2.05511597862244
240.553210258484,2.84825563430786,2.06065563430786
240.603206157684,2.84828186035156,2.06068186035156
240.653206586838,2.84623885154724,2.05863885154724
240.70318031311,2.85298323631287,2.06538323631287
240.75318145752,2.84445762634277,2.05685762634277
240.803182125092,2.84054183959961,2.05294183959961
240.853182315826,2.84219193458557,2.05459193458557
240.903184890747,2.83353519439697,2.04593519439697
240.953183412552,2.8390748500824,2.0514748500824
241.003182411194,2.83158373832703,2.04398373832703
241.053196191788,2.83560419082642,2.04800419082642
241.103190898895,2.82552003860474,2.03792003860474
241.153198242187,2.83409833908081,2.04649833908081
241.203192710876,2.82482600212097,2.03722600212097
241.253187417984,2.8291871547699,2.0415871547699
241.303208589554,2.82046484947205,2.03286484947205
241.353202819824,2.83873438835144,2.05113438835144
241.403193235397,2.81569766998291,2.02809766998291
241.453188896179,2.82554650306702,2.03794650306702
241.503186225891,2.81789779663086,2.03029779663086
241.553189277649,2.82339859008789,2.03579859008789
241.60319018364,2.81077337265015,2.02317337265015
241.65318608284,2.81386423110962,2.02626423110962
241.703189611435,2.80992221832275,2.02232221832275
241.753187656403,2.81724309921265,2.02964309921265
241.803201198578,2.80670046806335,2.01910046806335
241.853191614151,2.81102228164673,2.02342228164673
241.903190374374,2.80160570144653,2.01400570144653
241.953190326691,2.8182647228241,2.0306647228241
242.003189563751,2.80154013633728,2.01394013633728
242.053190469742,2.81017112731934,2.02257112731934
242.103194713593,2.8098042011261,2.0222042011261
242.153190612793,2.80947685241699,2.02187685241699
242.203191757202,2.79623627662659,2.00863627662659
242.25319480896,2.8056788444519,2.0180788444519
242.303203821182,2.78789401054382,2.00029401054382
242.353212594986,2.80854678153992,2.02094678153992
242.403205633163,2.79364323616028,2.00604323616028
242.453209161758,2.80522060394287,2.01762060394287
242.503222227097,2.78877115249634,2.00117115249634
242.553227186203,2.79600048065186,2.00840048065186
242.603221893311,2.78425288200378,1.99665288200378
242.653221845627,2.79053926467895,2.00293926467896
242.703199625015,2.78643989562988,1.99883989562988
242.753195762634,2.79431104660034,2.00671104660034
242.803225040436,2.77443051338196,1.98683051338196
242.853228092194,2.79259538650513,2.00499538650513
242.903232336044,2.77199482917786,1.98439482917786
242.953209400177,2.78755331039429,1.99995331039429
243.003204345703,2.77095985412598,1.98335985412598
243.053202390671,2.79148244857788,2.00388244857788
243.103200674057,2.77618551254272,1.98858551254272
243.153202295303,2.7838864326477,1.99628643264771
243.203200340271,2.76674270629883,1.97914270629883
243.253202438354,2.78257656097412,1.99497656097412
243.303205728531,2.7696373462677,1.9820373462677
243.353204488754,2.78422665596008,1.99662665596008
243.403211116791,2.76153039932251,1.97393039932251
243.453204631805,2.78482913970947,1.99722913970947
243.50320148468,2.7708420753479,1.9832420753479
243.553201436996,2.79194068908691,2.00434068908691
243.603207111359,2.78892850875854,2.00132850875854
243.653216600418,2.81872296333313,2.03112296333313
243.703219890594,2.79418015480041,2.00658015480042
243.753217458725,2.82354259490967,2.03594259490967
243.803232908249,2.81687641143799,2.02927641143799
243.853245019913,2.84126210212708,2.05366210212708
243.903219223022,2.83519840240479,2.04759840240479
243.953208684921,2.865149974823,2.077549974823
244.003209590912,2.84440541267395,2.05680541267395
244.053208112717,2.87336158752441,2.08576158752441
244.10320854187,2.86351323127747,2.07591323127747
244.153209686279,2.89645099639893,2.10885099639893
244.203211784363,2.87144947052002,2.08384947052002
244.253213167191,2.91144633293152,2.12384633293152
244.303211212158,2.88800358772278,2.10040358772278
244.353230237961,2.93347454071045,2.14587454071045
244.403218746185,2.91817784309387,2.13057784309387
244.453220129013,2.94849634170532,2.16089634170532
244.503220558166,2.92544651031494,2.13784651031494
244.553249597549,2.95886898040771,2.17126898040771
244.603252410889,2.95026445388794,2.16266445388794
244.653247833252,2.9799542427063,2.1923542427063
244.703254699707,2.95918297767639,2.17158297767639
244.753255605698,2.99053621292114,2.20293621292114
244.803260564804,2.97344517707825,2.18584517707825
244.853252410889,2.99967741966248,2.21207741966248
244.903255939484,2.98297953605652,2.19537953605652
244.953232288361,3.02060556411743,2.23300556411743
245.003255605698,3.01108431816101,2.22348431816101
245.053264141083,3.04648447036743,2.25888447036743
245.103259801865,3.01405739784241,2.22645739784241
245.153254508972,3.05093717575073,2.26333717575073
245.203254461288,3.0169780254364,2.2293780254364
245.253261327744,3.05810117721558,2.27050117721558
245.303264141083,3.04442834854126,2.25682834854126
245.353233098984,3.06747817993164,2.27987817993164
245.403235673904,3.04560708999634,2.25800708999634
245.453232765198,3.05190658569336,2.26430658569336
245.503232002258,3.02804446220398,2.24044446220398
245.553234100342,3.04758453369141,2.25998453369141
245.603230476379,3.02839827537537,2.24079827537537
245.653231620789,3.04530572891235,2.25770572891235
245.703233957291,3.01101922988892,2.22341922988892
245.753233194351,3.0387704372406,2.2511704372406
245.803232431412,3.00258493423462,2.21498493423462
245.853239536285,3.02010798454285,2.23250798454285
245.90323805809,3.00059413909912,2.21299413909912
245.953232765198,3.01854968070984,2.23094968070984
246.003232717514,2.98968482017517,2.20208482017517
246.053233385086,3.02217745780945,2.23457745780945
246.103233814239,2.98506188392639,2.19746188392639
246.153233528137,3.00699830055237,2.21939830055237
246.203233480453,2.98034715652466,2.19274715652466
246.253235816956,2.99682235717773,2.20922235717773
246.303236484528,2.96795773506165,2.18035773506165
246.353244543076,2.99071955680847,2.20311955680847
246.403237581253,2.97104859352112,2.18344859352112
246.453240394592,2.98751091957092,2.19991091957092
246.503269910812,2.9570484161377,2.1694484161377
246.553272247314,2.98016381263733,2.19256381263733
246.603265047073,2.95522785186768,2.16762785186768
246.653264284134,2.97537040710449,2.18777040710449
246.703253269196,2.94006204605103,2.15246204605103
246.753239393234,2.97082567214966,2.18322567214966
246.803241014481,2.93638181686401,2.14878181686401
246.853253126144,2.96621584892273,2.17861584892273
246.903245925903,2.93613314628601,2.14853314628601
246.953243970871,2.96164512634277,2.17404512634277
247.003244638443,2.92542028427124,2.13782028427124
247.053246259689,2.95201921463013,2.16441921463013
247.10324549675,2.92549872398376,2.13789872398376
247.153243541718,2.94311380386353,2.15551380386353
247.203248262405,2.91997218132019,2.13237218132019
247.253243923187,2.94276022911072,2.15516022911072
247.303244590759,2.91897678375244,2.13137678375244
247.353256940842,2.93939423561096,2.15179423561096
247.403252363205,2.91602993011475,2.12842993011475
247.453245162964,2.92843270301819,2.14083270301819
247.50324344635,2.91138076782227,2.12378076782227
247.553247690201,2.93179821968079,2.14419821968079
247.603251218796,2.90994024276733,2.12234024276733
247.653250217438,2.92877292633057,2.14117292633057
247.703248023987,2.90111303329468,2.11351303329468
247.753249883652,2.9280002117157,2.1404002117157
247.803251504898,2.90669226646423,2.11909226646423
247.853250980377,2.91997218132019,2.13237218132019
247.903253793716,2.89117288589478,2.10357288589478
247.953248977661,2.91174745559692,2.12414745559692
248.003249168396,2.89376592636108,2.10616592636108
248.053250074387,2.91855764389038,2.13095764389038
248.103254079819,2.88729619979858,2.09969619979858
248.153252124786,2.90956020355225,2.12196020355225
248.203251600265,2.88576412200928,2.09816412200928
248.253253221512,2.90453124046326,2.11693124046326
248.30325460434,2.88276505470276,2.09516505470276
248.3532538414,2.90141439437866,2.11381439437866
248.403259515762,2.88284349441528,2.09524349441528
248.453251361847,2.9052517414093,2.1176517414093
248.503270864487,2.87237954139709,2.08477954139709
248.553283929825,2.88796401023865,2.10036401023865
248.603279352188,2.86680030822754,2.07920030822754
248.65327835083,2.88197898864746,2.09437898864746
248.703280448914,2.87020540237427,2.08260540237427
248.753287792206,2.886798620224,2.099198620224
248.803284168243,2.86689209938049,2.07929209938049
248.853261232376,2.88856673240662,2.10096673240662
248.903259754181,2.86555624008179,2.07795624008179
248.953259706497,2.8813374042511,2.0937374042511
249.003258943558,2.8629367351532,2.0753367351532
249.053256988525,2.87777519226074,2.09017519226074
249.103258371353,2.86297607421875,2.07537607421875
249.153259277344,2.87046718597412,2.08286718597412
249.203259706497,2.8575804233551,2.0699804233551
249.253259420395,2.87265419960022,2.08505419960022
249.303258419037,2.85143804550171,2.06383804550171
249.353258609772,2.86812305450439,2.08052305450439
249.403260946274,2.85253834724426,2.06493834724426
249.453259944916,2.86253094673157,2.07493094673157
249.503258228302,2.85602188110352,2.06842188110352
249.553258419037,2.86570024490356,2.07810024490356
249.603259086609,2.85018086433411,2.06258086433411
249.653257608414,2.86600136756897,2.07840136756897
249.70325922966,2.85090112686157,2.06330112686157
249.753259658813,2.86222958564758,2.07462958564758
249.803267240524,2.84900212287903,2.06140212287903
249.853294372559,2.85689949989319,2.06929949989319
249.903297424316,2.841144323349,2.053544323349
249.953292369843,2.85242009162903,2.06482009162903
250.00329208374,2.84482407569885,2.05722407569885
250.053308963776,2.85101914405823,2.06341914405823
250.103311538696,2.84183835983276,2.05423835983276
250.153312921524,2.85295748710632,2.06535748710632
250.203300714493,2.83944153785706,2.05184153785706
250.253301382065,2.84306955337524,2.05546955337524
250.303274154663,2.84090852737427,2.05330852737427
250.35327911377,2.85001063346863,2.06241063346863
250.403276920319,2.84760069847107,2.06000069847107
250.453276157379,2.87812876701355,2.09052876701355
250.503279447556,2.88052535057068,2.09292535057068
250.553301811218,2.90193843841553,2.11433843841553
250.603299617767,2.89850687980652,2.11090687980652
250.653277635574,2.9151918888092,2.1275918888092
250.703277826309,2.92027354240417,2.13267354240417
250.753278970718,2.93450903892517,2.14690903892517
250.803282499313,2.94012761116028,2.15252761116028
250.853310585022,2.95693039894104,2.16933039894104
250.903303861618,2.95918297767639,2.17158297767639
250.953307628632,2.9705638885498,2.1829638885498
251.003295898437,2.98104119300842,2.19344119300842
251.053309202194,2.99488401412964,2.20728401412964
251.103332519531,2.99045753479004,2.20285753479004
251.153285503387,2.99669122695923,2.20909122695923
251.203284025192,3.00439214706421,2.21679214706421
251.253284931183,3.00807237625122,2.22047237625122
251.303287029266,3.02181053161621,2.23421053161621
251.353286981583,3.03278541564941,2.24518541564941
251.403289556503,3.0398051738739,2.2522051738739
251.453286409378,3.03609871864319,2.24849871864319
251.503288507462,3.04082679748535,2.25322679748535
251.553289651871,3.04338049888611,2.25578049888611
251.603286981583,3.06526470184326,2.27766470184326
251.653287410736,3.0548791885376,2.2672791885376
251.703289747238,3.07346320152283,2.28586320152283
251.753291606903,3.07808637619019,2.29048637619019
251.803288459778,3.08566904067993,2.29806904067993
251.853292703629,3.08248686790466,2.29488686790466
251.903296709061,3.08340358734131,2.29580358734131
251.953290939331,3.09010887145996,2.30250887145996
252.003290653229,3.09526896476746,2.30766896476746
252.053293466568,3.10120177268982,2.31360177268982
252.10328912735,3.10460662841797,2.31700662841797
252.153303146362,3.10822129249573,2.32062129249573
252.203294038773,3.10726547241211,2.31966547241211
252.253295898437,3.11343383789062,2.32583383789063
252.303299188614,3.11944508552551,2.33184508552551
252.353300094604,3.11744117736816,2.32984117736816
252.403300523758,3.122483253479,2.334883253479
252.453331470489,3.11070966720581,2.32310966720581
252.503336429596,3.12481474876404,2.33721474876404
252.553336381912,3.11029076576233,2.32269076576233
252.603347539902,3.10997629165649,2.32237629165649
252.653340101242,3.09652638435364,2.30892638435364
252.703338623047,3.09526896476746,2.30766896476746
252.753333568573,3.08729314804077,2.29969314804077
252.803335189819,3.08332514762878,2.29572514762878
252.853304386139,3.08306288719177,2.29546288719177
252.903308868408,3.0819365978241,2.2943365978241
252.953310966492,3.07508707046509,2.28748707046509
253.003339767456,3.07935667037964,2.29175667037964
253.053339242935,3.06488490104675,2.27728490104675
253.103385448456,3.06155848503113,2.27395848503113
253.153338909149,3.06227874755859,2.27467874755859
253.203339576721,3.06859135627747,2.28099135627747
253.253346204758,3.04634022712708,2.25874022712708
253.303341627121,3.06450533866882,2.27690533866882
253.353339910507,3.04687738418579,2.25927738418579
253.403312921524,3.04605221748352,2.25845221748352
253.453313589096,3.03379392623901,2.24619392623901
253.503311157227,3.05366110801697,2.26606110801697
253.553313970566,3.02972078323364,2.24212078323364
253.603312730789,3.03337478637695,2.24577478637695
253.653312921524,3.0245213508606,2.2369213508606
253.703311920166,3.03279876708984,2.24519876708984
253.753312826157,3.02384042739868,2.23624042739868
253.803312778473,3.02500605583191,2.23740605583191
253.853313446045,3.01743626594543,2.22983626594543
253.903321743011,3.02558255195618,2.23798255195618
253.953315973282,3.00956535339355,2.22196535339355
254.003314971924,3.01954483985901,2.23194483985901
254.053314447403,3.00253248214722,2.21493248214722
254.103318214417,3.00894975662231,2.22134975662231
254.153317689896,2.99885249137878,2.21125249137878
254.203315258026,3.00951290130615,2.22191290130615
254.253318548202,2.99187183380127,2.20427183380127
254.303317308426,3.01181793212891,2.22421793212891
254.353318214417,2.99445199966431,2.20685199966431
254.403317451477,3.00405192375183,2.21645192375183
254.45331788063,2.98865032196045,2.20105032196045
254.503318309784,3.00258493423462,2.21498493423462
254.553327083588,2.98240303993225,2.19480303993225
254.603353500366,2.992107629776,2.204507629776
254.653350353241,2.97438812255859,2.18678812255859
254.703357696533,2.9943995475769,2.2067995475769
254.753354787827,2.97834324836731,2.19074324836731
254.80334854126,2.98338532447815,2.19578532447815
254.853352069855,2.97175574302673,2.18415574302673
254.903326034546,2.98288774490356,2.19528774490356
254.953325748444,2.96948981285095,2.18188981285095
255.003323554993,2.98434138298035,2.19674138298035
255.053328752518,2.96827220916748,2.18067220916748
255.10333108902,2.97772789001465,2.19012789001465
255.153323173523,2.95640683174133,2.16880683174133
255.203325748444,2.98033404350281,2.19273404350281
255.253327608108,2.95444226264954,2.16684226264954
255.303325891495,2.97547507286072,2.18787507286072
255.353344678879,2.9487452507019,2.1611452507019
255.403338193893,2.96599316596985,2.17839316596985
255.453333854675,2.94987154006958,2.16227154006958
255.503325223923,2.96812796592712,2.18052796592712
255.553333044052,2.95021200180054,2.16261200180054
255.603406429291,2.95258235931396,2.16498235931396
255.653362989426,2.94003582000732,2.15243582000732
255.703384399414,2.9477367401123,2.1601367401123
255.753340959549,2.93773102760315,2.15013102760315
255.803334474564,2.95736265182495,2.16976265182495
255.853338956833,2.93774390220642,2.15014390220642
255.903337717056,2.95903897285461,2.17143897285461
255.953334569931,2.93830704689026,2.15070704689026
256.003334760666,2.94742226600647,2.15982226600647
256.053335905075,2.92569541931152,2.13809541931152
256.103338956833,2.94306111335754,2.15546111335754
256.15333533287,2.92915272712708,2.14155272712708
256.203335523605,2.94442319869995,2.15682319869995
256.253336906433,2.9238748550415,2.1362748550415
256.303339958191,2.93928933143616,2.15168933143616
256.353349685669,2.92222476005554,2.13462476005554
256.403340339661,2.92830157279968,2.14070157279968
256.453337192535,2.92709684371948,2.13949684371948
256.503348350525,2.94337558746338,2.15577558746338
256.553342580795,2.92222476005554,2.13462476005554
256.603355884552,2.93026614189148,2.14266614189148
256.653347253799,2.91639685630798,2.12879685630798
256.70334815979,2.93587136268616,2.14827136268616
256.753349542618,2.90994024276733,2.12234024276733
256.803358078003,2.92438578605652,2.13678578605652
256.853344202042,2.90801501274109,2.12041501274109
256.903344631195,2.92361307144165,2.13601307144165
256.953343391418,2.90441346168518,2.11681346168518
257.003344774246,2.92662501335144,2.13902501335144
257.053343057632,2.906325340271,2.118725340271
257.103358268738,2.91867542266846,2.13107542266846
257.153348922729,2.89985585212708,2.11225585212708
257.203344106674,2.9116952419281,2.1240952419281
257.253347635269,2.89715814590454,2.10955814590454
257.30335521698,2.91868877410889,2.13108877410889
257.35334944725,2.89422416687012,2.10662416687012
257.403352499008,2.92665123939514,2.13905123939514
257.453347921371,2.92369151115417,2.13609151115417
257.503350973129,2.94591617584229,2.15831617584229
257.553351163864,2.9270703792572,2.1394703792572
257.603350400925,2.95393133163452,2.16633133163452
257.653352022171,2.94467210769653,2.15707210769653
257.703352212906,2.9756715297699,2.1880715297699
257.753351926804,2.97178196907043,2.18418196907043
257.80335354805,2.99340415000916,2.20580415000916
257.853354454041,2.98929190635681,2.20169190635681
257.903356313705,2.99840712547302,2.21080712547302
257.953350543976,2.99200296401978,2.20440296401978
258.003350734711,3.02226877212524,2.23466877212524
258.053355455399,3.01458144187927,2.22698144187927
258.103353500366,3.03831219673157,2.25071219673157
258.15335559845,3.02199411392212,2.23439411392212
258.203350067139,3.05667352676392,2.26907352676392
258.253355264664,3.04241156578064,2.25481156578064
258.303367853165,3.06408619880676,2.27648619880676
258.353395700455,3.05810117721558,2.27050117721558
258.403383970261,3.06751728057861,2.27991728057861
258.453368902206,3.06214785575867,2.27454785575867
258.503386974335,3.07795524597168,2.29035524597168
258.553394317627,3.08219885826111,2.29459885826111
258.603395223618,3.10122776031494,2.31362776031494
258.653395652771,3.07261204719543,2.28501204719543
258.703395605087,3.11533284187317,2.32773284187317
258.753402471542,3.10843086242676,2.32083086242676
258.803420305252,3.12753868103027,2.33993868103027
258.853414535522,3.11545085906982,2.32785085906982
258.903411149979,3.13237118721008,2.34477118721008
258.953387022018,3.12634682655334,2.33874682655334
259.00337767601,3.14673829078674,2.35913829078674
259.053404569626,3.14046478271484,2.35286478271484
259.103402137756,3.15331292152405,2.36571292152405
259.153402090073,3.14190554618835,2.35430554618835
259.203372240067,3.15838122367859,2.37078122367859
259.253374814987,3.15088987350464,2.36328987350464
259.303380727768,3.16254568099976,2.37494568099976
259.353394985199,3.14390921592712,2.35630921592712
259.403387546539,3.15107321739197,2.36347321739197
259.453377962112,3.13575005531311,2.34815005531311
259.503375768662,3.15329957008362,2.36569957008362
259.553379774094,3.13256788253784,2.34496788253784
259.603376626968,3.12845540046692,2.34085540046692
259.653375387192,3.11810922622681,2.33050922622681
259.703375339508,3.12794494628906,2.34034494628906
259.753379821777,3.11707472801208,2.32947472801208
259.803386211395,3.12140965461731,2.33380965461731
259.85337972641,3.10959649085999,2.32199649085999
259.903380870819,3.11436367034912,2.32676367034912
259.953379392624,3.10241961479187,2.31481961479187
260.003377437592,3.10681986808777,2.31921986808777
260.053379058838,3.0952033996582,2.3076033996582
260.103377819061,3.10797262191772,2.32037262191772
260.153377532959,3.08421540260315,2.29661540260315
260.203378677368,3.09591054916382,2.30831054916382
260.253387212753,3.079749584198,2.292149584198
260.303396224976,3.08099365234375,2.29339365234375
260.353382349014,3.08388829231262,2.29628829231262
260.403382062912,3.08316779136658,2.29556779136658
260.453382015228,3.07183933258057,2.28423933258057
260.503384113312,3.07197022438049,2.28437022438049
260.55338716507,3.06543493270874,2.27783493270874
260.603419065475,3.07579445838928,2.28819445838928
260.653418064117,3.05790448188782,2.27030448188782
260.703418970108,3.05766868591309,2.27006868591309
260.753423690796,3.05783891677856,2.27023891677856
260.803425312042,3.05998682975769,2.27238682975769
260.85341835022,3.05529832839966,2.26769832839966
260.903422117233,3.06073331832886,2.27313331832886
260.953408718109,3.05439448356628,2.26679448356628
261.003406524658,3.0546567440033,2.2670567440033
261.053424835205,3.04535818099976,2.25775818099976
261.103424310684,3.04702138900757,2.25942138900757
261.153417825699,3.04453301429749,2.25693301429749
261.203419923782,3.04551529884338,2.25791529884338
261.253430843353,3.03494644165039,2.24734644165039
261.303406476974,3.03829908370972,2.25069908370972
261.35339808464,3.02813625335693,2.24053625335693
261.403402090073,3.03867888450623,2.25107888450623
261.453398704529,3.02542519569397,2.23782519569397
261.503398895264,3.03519535064697,2.24759535064697
261.553505420685,3.03336191177368,2.24576191177368
261.603500127792,3.03168535232544,2.24408535232544
261.653509616852,3.01355981826782,2.22595981826782
261.703501462936,3.02575254440308,2.23815254440308
261.753506422043,3.01357293128967,2.22597293128967
261.803510665894,3.01968884468079,2.23208884468079
261.853528499603,3.01676845550537,2.22916845550537
261.903509616852,3.01448965072632,2.22688965072632
261.953525066376,3.01417517662048,2.22657517662048
262.003512144089,3.00659251213074,2.21899251213074
262.053539991379,3.01118922233582,2.22358922233582
262.103538036346,3.01044273376465,2.22284273376465
262.153527021408,3.01383495330811,2.22623495330811
262.203522920609,3.01126790046692,2.22366790046692
262.253525257111,3.00439214706421,2.21679214706421
262.303523778915,2.99666547775269,2.20906547775269
262.353523015976,2.99483180046082,2.20723180046082
262.403529405594,2.99687504768372,2.20927504768372
262.453521728516,2.99384951591492,2.20624951591492
262.503523588181,2.99561762809753,2.20801762809753
262.553526878357,3.00064659118652,2.21304659118652
262.603526592255,2.99219942092896,2.20459942092896
262.653531551361,2.99422907829285,2.20662907829285
262.703529596329,2.98449873924255,2.19689873924255
262.753531694412,2.99390196800232,2.20630196800232
262.803530693054,2.98562502861023,2.19802502861023
262.853531837463,2.99532961845398,2.20772961845398
262.903535366058,2.97915530204773,2.19155530204773
262.953533887863,2.98583459854126,2.19823459854126
263.003531455994,2.98172211647034,2.19412211647034
263.053531646729,2.9931161403656,2.2055161403656
263.103532075882,2.97928619384766,2.19168619384766
263.153538703918,2.98609638214111,2.19849638214111
263.2035343647,2.96990895271301,2.18230895271301
263.253530263901,2.98088383674622,2.19328383674622
263.303545713425,2.97488594055176,2.18728594055176
263.353537797928,2.9811589717865,2.1935589717865
263.403538227081,2.96514201164246,2.17754201164246
263.453534841537,2.97757053375244,2.18997053375244
263.503536224365,2.96279764175415,2.17519764175415
263.553537368774,2.97602510452271,2.18842510452271
263.603537082672,2.96857309341431,2.18097309341431
263.653537988663,2.97611689567566,2.18851689567566
263.703540563583,2.9650239944458,2.1774239944458
263.753540277481,2.96557402610779,2.17797402610779
263.803541183472,2.96184158325195,2.17424158325195
263.853544473648,2.95989036560059,2.17229036560059
263.903542280197,2.94638776779175,2.15878776779175
263.953535795212,2.96673965454102,2.17913965454102
264.003533363342,2.95142984390259,2.16382984390259
264.053538560867,2.95865941047668,2.17105941047668
264.103542804718,2.95682549476624,2.16922549476624
264.153571128845,2.96240472793579,2.17480472793579
264.203582525253,2.94391226768494,2.15631226768494
264.253581047058,2.94987154006958,2.16227154006958
264.303579807281,2.94196105003357,2.15436105003357
264.353577375412,2.95744132995605,2.16984132995605
264.40357375145,2.950932264328,2.163332264328
264.453562021255,2.97231888771057,2.18471888771057
264.50358247757,2.95706129074097,2.16946129074097
264.553586959839,2.97547507286072,2.18787507286072
264.603588342667,2.97605133056641,2.18845133056641
264.653600692749,2.99318170547485,2.20558170547485
264.703593492508,2.98599147796631,2.19839147796631
264.753598451614,3.00741744041443,2.21981744041443
264.803596496582,3.0038423538208,2.2162423538208
264.853593111038,3.02254390716553,2.23494390716553
264.903594255447,3.01192259788513,2.22432259788513
264.953576564789,3.04254245758057,2.25494245758057
265.003563165665,3.03784084320068,2.25024084320068
265.053573131561,3.05883455276489,2.27123455276489
265.103569746017,3.05573034286499,2.26813034286499
265.153571605682,3.08946704864502,2.30186704864502
265.203568935394,3.07553243637085,2.28793243637085
265.253567695618,3.09918475151062,2.31158475151062
265.303569793701,3.07902908325195,2.29142908325195
265.35357093811,3.11801743507385,2.33041743507385
265.403577327728,3.10395193099976,2.31635193099976
265.453571796417,3.13157248497009,2.34397248497009
265.503570079803,3.12634682655334,2.33874682655334
265.553574323654,3.14958000183105,2.36198000183105
265.603570222855,3.14043879508972,2.35283879508972
265.653573989868,3.14418435096741,2.35658435096741
265.70357632637,3.14322829246521,2.35562829246521
265.753573894501,3.16600322723389,2.37840322723389
265.803575992584,3.15345692634583,2.36585692634583
265.853580713272,3.16694617271423,2.37934617271423
265.903576135635,3.16609501838684,2.37849501838684
265.9535779953,3.18596220016479,2.39836220016479
266.003576993942,3.17501354217529,2.38741354217529
266.053581237793,3.19274616241455,2.40514616241455
266.103578567505,3.18718028068542,2.39958028068542
266.153585195541,3.21588778495789,2.42828778495789
266.203582286835,3.20800375938416,2.42040375938416
266.25358080864,3.22673177719116,2.43913177719116
266.303587675095,3.20399618148804,2.41639618148804
266.353579282761,3.21515440940857,2.42755440940857
266.403581857681,3.1936628818512,2.4060628818512
266.453580379486,3.21252202987671,2.42492202987671
266.50358080864,3.18644666671753,2.39884666671753
266.55359172821,3.2046115398407,2.4170115398407
266.60360789299,3.17370390892029,2.38610390892029
266.653627634048,3.18704915046692,2.39944915046692
266.703621387482,3.17053461074829,2.38293461074829
266.753625392914,3.18368363380432,2.39608363380432
266.803626775742,3.16690683364868,2.37930683364868
266.853624105453,3.18078899383545,2.39318899383545
266.903621912003,3.15758204460144,2.36998204460144
266.953629016876,3.16764044761658,2.38004044761658
267.003632307053,3.15661287307739,2.36901287307739
267.053631782532,3.17075705528259,2.38315705528259
267.10364818573,3.15407228469849,2.36647228469849
267.153644323349,3.16468048095703,2.37708048095703
267.203609466553,3.14045190811157,2.35285190811157
267.253641843796,3.14825749397278,2.36065749397278
267.303632259369,3.13501691818237,2.34741691818237
267.353600263596,3.15496277809143,2.36736277809143
267.403597831726,3.13326191902161,2.34566191902161
267.453600406647,3.14609622955322,2.35849622955322
267.503597974777,3.11712694168091,2.32952694168091
267.553598642349,3.1460440158844,2.3584440158844
267.603599786758,3.11715316772461,2.32955316772461
267.653601646423,3.14089727401733,2.35329727401733
267.703598022461,3.11094522476196,2.32334522476196
267.753601551056,3.1277482509613,2.3401482509613
267.803603887558,3.10747480392456,2.31987480392456
267.853605747223,3.12934589385986,2.34174589385986
267.903604269028,3.10177779197693,2.31417779197693
267.953601121902,3.12267994880676,2.33507994880676
268.003601312637,3.1058247089386,2.3182247089386
268.053603172302,3.12249660491943,2.33489660491943
268.103601694107,3.10035014152527,2.31275014152527
268.153601884842,3.11700916290283,2.32940916290283
268.20360159874,3.08442497253418,2.29682497253418
268.25360417366,3.1093213558197,2.3217213558197
268.303600788116,3.09166741371155,2.30406741371155
268.353603124619,3.11192750930786,2.32432750930786
268.403604030609,3.07847929000854,2.29087929000854
268.453605175018,3.10429239273071,2.31669239273071
268.503602981567,3.07711720466614,2.28951720466614
268.553607225418,3.09186387062073,2.30426387062073
268.603605270386,3.07187843322754,2.28427843322754
268.653605461121,3.09052801132202,2.30292801132202
268.703603029251,3.07397413253784,2.28637413253784
268.753608465195,3.08824896812439,2.30064896812439
268.803606510162,3.06282877922058,2.27522877922058
268.853610038757,3.08708357810974,2.29948357810974
268.903616905212,3.063640832901,2.276040832901
268.953609704971,3.0840322971344,2.2964322971344
269.003607988358,3.05528545379639,2.26768545379639
269.053609609604,3.07479906082153,2.28719906082153
269.103608846664,3.04442834854126,2.25682834854126
269.153619289398,3.07025456428528,2.28265456428528
269.203617811203,3.05245637893677,2.26485637893677
269.253629684448,3.06385040283203,2.27625040283203
269.303636074066,3.04463768005371,2.25703768005371
269.353647470474,3.06767463684082,2.28007463684082
269.403648614883,3.04514861106873,2.25754861106873
269.453635454178,3.06158471107483,2.27398471107483
269.503636360168,3.04275178909302,2.25515178909302
269.553618431091,3.05461740493774,2.26701740493774
269.603615522385,3.03261518478394,2.24501518478394
269.653616666794,3.05854630470276,2.27094630470276
269.703617095947,3.02693128585815,2.23933128585815
269.753620862961,3.04953575134277,2.26193575134277
269.803619384766,3.02657771110535,2.23897771110535
269.853830099106,3.04691672325134,2.25931672325134
269.903792381287,3.02044868469238,2.23284868469238
269.953792095184,3.04192686080933,2.25432686080933
270.003793239594,3.02339506149292,2.23579506149292
270.0537981987,3.04182195663452,2.25422195663452
270.103790998459,3.02484917640686,2.23724917640686
270.153795003891,3.03750014305115,2.24990014305115
270.203790664673,3.01714825630188,2.22954825630188
270.253790378571,3.04339361190796,2.25579361190796
270.303786754608,3.02092003822327,2.23332003822327
270.353787899017,3.03691077232361,2.24931077232361
270.403789043426,3.01103210449219,2.22343210449219
270.453784704208,3.03329634666443,2.24569634666443
270.503786802292,3.01289200782776,2.22529200782776
270.55378651619,3.03313899040222,2.24553899040222
270.603786230087,3.00970935821533,2.22210935821533
270.65379858017,3.03131890296936,2.24371890296936
270.703824043274,3.00123620033264,2.21363620033264
270.75383067131,3.02628970146179,2.23868970146179
270.803832769394,3.00503420829773,2.21743420829773
270.853828191757,3.0266432762146,2.2390432762146
270.903830528259,2.99787020683289,2.21027020683289
270.95382809639,3.02862071990967,2.24102071990967
271.003831386566,3.00124907493591,2.21364907493591
271.053853988647,3.01966261863708,2.23206261863708
271.103806972504,2.99328637123108,2.20568637123108
271.1538002491,3.01669001579285,2.22909001579285
271.203798770905,2.99176692962646,2.20416692962646
271.253800392151,3.01387405395508,2.22627405395508
271.303799629211,2.992107629776,2.204507629776
271.353800535202,3.02220344543457,2.23460344543457
271.40380525589,2.98698711395264,2.19938711395264
271.453803062439,3.02085447311401,2.23325447311401
271.503800868988,3.00227069854736,2.21467069854736
271.553802251816,3.03718590736389,2.24958590736389
271.603799819946,3.02657771110535,2.23897771110535
271.653803825378,3.05525898933411,2.26765898933411
271.703803062439,3.05718445777893,2.26958445777893
271.753809928894,3.08496189117432,2.29736189117432
271.803803920746,3.05798316001892,2.27038316001892
271.853803157806,3.0993812084198,2.3117812084198
271.903805494308,3.08221173286438,2.29461173286438
271.953804016113,3.12473583221436,2.33713583221436
272.003803253174,3.10324478149414,2.31564478149414
272.05380153656,3.14345097541809,2.35585097541809
272.103803634644,3.13258075714111,2.34498075714111
272.153809070587,3.15170192718506,2.36410192718506
272.203805685043,3.1296079158783,2.3420079158783
272.253804206848,3.18752074241638,2.39992074241638
272.303807497025,3.16369819641113,2.37609819641113
272.353808879852,3.19488096237183,2.40728096237183
272.403813838959,3.16428732872009,2.37668732872009
272.453807353973,3.19192123413086,2.40432123413086
272.503809928894,3.18676114082336,2.39916114082336
272.55381155014,3.21466970443726,2.42706970443726
272.60382938385,3.20135068893433,2.41375068893433
272.653849363327,3.22129678726196,2.43369678726196
272.703850030899,3.21004676818848,2.42244676818848
272.753843545914,3.23929119110107,2.45169119110107
272.803850412369,3.22313022613525,2.43553022613525
272.853842973709,3.25796699523926,2.47036699523926
272.903849840164,3.22527813911438,2.43767813911438
272.953847408295,3.26592946052551,2.47832946052551
273.00385260582,3.24980783462524,2.46220783462524
273.053856372833,3.27050018310547,2.48290018310547
273.103860378265,3.25923728942871,2.47163728942871
273.153853178024,3.28469681739807,2.49709681739807
273.203851461411,3.27423286437988,2.48663286437988
273.25382566452,3.31007790565491,2.52247790565491
273.303823471069,3.27584362030029,2.48824362030029
273.353825092316,3.30080556869507,2.51320556869507
273.403826951981,3.27958917617798,2.49198917617798
273.453825950623,3.28228712081909,2.49468712081909
273.503821372986,3.27258253097534,2.48498253097534
273.553822517395,3.28825926780701,2.50065926780701
273.603822469711,3.26455450057983,2.47695450057983
273.653825521469,3.27694368362427,2.48934368362427
273.7038230896,3.25898838043213,2.47138838043213
273.753823757172,3.2730016708374,2.4854016708374
273.803826332092,3.24179267883301,2.45419267883301
273.853825330734,3.26426649093628,2.47666649093628
273.90382361412,3.24318099021912,2.45558099021912
273.953828334808,3.2566704750061,2.4690704750061
274.003831148148,3.23221921920776,2.44461921920776
274.053823471069,3.24492263793945,2.45732263793945
274.103823661804,3.22332644462585,2.43572644462585
274.153824806213,3.23815202713013,2.45055202713013
274.203825712204,3.2140805721283,2.4264805721283
274.253823518753,3.23093581199646,2.44333581199646
274.303827524185,3.20656299591064,2.41896299591064
274.353825330734,3.22450542449951,2.43690542449951
274.403831958771,3.2013373374939,2.4137373374939
274.453829288483,3.21608400344849,2.42848400344849
274.503853082657,3.19418692588806,2.40658692588806
274.553868055344,3.20623588562012,2.41863588562012
274.603859186172,3.18283200263977,2.39523200263977
274.65385389328,3.20277810096741,2.41517810096741
274.703833341598,3.17688632011414,2.38928632011414
274.753831863403,3.19765758514404,2.41005758514404
274.80383348465,3.16841292381287,2.38081292381287
274.853832006454,3.19378089904785,2.40618089904785
274.90384554863,3.16587209701538,2.37827209701538
274.953840732574,3.18445634841919,2.39685634841919
275.003839731216,3.16189074516296,2.37429074516296
275.053833246231,3.18232154846191,2.39472154846191
275.103834629059,3.15860366821289,2.37100366821289
275.153840303421,3.17268228530884,2.38508228530884
275.203835010529,3.15446496009827,2.36686496009827
275.253834247589,3.16998434066772,2.38238434066772
275.303836345673,3.151282787323,2.363682787323
275.353838920593,3.16409111022949,2.37649111022949
275.403840065002,3.14631915092468,2.35871915092468
275.453838348389,3.15864300727844,2.37104300727844
275.503841638565,3.13276433944702,2.34516433944702
275.553836107254,3.15087652206421,2.36327652206421
275.603840827942,3.1320309638977,2.34443096389771
275.653837680817,3.14650249481201,2.35890249481201
275.703844547272,3.12765645980835,2.34005645980835
275.753842115402,3.14789056777954,2.36029056777954
275.803841352463,3.1232693195343,2.3356693195343
275.853845357895,3.13457155227661,2.34697155227661
275.903847932816,3.11733651161194,2.32973651161194
275.953841924667,3.13248920440674,2.34488920440674
276.003843069077,3.11462545394897,2.32702545394897
276.05384516716,3.12288951873779,2.33528951873779
276.103850126266,3.1125955581665,2.3249955581665
276.153853178024,3.12034893035889,2.33274893035889
276.203846931458,3.10468554496765,2.31708554496765
276.253849029541,3.11809611320496,2.33049611320496
276.303848743439,3.09356641769409,2.30596641769409
276.353850603104,3.12036180496216,2.33276180496216
276.403850317001,3.09698462486267,2.30938462486267
276.453846693039,3.11763787269592,2.33003787269592
276.503845930099,3.1014506816864,2.3138506816864
276.553844690323,3.11470413208008,2.32710413208008
276.603845357895,3.08923125267029,2.30163125267029
276.653847455978,3.10747480392456,2.31987480392456
276.703846693039,3.08902168273926,2.30142168273926
276.75384759903,3.10480308532715,2.31720308532715
276.803849458694,3.09084224700928,2.30324224700928
276.853851556778,3.10438418388367,2.31678418388367
276.90385055542,3.08407139778137,2.29647139778137
276.953847885132,3.09691905975342,2.30931905975342
277.003852367401,3.08064007759094,2.29304007759094
277.053849458694,3.10019326210022,2.31259326210022
277.103851079941,3.07926487922668,2.29166487922668
277.153849124908,3.09407711029053,2.30647711029053
277.203855752945,3.07572913169861,2.28812913169861
277.253851175308,3.09877896308899,2.31117896308899
277.303852081299,3.06844735145569,2.28084735145569
277.353854894638,3.09081602096558,2.30321602096558
277.403856992722,3.06826376914978,2.28066376914978
277.453853607178,3.08950638771057,2.30190638771057
277.503851652145,3.06733393669128,2.27973393669128
277.553854465485,3.09048867225647,2.30288867225647
277.603858470917,3.06210875511169,2.27450875511169
277.653860807419,3.07551956176758,2.28791956176758
277.703858375549,3.06083798408508,2.27323798408508
277.75385594368,3.07980179786682,2.29220179786682
277.803856134415,3.06171560287476,2.27411560287476
277.853857517242,3.07610869407654,2.28850869407654
277.903856754303,3.05819249153137,2.27059249153137
277.953855276108,3.08172702789307,2.29412702789307
278.003855466843,3.05106830596924,2.26346830596924
278.053854227066,3.07431435585022,2.28671435585022
278.103854656219,3.04771566390991,2.26011566390991
278.15385890007,3.06749129295349,2.27989129295349
278.203857183456,3.04414010047913,2.25654010047913
278.253871917725,3.05823183059692,2.27063183059692
278.30390048027,3.04940509796143,2.26180509796143
278.353889226913,3.05920124053955,2.27160124053955
278.403889656067,3.05101561546326,2.26341561546326
278.453863859177,3.0669674873352,2.27936748733521
278.503886938095,3.05578303337097,2.26818303337097
278.553902387619,3.06945562362671,2.28185562362671
278.603896141052,3.06856513023376,2.28096513023376
278.653888702393,3.0950071811676,2.3074071811676
278.70387506485,3.08263087272644,2.29503087272644
278.753864765167,3.10114932060242,2.31354932060242
278.803864717484,3.10114932060242,2.31354932060242
278.853864908218,3.11882972717285,2.33122972717285
278.903871774673,3.11729717254639,2.32969717254639
278.953867673874,3.14320206642151,2.35560206642151
279.003866672516,3.13687634468079,2.34927634468079
279.053869485855,3.15316843986511,2.36556843986511
279.103869199753,3.15180659294128,2.36420659294128
279.153868913651,3.17627096176147,2.38867096176147
279.203869581223,3.16963076591492,2.38203076591492
279.253871202469,3.17995119094849,2.39235119094849
279.303869485855,3.17837929725647,2.39077929725647
279.353868246078,3.20201873779297,2.41441873779297
279.403871297836,3.192706823349,2.405106823349
279.453871011734,3.22546124458313,2.43786124458313
279.50386929512,3.21878218650818,2.43118218650818
279.553869009018,3.24091529846191,2.45331529846191
279.603869199753,3.23999834060669,2.45239834060669
279.653871536255,3.24845886230469,2.46085886230469
279.703871250153,3.23702573776245,2.44942573776245
279.753873586655,3.25672268867493,2.46912268867493
279.803883552551,3.252361536026,2.464761536026
279.853881835938,3.29209637641907,2.50449637641907
279.903875589371,3.26904654502869,2.48144654502869
279.953872680664,3.2926332950592,2.5050332950592
280.003875017166,3.29564571380615,2.50804571380615
280.05387377739,3.30865025520325,2.52105025520325
280.103872299194,3.29502987861633,2.50742987861633
280.153873443603,3.32984042167664,2.54224042167664
280.203875541687,3.32017540931702,2.53257540931702
280.253875255585,3.34008193016052,2.55248193016052
280.303876399994,3.33371734619141,2.54611734619141
280.353875637054,3.34860801696777,2.56100801696777
280.40388250351,3.33416223526001,2.54656223526001
280.453893661499,3.35092616081238,2.56332616081238
280.503914117813,3.335524559021,2.547924559021
280.553918123245,3.34492778778076,2.55732778778076
280.603917360306,3.32363271713257,2.53603271713257
280.653921604156,3.33442449569702,2.54682449569702
280.703921794891,3.32217907905579,2.53457907905579
280.753923892975,3.33323264122009,2.54563264122009
280.803934574127,3.30811357498169,2.52051357498169
280.853922843933,3.31796216964722,2.53036216964722
280.903932571411,3.30299258232117,2.51539258232117
280.9539103508,3.31216025352478,2.52456025352478
281.003934860229,3.29674577713013,2.50914577713013
281.053932666779,3.31011724472046,2.52251724472046
281.103927612305,3.29500365257263,2.50740365257263
281.153926610947,3.29853987693787,2.51093987693787
281.203953742981,3.27989053726196,2.49229053726196
281.253928184509,3.28873062133789,2.50113062133789
281.303900241852,3.27911782264709,2.49151782264709
281.353899478912,3.28673982620239,2.49913982620239
281.403899431229,3.27057886123657,2.48297886123657
281.453898191452,3.28013920783997,2.49253920783997
281.50390958786,3.27010750770569,2.48250750770569
281.55390048027,3.26941323280334,2.48181323280334
281.603899240494,3.25918483734131,2.47158483734131
281.653899669647,3.27222895622253,2.48462895622253
281.703900575638,3.25026607513428,2.46266607513428
281.753901958466,3.25934195518494,2.47174195518494
281.803900003433,3.24443817138672,2.45683817138672
281.853901863098,3.25203418731689,2.46443418731689
281.90390086174,3.23773288726807,2.45013288726807
281.953901052475,3.24686098098755,2.45926098098755
282.003899335861,3.2314465045929,2.4438465045929
282.053901672363,3.24183201789856,2.45423201789856
282.103900671005,3.21962022781372,2.43202022781372
282.153900146484,3.2282247543335,2.4406247543335
282.203902482986,3.22373270988464,2.43613270988464
282.25390458107,3.23608255386353,2.44848255386353
282.303902387619,3.2186906337738,2.4310906337738
282.353901863098,3.22083830833435,2.43323830833435
282.403903484344,3.20716547966003,2.41956547966003
282.453908920288,3.21876907348633,2.43116907348633
282.503906726837,3.20930027961731,2.42170027961731
282.553908348084,3.20797753334045,2.42037753334045
282.603910207748,3.20628809928894,2.41868809928894
282.65390586853,3.20838356018066,2.42078356018066
282.703907012939,3.20496511459351,2.41736511459351
282.753906726837,3.19757890701294,2.40997890701294
282.803910017014,3.18708848953247,2.39948848953247
282.853922128677,3.19857430458069,2.41097430458069
282.90390753746,3.19422602653503,2.40662602653503
282.953907251358,3.20014595985413,2.41254595985413
283.003908395767,3.18706250190735,2.39946250190735
283.053908109665,3.19260215759277,2.40500215759277
283.10391163826,3.18133926391602,2.39373926391602
283.15391087532,3.18973422050476,2.40213422050476
283.203918457031,3.17982006072998,2.39222006072998
283.253910064697,3.17223691940308,2.38463691940308
283.303910017014,3.18202018737793,2.39442018737793
283.353913784027,3.17786860466003,2.39026860466003
283.403918266296,3.17328476905823,2.38568476905823
283.453915119171,3.17180490493774,2.38420490493774
283.503910779953,3.16337060928345,2.37577060928345
283.553915977478,3.17983293533325,2.39223293533325
283.603913068771,3.17577314376831,2.38817314376831
283.653912305832,3.17151689529419,2.38391689529419
283.703911304474,3.16073846817017,2.37313846817017
283.753916978836,3.16748309135437,2.37988309135437
283.803915023804,3.16779732704163,2.38019732704163
283.853922367096,3.16549253463745,2.37789253463745
283.903914690018,3.15932393074036,2.37172393074036
283.953915834427,3.15917992591858,2.37157992591858
284.003923892975,3.15876078605652,2.37116078605652
284.053921222687,3.14977669715881,2.36217669715881
284.103919744492,3.15102076530457,2.36342076530457
284.153924942017,3.15273642539978,2.36513642539978
284.20392537117,3.15138745307922,2.36378745307922
284.253922224045,3.14758944511414,2.35998944511414
284.303925037384,3.14390921592712,2.35630921592712
284.353919744492,3.1440532207489,2.3564532207489
284.403920888901,3.13668012619019,2.34908012619019
284.453924894333,3.1371386051178,2.3495386051178
284.503958940506,3.14372587203979,2.35612587203979
284.553958415985,3.13554048538208,2.34794048538208
284.603962182999,3.14056968688965,2.35296968688965
284.653961658478,3.13144159317017,2.34384159317017
284.703965187073,3.13412618637085,2.34652618637085
284.753960847855,3.13275098800659,2.34515098800659
284.803954362869,3.13395595550537,2.34635595550537
284.85397362709,3.12956881523132,2.34196881523132
284.903933048248,3.12913632392883,2.34153632392883
284.953934431076,3.13044619560242,2.34284619560242
285.003951787949,3.12922811508179,2.34162811508179
285.053975105286,3.12603259086609,2.33843259086609
285.103965759277,3.12808895111084,2.34048895111084
285.153968572617,3.12357044219971,2.33597044219971
285.203984498978,3.12281107902527,2.33521107902527
285.253967523575,3.1167733669281,2.3291733669281
285.303962230682,3.12185502052307,2.33425502052307
285.353945493698,3.11758542060852,2.32998542060852
285.403939008713,3.11012029647827,2.32252029647827
285.453940629959,3.1201000213623,2.3325000213623
285.50393652916,3.10761904716492,2.32001904716492
285.553936958313,3.10879755020142,2.32119755020142
285.603935480118,3.11132526397705,2.32372526397705
285.653938531876,3.10737013816833,2.31977013816833
285.703935146332,3.10442328453064,2.31682328453064
285.753937005997,3.10209226608276,2.31449226608276
285.803947687149,3.10452818870544,2.31692818870544
285.853939294815,3.09639525413513,2.30879525413513
285.903940200806,3.10621762275696,2.31861762275696
285.953940153122,3.09365797042847,2.30605797042847
286.003942012787,3.09959077835083,2.31199077835083
286.053938865662,3.09194231033325,2.30434231033325
286.103938102722,3.09613347053528,2.30853347053528
286.153940677643,3.08855032920837,2.30095032920837
286.203946590424,3.09702396392822,2.30942396392822
286.25394153595,3.08707046508789,2.29947046508789
286.303949117661,3.097416639328,2.309816639328
286.353956699371,3.08480501174927,2.29720501174927
286.403953552246,3.07896399497986,2.29136399497986
286.453950643539,3.08374381065369,2.29614381065369
286.503952026367,3.08917903900146,2.30157903900146
286.553954124451,3.08158302307129,2.29398302307129
286.603949069977,3.08519768714905,2.29759768714905
286.653959512711,3.06654834747314,2.27894834747314
286.703989028931,3.08777761459351,2.30017761459351
286.753984928131,3.06324791908264,2.27564791908264
286.803989887238,3.07202243804932,2.28442243804932
286.853988647461,3.05136919021606,2.26376919021606
286.90398311615,3.05821895599365,2.27061895599365
286.953988790512,3.04677271842957,2.25917271842957
287.003994464874,3.03396415710449,2.24636415710449
287.053991317749,3.01642775535583,2.22882775535583
287.103989601135,3.02069759368896,2.23309759368896
287.15399479866,3.00138020515442,2.21378020515442
287.203991174698,2.99381041526794,2.20621041526794
287.25398683548,2.97908973693848,2.19148973693848
287.303959846497,2.9841320514679,2.1965320514679
287.353968381882,2.95894742012024,2.17134742012024
287.403970479965,2.96004748344421,2.17244748344421
287.453966140747,2.94180417060852,2.15420417060852
287.503970861435,2.95731019973755,2.16971019973755
287.553968906403,2.9344437122345,2.1468437122345
287.603961706162,2.95012021064758,2.16252021064758
287.653960227966,2.93782258033752,2.15022258033752
287.703963518143,2.95218968391418,2.16458968391418
287.753965139389,2.93695831298828,2.14935831298828
287.803967237473,2.95025134086609,2.16265134086609
287.85396361351,2.93211245536804,2.14451245536804
287.903963327408,2.94365048408508,2.15605048408508
287.953977108002,2.93334364891052,2.14574364891052
288.003975868225,2.94076943397522,2.15316943397522
288.053965091705,2.94156837463379,2.15396837463379
288.10396528244,2.94757962226868,2.15997962226868
288.153962850571,2.93634271621704,2.14874271621704
288.203963041306,2.93558311462402,2.14798311462402
288.253965616226,2.93361878395081,2.14601878395081
288.303967475891,2.94430541992187,2.15670541992188
288.353970527649,2.93356609344482,2.14596609344482
288.403967618942,2.94264197349548,2.15504197349548
288.453964471817,2.93340921401978,2.14580921401978
288.503963947296,2.93221735954285,2.14461735954285
288.553963899612,2.9268217086792,2.1392217086792
288.603979110718,2.94160747528076,2.15400747528076
288.653994321823,2.91601705551147,2.12841705551147
288.703991651535,2.93178510665894,2.14418510665894
288.753980875015,2.92200207710266,2.13440207710266
288.803976774216,2.94636154174805,2.15876154174805
288.853981733322,2.92549872398376,2.13789872398376
288.903972625732,2.9313006401062,2.1437006401062
288.953976154327,2.91896343231201,2.13136343231201
289.003976106644,2.93839907646179,2.15079907646179
289.053973197937,2.92823600769043,2.14063600769043
289.103980064392,2.92966365814209,2.14206365814209
289.153982639313,2.91829562187195,2.13069562187195
289.203984498978,2.92993855476379,2.14233855476379
289.253983259201,2.91895055770874,2.13135055770874
289.30398106575,2.93820238113403,2.15060238113403
289.353983879089,2.91672420501709,2.12912420501709
289.403985500336,2.93014788627625,2.14254788627625
289.453983783722,2.91690754890442,2.12930754890442
289.503987312317,2.93350100517273,2.14590100517273
289.55398774147,2.9117865562439,2.1241865562439
289.603988885879,2.93589758872986,2.14829758872986
289.653986930847,2.915846824646,2.128246824646
289.703988075256,2.93010878562927,2.14250878562927
289.754005670547,2.91545391082764,2.12785391082764
289.803986549377,2.9258394241333,2.1382394241333
289.853985309601,2.91984105110168,2.13224105110168
289.903985261917,2.92724084854126,2.13964084854126
289.953989028931,2.90518617630005,2.11758617630005
290.003987789154,2.92984700202942,2.14224700202942
290.05398774147,2.9125988483429,2.1249988483429
290.103986024857,2.92466044425964,2.13706044425964
290.153989076614,2.9107129573822,2.1231129573822
290.203987598419,2.92755508422852,2.13995508422852
290.253990411758,2.90534329414368,2.11774329414368
290.303987264633,2.92523694038391,2.13763694038391
290.353989839554,2.90227866172791,2.11467866172791
290.403988599777,2.92418909072876,2.13658909072876
290.453987360001,2.90827703475952,2.12067703475952
290.503989696503,2.92062711715698,2.13302711715698
290.55398774147,2.91079139709473,2.12319139709473
290.603986978531,2.91697311401367,2.12937311401367
290.653986692429,2.90650916099548,2.11890916099548
290.703989505768,2.91121053695679,2.12361053695679
290.753988742828,2.90863060951233,2.12103060951233
290.803989648819,2.92758107185364,2.13998107185364
290.853996276855,2.90565752983093,2.11805752983093
290.903993368149,2.91745758056641,2.12985758056641
290.953989028931,2.91145920753479,2.12385920753479
291.003989696503,2.93178510665894,2.14418510665894
291.053996324539,2.90305137634277,2.11545137634277
291.104019403458,2.91802072525024,2.13042072525024
291.154026985168,2.89313721656799,2.10553721656799
291.204030275345,2.92109847068787,2.13349847068787
291.254034280777,2.90555286407471,2.11795286407471
291.304029226303,2.91918635368347,2.13158635368347
291.354029417038,2.89776039123535,2.11016039123535
291.404011964798,2.91610860824585,2.12850860824585
291.453997612,2.89438152313232,2.10678152313232
291.503993749619,2.91401314735413,2.12641314735413
291.553994178772,2.89943695068359,2.11183695068359
291.604003190994,2.90948176383972,2.12188176383972
291.654004096985,2.89503622055054,2.10743622055054
291.704001665115,2.9107391834259,2.1231391834259
291.754001140594,2.89963316917419,2.11203316917419
291.804007291794,2.90434789657593,2.11674789657593
291.853996276855,2.8984546661377,2.1108546661377
291.903995037079,2.91521811485291,2.12761811485291
291.953996419907,2.89723658561707,2.10963658561707
292.003998994827,2.91086983680725,2.12326983680725
292.053996801376,2.89040017127991,2.10280017127991
292.103995800018,2.91045117378235,2.12285117378235
292.153994560242,2.8899941444397,2.1023941444397
292.203995704651,2.90995311737061,2.12235311737061
292.25399684906,2.88068270683289,2.09308270683289
292.304002285004,2.90005230903625,2.11245230903625
292.353999376297,2.89186692237854,2.10426692237854
292.404004812241,2.90763545036316,2.12003545036316
292.453999757767,2.88973236083984,2.10213236083984
292.50400018692,2.9011914730072,2.1135914730072
292.554004430771,2.88162541389465,2.09402541389465
292.604001998901,2.89040017127991,2.10280017127991
292.654003620148,2.87040162086487,2.08280162086487
292.704004764557,2.8815860748291,2.0939860748291
292.754002809525,2.86186289787292,2.07426289787292
292.804004430771,2.865149974823,2.077549974823
292.854007482529,2.84653997421265,2.05893997421265
292.904003143311,2.85242009162903,2.06482009162903
292.954003095627,2.83553910255432,2.04793910255432
293.004003763199,2.83659982681274,2.04899982681274
293.054001808167,2.81399512290955,2.02639512290955
293.104011535645,2.8259129524231,2.0383129524231
293.154039859772,2.79203224182129,2.00443224182129
293.204039096832,2.79968047142029,2.01208047142029
293.254040002823,2.77687978744507,1.98927978744507
293.304039478302,2.78172516822815,1.99412516822815
293.354011535645,2.76236867904663,1.97476867904663
293.404016971588,2.76318049430847,1.97558049430847
293.454012155533,2.73874258995056,1.95114258995056
293.504012823105,2.75030660629272,1.96270660629272
293.554011583328,2.72721767425537,1.93961767425537
293.604011297226,2.72488641738892,1.93728641738892
293.654011964798,2.70272707939148,1.91512707939148
293.704013109207,2.70949816703796,1.92189816703796
293.754012346268,2.69044256210327,1.90284256210327
293.804013490677,2.69917798042297,1.91157798042297
293.854014635086,2.67227792739868,1.88467792739868
293.904022932053,2.68175959587097,1.89415959587097
293.954014539719,2.65013146400452,1.86253146400452
294.004016637802,2.66164350509644,1.87404350509644
294.054020404816,2.636563539505,1.84896353950501
294.104022026062,2.63630151748657,1.84870151748657
294.154015541077,2.63192749023437,1.84432749023438
294.204015254974,2.61841177940369,1.83081177940369
294.254019737244,2.60011601448059,1.81251601448059
294.304016590118,2.61651277542114,1.82891277542114
294.354020118713,2.61187648773193,1.82427648773193
294.404016494751,2.61697125434875,1.82937125434876
294.454018354416,2.60446429252625,1.81686429252625
294.504018545151,2.61228275299072,1.82468275299072
294.554017543793,2.60545945167541,1.81785945167542
294.604023456573,2.61353969573975,1.82593969573975
294.65402841568,2.60916566848755,1.82156566848755
294.704064130783,2.61647367477417,1.82887367477417
294.754061698914,2.60421514511108,1.81661514511108
294.804066181183,2.61355304718018,1.82595304718018
294.854061126709,2.60205435752869,1.81445435752869
294.90408205986,2.61170625686645,1.82410625686646
294.95406627655,2.60321974754333,1.81561974754334
295.00405216217,2.61748218536377,1.82988218536377
295.054029464722,2.60345554351807,1.81585554351807
295.104032754898,2.61270189285278,1.82510189285278
295.1540350914,2.59661936759949,1.80901936759949
295.204067707062,2.61177182197571,1.82417182197571
295.254072666168,2.59874081611633,1.81114081611633
295.304066419601,2.61617231369019,1.82857231369019
295.354069232941,2.61056709289551,1.82296709289551
295.404045581818,2.61038374900818,1.82278374900818
295.454034328461,2.60487008094788,1.81727008094788
295.504036664963,2.61619853973389,1.82859853973389
295.554038286209,2.61097311973572,1.82337311973572
295.604035377502,2.61114311218262,1.82354311218262
295.654035568237,2.60667729377747,1.81907729377747
295.704037666321,2.61741662025452,1.82981662025452
295.754038095474,2.6078953742981,1.8202953742981
295.804036140442,2.62279915809631,1.83519915809631
295.85403752327,2.60367822647095,1.81607822647095
295.904037237167,2.61512470245361,1.82752470245361
295.954037666321,2.60456895828247,1.81696895828247
296.004041910171,2.61415553092957,1.82655553092957
296.054037094116,2.61185026168823,1.82425026168823
296.104037046432,2.61426019668579,1.82666019668579
296.154037952423,2.60632371902466,1.81872371902466
296.204038858414,2.61752128601074,1.82992128601074
296.254041433334,2.60857629776001,1.82097629776001
296.304045200348,2.61143159866333,1.82383159866333
296.354042291641,2.60781669616699,1.82021669616699
296.404040813446,2.61519002914429,1.82759002914429
296.454043626785,2.60782980918884,1.82022980918884
296.504050970077,2.61190295219421,1.82430295219421
296.554048538208,2.60289239883423,1.81529239883423
296.604044675827,2.60988616943359,1.82228616943359
296.654042482376,2.60840630531311,1.82080630531311
296.704047679901,2.61336970329285,1.82576970329285
296.754055738449,2.60429382324219,1.81669382324219
296.804050922394,2.61126112937927,1.82366112937927
296.854053735733,2.60633683204651,1.81873683204651
296.904058218002,2.61639499664307,1.82879499664307
296.954052448273,2.60390114784241,1.81630114784241
297.004052400589,2.61059331893921,1.82299331893921
297.054056406021,2.60747623443604,1.81987623443604
297.104047060013,2.60940146446228,1.82180146446228
297.154049634933,2.6125316619873,1.8249316619873
297.204046487808,2.61536026000977,1.82776026000977
297.254066705704,2.61162781715393,1.82402781715393
297.304055452347,2.61288523674011,1.82528523674011
297.354058265686,2.60720109939575,1.81960109939575
297.404052734375,2.61236119270325,1.82476119270325
297.454050302506,2.60116386413574,1.81356386413574
297.504053115845,2.61720705032349,1.82960705032349
297.554052114487,2.61039662361145,1.82279662361145
297.604050159454,2.61721992492676,1.82961992492676
297.654052734375,2.60989904403687,1.82229904403687
297.704051494598,2.60970258712769,1.82210258712769
297.754050970078,2.61187648773193,1.82427648773193
297.804069519043,2.61202073097229,1.82442073097229
297.854056596756,2.60961103439331,1.82201103439331
297.904055833817,2.60644173622131,1.81884173622131
297.954053640366,2.60344266891479,1.8158426689148
298.004059314728,2.61443066596985,1.82683066596985
298.054054021835,2.61470556259155,1.82710556259155
298.104053020477,2.61473155021667,1.82713155021668
298.154052734375,2.61702346801758,1.82942346801758
298.20405459404,2.61680102348328,1.82920102348328
298.254053354263,2.61342191696167,1.82582191696167
298.304054737091,2.6124529838562,1.8248529838562
298.354054689407,2.60919189453125,1.82159189453125
298.404055833817,2.61351370811462,1.82591370811462
298.454055547714,2.6101348400116,1.8225348400116
298.504055738449,2.61186361312866,1.82426361312866
298.554070472717,2.61082887649536,1.82322887649536
298.604099750519,2.60955858230591,1.82195858230591
298.654095888138,2.618896484375,1.831296484375
298.704092741013,2.61194205284119,1.82434205284119
298.7540974617,2.61202073097229,1.82442073097229
298.804064750671,2.60511875152588,1.81751875152588
298.854064464569,2.61511135101318,1.82751135101318
298.90406370163,2.60439872741699,1.81679872741699
298.954063653946,2.61777019500732,1.83017019500732
299.004063606262,2.60885119438171,1.82125119438171
299.054064750671,2.6166832447052,1.8290832447052
299.104065895081,2.60992527008057,1.82232527008057
299.154074668884,2.61505913734436,1.82745913734436
299.204077482223,2.60737133026123,1.81977133026123
299.254069328308,2.61312103271484,1.82552103271484
299.304089784622,2.61625099182129,1.82865099182129
299.354072570801,2.60648083686829,1.81888083686829
299.40406870842,2.60636329650879,1.81876329650879
299.454068899155,2.60303664207458,1.81543664207459
299.504071712494,2.60086250305176,1.81326250305176
299.554069042206,2.5939998626709,1.8063998626709
299.604070425034,2.57735419273376,1.78975419273376
299.654067993164,2.57160472869873,1.78400472869873
299.704071760178,2.54774308204651,1.76014308204651
299.754070043564,2.54772996902466,1.76012996902466
299.80406999588,2.52543973922729,1.7378397392273
299.854075193405,2.51971650123596,1.73211650123596
299.904072284698,2.51155734062195,1.72395734062195
299.95407295227,2.51432061195374,1.72672061195374
300.00407242775,2.50161695480347,1.71401695480347
300.054085493088,2.50076580047607,1.71316580047607
300.104076147079,2.4854691028595,1.6978691028595
300.154074430466,2.48198556900024,1.69438556900024
300.204074382782,2.46444916725159,1.67684916725159
300.25407409668,2.47090578079224,1.68330578079224
300.304076194763,2.45550417900085,1.66790417900085
300.354074954987,2.4516932964325,1.6640932964325
300.404075622559,2.43511295318604,1.64751295318604
300.454074621201,2.44037795066833,1.65277795066834
300.50407576561,2.42137479782104,1.63377479782105
300.55408000946,2.41536355018616,1.62776355018616
300.604113101959,2.40635323524475,1.61875323524475
300.654109716415,2.40190029144287,1.61430029144287
300.704120635986,2.38504505157471,1.59744505157471
300.754109621048,2.39024448394775,1.60264448394775
300.804144144058,2.37439751625061,1.58679751625061
300.854111671448,2.37989807128906,1.59229807128906
300.904113531113,2.35739827156067,1.56979827156067
300.954114198685,2.36633014678955,1.57873014678955
301.004150867462,2.34694719314575,1.55934719314575
301.054115056992,2.35143947601318,1.56383947601318
301.104117631912,2.33210897445679,1.54450897445679
301.154143571854,2.34284806251526,1.55524806251526
301.204128980637,2.32304620742798,1.53544620742798
301.254117965698,2.32372713088989,1.53612713088989
301.304140806198,2.30523490905762,1.51763490905762
301.354105472565,2.32210326194763,1.53450326194763
301.404103040695,2.31047344207764,1.52287344207764
301.454101800919,2.31918263435364,1.53158263435364
301.504101753235,2.30340147018433,1.51580147018433
301.554096698761,2.32212924957275,1.53452924957275
301.604097366333,2.30264186859131,1.51504186859131
301.654095411301,2.31822681427002,1.53062681427002
301.704095602035,2.30561470985413,1.51801470985413
301.754096746445,2.32920145988464,1.54160145988464
301.804095983505,2.3100152015686,1.5224152015686
301.854095458984,2.32161855697632,1.53401855697632
301.904099464417,2.31500506401062,1.52740506401062
301.954099655151,2.32326889038086,1.53566889038086
302.004096031189,2.31207132339478,1.52447132339478
302.05409526825,2.32655596733093,1.53895596733093
302.104096889496,2.30753993988037,1.51993993988037
302.154098272324,2.32260084152222,1.53500084152222
302.204098701477,2.31455969810486,1.52695969810486
302.2540974617,2.33332705497742,1.54572705497742
302.304100751877,2.30956983566284,1.52196983566284
302.354099988937,2.33172917366028,1.54412917366028
302.404099464416,2.30937337875366,1.52177337875366
302.454097747803,2.33776664733887,1.55016664733887
302.504102468491,2.31325006484985,1.52565006484985
302.55410861969,2.3379762172699,1.5503762172699
302.604130029678,2.3089804649353,1.5213804649353
302.654128313065,2.33595943450928,1.54835943450928
302.704130887985,2.31139039993286,1.52379039993286
302.754103660583,2.3338770866394,1.5462770866394
302.80410528183,2.32252240180969,1.53492240180969
302.854106903076,2.33353662490845,1.54593662490845
302.90411233902,2.31711339950562,1.52951339950562
302.954130172729,2.33462357521057,1.54702357521057
303.004135608673,2.31242489814758,1.52482489814758
303.054116487503,2.33557963371277,1.54797963371277
303.104110240936,2.32304620742798,1.53544620742798
303.154107570648,2.3383297920227,1.55072979202271
303.204110383987,2.31263446807861,1.52503446807861
303.254111289978,2.34032034873962,1.55272034873962
303.304112195969,2.31840991973877,1.53080991973877
303.354109287262,2.34132885932922,1.55372885932922
303.404110908508,2.31432390213013,1.52672390213013
303.454109430313,2.34244203567505,1.55484203567505
303.504117250442,2.3176896572113,1.5300896572113
303.554116010666,2.33724284172058,1.54964284172058
303.604114532471,2.32038760185242,1.53278760185242
303.654121875763,2.34030747413635,1.55270747413635
303.704113006592,2.32512855529785,1.53752855529785
303.754113674164,2.34709143638611,1.55949143638611
303.804119348526,2.31818723678589,1.53058723678589
303.854118824005,2.34223246574402,1.55463246574402
303.904118299484,2.32125210762024,1.53365210762024
303.954114675522,2.33868336677551,1.55108336677551
304.004120588303,2.32467007637024,1.53707007637024
304.054116487503,2.33667969703674,1.54907969703674
304.104118824005,2.31584310531616,1.52824310531616
304.15411567688,2.34030747413635,1.55270747413635
304.204119682312,2.32130432128906,1.53370432128906
304.254118204117,2.34770679473877,1.56010679473877
304.304122924805,2.3186719417572,1.5310719417572
304.354122638702,2.34318852424622,1.55558852424622
304.404125452042,2.32246994972229,1.53486994972229
304.454119443893,2.33962631225586,1.55202631225586
304.504134654999,2.31918263435364,1.53158263435364
304.554147481918,2.34768080711365,1.56008080711365
304.604148864746,2.32256150245666,1.53496150245667
304.654145956039,2.33890604972839,1.55130604972839
304.704122543335,2.31916952133179,1.53156952133179
304.754122018814,2.34273028373718,1.55513028373718
304.804122924805,2.32205080986023,1.53445080986023
304.854123353958,2.34266471862793,1.55506471862793
304.904121637344,2.32309865951538,1.53549865951538
304.954121351242,2.34224581718445,1.55464581718445
305.00412273407,2.32139611244202,1.53379611244202
305.054121732712,2.34321475028992,1.55561475028992
305.104122638702,2.32176280021667,1.53416280021668
305.154123306274,2.34824395179749,1.56064395179749
305.204128980637,2.31928753852844,1.53168753852844
305.254124403,2.34377789497375,1.55617789497376
305.304139375687,2.32228660583496,1.53468660583496
305.354124307632,2.34083127975464,1.55323127975464
305.404128074646,2.31462502479553,1.52702502479553
305.454123973846,2.34030747413635,1.55270747413635
305.504125356674,2.31903862953186,1.53143862953186
305.554124832153,2.34765458106995,1.56005458106995
305.604125022888,2.32575726509094,1.53815726509094
305.65412402153,2.34470796585083,1.55710796585083
305.704127788544,2.32301998138428,1.53541998138428
305.754124641418,2.34296607971191,1.55536607971191
305.804129123688,2.32157945632935,1.53397945632935
305.854132652283,2.34214091300964,1.55454091300964
305.904132843018,2.31483459472656,1.52723459472656
305.954125404358,2.34557223320007,1.55797223320007
306.004127979279,2.31445479393005,1.52685479393005
306.054126977921,2.34005856513977,1.55245856513977
306.10412979126,2.31695628166199,1.52935628166199
306.154128074646,2.34153842926025,1.55393842926025
306.204128265381,2.31564664840698,1.52804664840698
306.25413107872,2.34452438354492,1.55692438354492
306.304131746292,2.31711339950562,1.52951339950562
306.35413146019,2.34263849258423,1.55503849258423
306.404134511948,2.32262706756592,1.53502706756592
306.454142570496,2.33944320678711,1.55184320678711
306.504148483276,2.31344652175903,1.52584652175903
306.554148435593,2.33671903610229,1.5491190361023
306.6041431427,2.29863429069519,1.51103429069519
306.654143810272,2.32130432128906,1.53370432128906
306.70414352417,2.28624510765076,1.49864510765076
306.754145860672,2.29683995246887,1.50923995246887
306.804180383682,2.26942896842957,1.48182896842957
306.854180335999,2.28060030937195,1.49300030937195
306.90417599678,2.25068807601929,1.46308807601929
306.95417881012,2.2738950252533,1.4862950252533
307.004186868668,2.24399566650391,1.45639566650391
307.054186820984,2.26163673400879,1.47403673400879
307.104193210602,2.2371723651886,1.4495723651886
307.154191493988,2.25151300430298,1.46391300430298
307.204184770584,2.22275304794312,1.43515304794312
307.254182100296,2.22577834129333,1.43817834129334
307.30418753624,2.20380258560181,1.41620258560181
307.354169130325,2.21828722953796,1.43068722953796
307.404158115387,2.1927752494812,1.4051752494812
307.45415353775,2.2035665512085,1.4159665512085
307.504155397415,2.17699384689331,1.38939384689331
307.554156064987,2.19011664390564,1.40251664390564
307.604155778885,2.16448664665222,1.37688664665222
307.654156208038,2.18147301673889,1.39387301673889
307.70415687561,2.13957715034485,1.35197715034485
307.75415968895,2.16105532646179,1.37345532646179
307.804161548614,2.1340765953064,1.3464765953064
307.854159116745,2.14604687690735,1.35844687690735
307.904170513153,2.11794185638428,1.33034185638428
307.954159975052,2.14007496833801,1.35247496833801
308.004170656204,2.11820363998413,1.33060363998413
308.054169416428,2.13025236129761,1.34265236129761
308.104166507721,2.10487151145935,1.31727151145935
308.154165744781,2.1082763671875,1.3206763671875
308.204168796539,2.08802914619446,1.30042914619446
308.254165649414,2.10392832756042,1.31632832756043
308.304169654846,2.07451367378235,1.28691367378235
308.354169607162,2.09671235084534,1.30911235084534
308.404169082642,2.08137631416321,1.29377631416321
308.454164266586,2.09236431121826,1.30476431121826
308.504167079926,2.07747340202332,1.28987340202332
308.554166793823,2.10115194320679,1.31355194320679
308.604171514511,2.08254194259644,1.29494194259644
308.654191970825,2.09565138816833,1.30805138816834
308.704205513,2.08000111579895,1.29240111579895
308.754201412201,2.0974326133728,1.3098326133728
308.804203271866,2.07928085327148,1.29168085327148
308.854173183441,2.10978269577026,1.32218269577026
308.904180765152,2.07980465888977,1.29220465888977
308.954173088074,2.10086393356323,1.31326393356323
309.004173994064,2.08724355697632,1.29964355697632
309.054177284241,2.10454392433166,1.31694392433167
309.104176521301,2.09067487716675,1.30307487716675
309.154175519943,2.09770774841309,1.31010774841309
309.204176664352,2.08690285682678,1.29930285682678
309.254177093506,2.10536909103394,1.31776909103394
309.304180622101,2.0865364074707,1.2989364074707
309.354181528091,2.10450482368469,1.31690482368469
309.404182672501,2.08704710006714,1.29944710006714
309.454178094864,2.09796953201294,1.31036953201294
309.504176855087,2.09147357940674,1.30387357940674
309.554177522659,2.09679079055786,1.30919079055786
309.60417675972,2.08588147163391,1.29828147163391
309.654178619385,2.10257935523987,1.31497935523987
309.704179763794,2.09389662742615,1.30629662742615
309.754179000854,2.10197710990906,1.31437710990906
309.804183244705,2.0951931476593,1.3075931476593
309.854183197021,2.10506796836853,1.31746796836853
309.904183387756,2.09696102142334,1.30936102142334
309.954181909561,2.10747766494751,1.31987766494751
310.004192829132,2.09434175491333,1.30674175491333
310.054188489914,2.10667872428894,1.31907872428894
310.104189395905,2.09169626235962,1.30409626235962
310.154186248779,2.0993709564209,1.3117709564209
310.204190015793,2.09772062301636,1.31012062301636
310.254187583923,2.10591912269592,1.31831912269592
310.304193973541,2.0928750038147,1.3052750038147
310.35419178009,2.10732054710388,1.31972054710388
310.404198408127,2.09591341018677,1.30831341018677
310.454191446304,2.10128307342529,1.31368307342529
310.504193067551,2.09755039215088,1.30995039215088
310.55419421196,2.10622024536133,1.31862024536133
310.604217529297,2.09586095809937,1.30826095809937
310.654212236404,2.10941576957703,1.32181576957703
310.704200744629,2.10146617889404,1.31386617889404
310.754193305969,2.11105298995972,1.32345298995972
310.804191589355,2.10559177398682,1.31799177398682
310.85419344902,2.11324000358582,1.32564000358582
310.904191493988,2.10087704658508,1.31327704658508
310.954201936722,2.11288642883301,1.32528642883301
311.004191398621,2.10064125061035,1.31304125061035
311.054191112518,2.10840749740601,1.32080749740601
311.104192018509,2.09933161735535,1.31173161735535
311.154193162918,2.11173391342163,1.32413391342163
311.204203605652,2.10200333595276,1.31440333595276
311.254193782806,2.10886597633362,1.32126597633362
311.304197072983,2.09954118728638,1.31194118728638
311.354197025299,2.10862994194031,1.32102994194031
311.404199123383,2.10563111305237,1.31803111305237
311.454205989838,2.10877418518066,1.32117418518066
311.504201889038,2.1114981174469,1.3238981174469
311.554198741913,2.11462831497192,1.32702831497192
311.604197740555,2.10374522209167,1.31614522209168
311.654195785522,2.10970401763916,1.32210401763916
311.704196453094,2.09930539131165,1.31170539131165
311.754197120666,2.10411190986633,1.31651190986633
311.804198503494,2.10259246826172,1.31499246826172
311.854199171066,2.10868239402771,1.32108239402771
311.904206752777,2.10489749908447,1.31729749908447
311.954197883606,2.10973024368286,1.32213024368286
312.004199504852,2.10898351669312,1.32138351669312
312.054198265076,2.11170768737793,1.32410768737793
312.104201555252,2.10932421684265,1.32172421684265
312.154200553894,2.10696697235107,1.31936697235107
312.204200029373,2.10243535041809,1.31483535041809
312.25420331955,2.10978269577026,1.32218269577026
312.304203271866,2.11238884925842,1.32478884925842
312.354206085205,2.11318755149841,1.32558755149841
312.404204368591,2.10899686813354,1.32139686813355
312.454203605652,2.1090099811554,1.3214099811554
312.504201889038,2.11475920677185,1.32715920677185
312.554213523865,2.11088252067566,1.32328252067566
312.604219913483,2.11367225646973,1.32607225646973
312.654221773148,2.10880041122437,1.32120041122437
312.704212665558,2.10753011703491,1.31993011703491
312.754210472107,2.11837387084961,1.33077387084961
312.804211616516,2.11265063285828,1.32505063285828
312.854207992554,2.11685466766357,1.32925466766357
312.904207229614,2.10825037956238,1.32065037956238
312.954208135605,2.10759544372559,1.31999544372559
313.004207611084,2.10796213150024,1.32036213150024
313.054207324982,2.117915391922,1.330315391922
313.104219436646,2.10898351669312,1.32138351669312
313.15423989296,2.1070454120636,1.3194454120636
313.204248905182,2.10356163978577,1.31596163978577
313.254238128662,2.10823726654053,1.32063726654053
313.304239988327,2.11525702476501,1.32765702476501
313.354240179062,2.11185193061829,1.32425193061829
313.404219388962,2.10728120803833,1.31968120803833
313.454214811325,2.11487698554993,1.32727698554993
313.504215717316,2.10750365257263,1.31990365257263
313.554213285446,2.11314845085144,1.32554845085144
313.604218244553,2.10873484611511,1.32113484611511
313.654215097427,2.09405374526978,1.30645374526978
313.704215049744,2.09707903862,1.30947903862
313.754215955734,2.08787226676941,1.30027226676941
313.804218530655,2.07677936553955,1.28917936553955
313.854218006134,2.063800573349,1.276200573349
313.90421962738,2.05452847480774,1.26692847480774
313.954221248627,2.05314016342163,1.26554016342163
314.004219293594,2.04828143119812,1.26068143119812
314.054219961166,2.0368480682373,1.2492480682373
314.104230642319,2.03077125549316,1.24317125549316
314.154227733612,2.02800798416138,1.24040798416138
314.204231023788,2.01821184158325,1.23061184158325
314.254229068756,2.00828456878662,1.22068456878662
314.304231405258,2.00780010223389,1.22020010223389
314.354226350784,2.00127816200256,1.21367816200256
314.404224157333,1.98883628845215,1.20123628845215
314.454224586487,1.98679316043854,1.19919316043854
314.504227876663,1.98942565917969,1.20182565917969
314.554225206375,1.97157502174377,1.18397502174377
314.60423707962,1.96655905246735,1.17895905246735
314.654261827469,1.95652723312378,1.16892723312378
314.704268932343,1.95965731143951,1.17205731143951
314.754263401031,1.95158982276917,1.16398982276917
314.804266929626,1.94060182571411,1.15300182571411
314.854262828827,1.93535006046295,1.14775006046295
314.904268503189,1.93166995048523,1.14406995048523
314.954253435135,1.92819941043854,1.14059941043854
315.004251718521,1.92157256603241,1.13397256603241
315.054250955582,1.91367530822754,1.12607530822754
315.10423541069,1.91684484481812,1.12924484481812
315.154235601425,1.89826083183289,1.11066083183289
315.204241752624,1.89150297641754,1.10390297641754
315.254265546799,1.8857536315918,1.0981536315918
315.304267644882,1.88529527187347,1.09769527187347
315.354241609573,1.88126158714294,1.09366158714294
315.404247045517,1.87954580783844,1.09194580783844
315.454240083694,1.87713623046875,1.08953623046875
315.504240989685,1.88109123706818,1.09349123706818
315.554239034653,1.88096034526825,1.09336034526825
315.604241609573,1.88242709636688,1.09482709636688
315.654240131378,1.87511932849884,1.08751932849884
315.704249620438,1.88640856742859,1.09880856742859
315.754242420197,1.8818770647049,1.0942770647049
315.80424118042,1.89315319061279,1.10555319061279
315.854244470596,1.8739013671875,1.0863013671875
315.904250383377,1.8802661895752,1.0926661895752
315.954243183136,1.87826251983643,1.09066251983643
316.004244327545,1.8941615819931,1.1065615819931
316.054242610931,1.88757407665253,1.09997407665253
316.104245185852,1.88217830657959,1.09457830657959
316.154243469238,1.88508570194244,1.09748570194244
316.204252719879,1.8989942073822,1.1113942073822
316.25425195694,1.88217830657959,1.09457830657959
316.304260015488,1.89754045009613,1.10994045009613
316.354259729385,1.88242709636688,1.09482709636688
