t(s),F(N),F_corr(N)
0.000819206237792969,0.690762400627136,-0.0343495993728637
0.0506875514984131,0.678255259990692,-0.0468567400093078
0.100690126419067,0.699523985385895,-0.0255880146141052
0.15069842338562,0.681162655353546,-0.0439493446464538
0.200716972351074,0.695005714893341,-0.0301062851066589
0.250727891921997,0.674837052822113,-0.0502749471778869
0.300706624984741,0.692229211330414,-0.0328827886695862
0.350685119628906,0.682996213436127,-0.0421157865638733
0.400682687759399,0.697585701942444,-0.0275262980575561
0.450682640075684,0.684724926948547,-0.0403870730514526
0.500701189041138,0.696066498756409,-0.0290455012435913
0.550680637359619,0.690369546413422,-0.0347424535865783
0.600699186325073,0.693132877349854,-0.0319791226501465
0.650694131851196,0.674588263034821,-0.0505237369651794
0.70076584815979,0.694508016109467,-0.0306039838905334
0.750727653503418,0.673278570175171,-0.0518334298248291
0.800705432891846,0.698672771453857,-0.0264392285461426
0.850694417953491,0.672820210456848,-0.0522917895431518
0.900697231292725,0.694769978523254,-0.0303420214767456
0.950693368911743,0.673763155937195,-0.0513488440628052
1.00070357322693,0.69144344329834,-0.0336685567016601
1.05070090293884,0.681725800037384,-0.0433861999626159
1.10072445869446,0.696760594844818,-0.0283514051551819
1.15069913864136,0.68092691898346,-0.0441850810165405
1.20070481300354,0.695712864398956,-0.0293991356010437
1.25070881843567,0.678438663482666,-0.046673336517334
1.30074429512024,0.696118891239166,-0.0289931087608337
1.350741147995,0.672702312469482,-0.0524096875305176
1.40070819854736,0.694494962692261,-0.0306170373077392
1.45072889328003,0.673880994319916,-0.0512310056800842
1.50070357322693,0.685471415519714,-0.0396405844802856
1.5507082939148,0.672636866569519,-0.0524751334304809
1.60070943832397,0.695359289646149,-0.0297527103538513
1.65070819854736,0.679682791233063,-0.0454292087669372
1.70071244239807,0.703596949577332,-0.0215150504226684
1.75070953369141,0.671484351158142,-0.0536276488418579
1.80070972442627,0.693735301494598,-0.0313766985054016
1.85071563720703,0.674417972564697,-0.0506940274353027
1.90071678161621,0.69497948884964,-0.0301325111503601
1.95073246955872,0.682184159755707,-0.0429278402442932
2.00071120262146,0.694481790065765,-0.0306302099342346
2.05072379112244,0.676998019218445,-0.0481139807815552
2.10071206092834,0.691980421543121,-0.0331315784568786
2.15072154998779,0.671968936920166,-0.053143063079834
2.20072031021118,0.69831907749176,-0.0267929225082397
2.25071549415588,0.679302990436554,-0.045809009563446
2.30071902275085,0.695843875408173,-0.0292681245918274
2.35071420669556,0.683035492897034,-0.0420765071029663
2.40071392059326,0.701108694076538,-0.0240033059234619
2.45072722434998,0.676670610904694,-0.0484413890953064
2.50071597099304,0.693604409694672,-0.0315075903053283
2.5507173538208,0.680468559265137,-0.0446434407348633
2.60071706771851,0.69467830657959,-0.0304336934204101
2.6507260799408,0.679250597953796,-0.0458614020462036
2.70072722434998,0.69266140460968,-0.0324505953903198
2.75071811676025,0.683231890201569,-0.0418801097984314
2.80072093009949,0.691836357116699,-0.0332756428833008
2.85071873664856,0.67680150270462,-0.0483104972953796
2.90072345733643,0.695791482925415,-0.0293205170745849
2.95072412490845,0.677286148071289,-0.0478258519287109
3.00072073936462,0.695621252059937,-0.0294907479400635
3.05072426795959,0.680874526500702,-0.0442374734992981
3.1007251739502,0.6921506524086,-0.0329613475914001
3.15072202682495,0.677495658397675,-0.0476163416023254
3.20073008537292,0.697061896324158,-0.0280501036758423
3.25072073936462,0.682590186595917,-0.0425218134040832
3.3007230758667,0.696446359157562,-0.0286656408424377
3.35073208808899,0.684855878353119,-0.0402561216468811
3.40073728561401,0.699969291687012,-0.0251427083129883
3.45073294639587,0.671340346336365,-0.0537716536636352
3.5007209777832,0.694102048873901,-0.0310099511260986
3.55072474479675,0.676028907299042,-0.0490830927009582
3.60072493553162,0.693879425525665,-0.0312325744743347
3.65072178840637,0.668472170829773,-0.056639829170227
3.70072269439697,0.691783964633942,-0.0333280353660583
3.75072264671326,0.671379566192627,-0.053732433807373
3.80072069168091,0.693119764328003,-0.031992235671997
3.85072803497314,0.678543329238892,-0.0465686707611084
3.90072107315063,0.68811696767807,-0.0369950323219299
3.95072627067566,0.680154263973236,-0.0449577360267639
4.00072264671326,0.692884087562561,-0.0322279124374389
4.05072402954102,0.675387144088745,-0.0497248559112549
4.10072731971741,0.699812114238739,-0.025299885761261
4.15073990821838,0.674627482891083,-0.0504845171089172
4.20075154304504,0.701986134052277,-0.0231258659477234
4.25074672698975,0.686610877513886,-0.0385011224861145
4.30074167251587,0.6976118683815,-0.0275001316184997
4.35073614120483,0.683192670345306,-0.0419193296546936
4.4007408618927,0.698004841804504,-0.0271071581954956
4.45073628425598,0.677862346172333,-0.0472496538276672
4.50073599815369,0.701239585876465,-0.0238724141235351
4.55073738098145,0.673645317554474,-0.0514666824455261
4.60074186325073,0.694128215312958,-0.0309837846870422
4.65073776245117,0.680285155773163,-0.0448268442268371
4.70073747634888,0.695739090442658,-0.0293729095573425
4.75073742866516,0.680678129196167,-0.044433870803833
4.80073738098145,0.704186320304871,-0.0209256796951294
4.85074210166931,0.677076578140259,-0.0480354218597412
4.90074253082275,0.699379920959473,-0.0257320790405273
4.95073652267456,0.68467253446579,-0.0404394655342102
5.00073647499085,0.699248969554901,-0.0258630304450989
5.05073738098145,0.677665948867798,-0.0474460511322021
5.10073804855347,0.698122680187225,-0.0269893198127746
5.15073704719543,0.682930707931519,-0.0421812920684814
5.20073819160461,0.689989745616913,-0.0351222543830871
5.25073909759522,0.668642401695251,-0.0564695983047485
5.30074381828308,0.693119764328003,-0.031992235671997
5.35074758529663,0.669637739658356,-0.0554742603416443
5.40075087547302,0.698148846626282,-0.0269631533737182
5.45078754425049,0.680363774299622,-0.0447482257003784
5.50077700614929,0.692936480045319,-0.0321755199546814
5.55077528953552,0.667568504810333,-0.0575434951896667
5.60075092315674,0.680141150951386,-0.0449708490486145
5.65076899528503,0.68113648891449,-0.0439755110855102
5.70076751708984,0.690762400627136,-0.0343495993728637
5.75075221061707,0.674876391887665,-0.0502356081123352
5.80074810981751,0.707159221172333,-0.0179527788276672
5.85075378417969,0.708049833774567,-0.0170621662254333
5.90075302124023,0.693552017211914,-0.0315599827880859
5.9507520198822,0.672872602939606,-0.0522393970603943
6.00074934959412,0.705522179603577,-0.0195898203964233
6.05075430870056,0.685811996459961,-0.039300003540039
6.10075116157532,0.697900056838989,-0.0272119431610107
6.15075421333313,0.689138472080231,-0.0359735279197693
6.20074939727783,0.681686580181122,-0.0434254198188782
6.25075101852417,0.677639722824097,-0.0474722771759033
6.30075192451477,0.694769978523254,-0.0303420214767456
6.35076212882996,0.680730521678925,-0.0443814783210754
6.4007580280304,0.693185269832611,-0.0319267301673889
6.45075273513794,0.691731572151184,-0.0333804278488159
6.50075197219849,0.69619745016098,-0.0289145498390198
6.55075025558472,0.688339591026306,-0.0367724089736938
6.6007571220398,0.715135037899017,-0.00997696210098265
6.65075635910034,0.689308702945709,-0.0358032970542907
6.70075726509094,0.702012300491333,-0.023099699508667
6.7507541179657,0.697572648525238,-0.0275393514747619
6.80075836181641,0.706373453140259,-0.0187385468597412
6.85076689720154,0.690421938896179,-0.0346900611038208
6.9007625579834,0.700100243091583,-0.0250117569084167
6.95076036453247,0.692189991474152,-0.0329220085258484
7.00076127052307,0.700165688991547,-0.0249463110084533
7.05076599121094,0.685903608798981,-0.0392083912010193
7.10076856613159,0.701514661312103,-0.0235973386878967
7.15076398849487,0.690565943717957,-0.0345460562820434
7.20076966285706,0.693132877349854,-0.0319791226501465
7.25076651573181,0.694481790065765,-0.0306302099342346
7.30076289176941,0.703911304473877,-0.021200695526123
7.35077285766602,0.691574454307556,-0.0335375456924438
7.40080380439758,0.701776623725891,-0.0233353762741089
7.45081543922424,0.69123387336731,-0.0338781266326904
7.50079941749573,0.713026463985443,-0.0120855360145569
7.55082082748413,0.690696954727173,-0.0344150452728271
7.60081672668457,0.704120874404907,-0.0209911255950928
7.65082931518555,0.68811696767807,-0.0369950323219299
7.70082092285156,0.700283586978912,-0.0248284130210876
7.75083112716675,0.688313364982605,-0.036798635017395
7.80082559585571,0.704330444335938,-0.0207815556640625
7.85083985328674,0.722298800945282,-0.002813199054718
7.90083026885986,0.702143251895905,-0.0229687481040954
7.9508318901062,0.680376887321472,-0.0447351126785278
8.00083589553833,0.703976809978485,-0.0211351900215149
8.05078983306885,0.688300311565399,-0.0368116884346008
8.10082221031189,0.703924417495728,-0.0211875825042724
8.15083503723145,0.687174022197723,-0.0379379778022766
8.20081901550293,0.698175013065338,-0.0269369869346618
8.2507905960083,0.685667872428894,-0.0394441275711059
8.30079483985901,0.708691596984863,-0.0164204030151367
8.35079836845398,0.688824117183685,-0.0362878828163147
8.400794506073,0.703518450260162,-0.0215935497398376
8.4507896900177,0.68840503692627,-0.0367069630737304
8.50079298019409,0.706072270870209,-0.0190397291297912
8.55079126358032,0.688549101352692,-0.0365628986473083
8.60079646110535,0.701986134052277,-0.0231258659477234
8.6507933139801,0.687802612781525,-0.0373093872184753
8.70078992843628,0.704120874404907,-0.0209911255950928
8.7507905960083,0.684986889362335,-0.0401251106376648
8.80079364776611,0.699641883373261,-0.0254701166267395
8.85080742835999,0.694337785243988,-0.0307742147560119
8.90079689025879,0.698240578174591,-0.0268714218254089
8.95079255104065,0.686270356178284,-0.0388416438217163
9.00079488754272,0.711991906166077,-0.0131200938339233
9.05079483985901,0.688706278800964,-0.0364057211990356
9.10079789161682,0.697913110256195,-0.0271988897438049
9.15079832077026,0.693015038967133,-0.0320969610328674
9.20080280303955,0.705509126186371,-0.0196028738136291
9.25079798698425,0.688195526599884,-0.0369164734001159
9.30080413818359,0.704513788223267,-0.0205982117767334
9.35081005096436,0.692700743675232,-0.032411256324768
9.40080499649048,0.696957111358643,-0.0281548886413574
9.45079779624939,0.681594848632813,-0.0435171513671875
9.50079822540283,0.700650274753571,-0.0244617252464294
9.55080676078796,0.68953138589859,-0.0355806141014099
9.60080432891846,0.701187312602997,-0.0239246873970032
9.6508092880249,0.699000120162964,-0.0261118798370361
9.70080161094666,0.697232127189636,-0.0278798728103637
9.75079822540283,0.68416178226471,-0.0409502177352905
9.80080604553223,0.695673644542694,-0.0294383554573059
9.85081100463867,0.685838162899017,-0.0392738371009826
9.90080451965332,0.701475322246552,-0.0236366777534485
9.95079827308655,0.687802612781525,-0.0373093872184753
10.0008022785187,0.694625914096832,-0.0304860859031677
10.0508103370667,0.682302117347717,-0.0428098826522827
10.1008017063141,0.700584828853607,-0.0245271711463928
10.1508142948151,0.691823244094849,-0.0332887559051513
10.2008020877838,0.697140455245972,-0.0279715447540283
10.250804901123,0.689348042011261,-0.035763957988739
10.3008024692535,0.691993474960327,-0.0331185250396728
10.3508212566376,0.689295649528503,-0.0358163504714966
10.4008069038391,0.692085206508637,-0.0330267934913635
10.4508056640625,0.686833500862122,-0.0382784991378784
10.5008027553558,0.699903845787048,-0.0252081542129516
10.5508081912994,0.693106710910797,-0.0320052890892029
10.6008105278015,0.702942192554474,-0.0221698074455261
10.6508240699768,0.687278747558594,-0.0378332524414062
10.7008187770844,0.7056924700737,-0.0194195299263
10.7508182525635,0.688169360160828,-0.0369426398391723
10.8008182048798,0.706438958644867,-0.018673041355133
10.8508281707764,0.698567986488342,-0.0265440135116577
10.900815486908,0.703819692134857,-0.0212923078651428
10.9508137702942,0.694730699062347,-0.0303813009376526
11.0008087158203,0.70266717672348,-0.0224448232765198
11.0508115291595,0.693905591964722,-0.0312064080352783
11.1008117198944,0.694625914096832,-0.0304860859031677
11.1508135795593,0.692936480045319,-0.0321755199546814
11.2008104324341,0.695568859577179,-0.029543140422821
11.2508282661438,0.695608139038086,-0.029503860961914
11.3008530139923,0.697166562080383,-0.0279454379196167
11.3508539199829,0.68963611125946,-0.0354758887405395
11.4008452892303,0.704592347145081,-0.0205196528549194
11.4508633613586,0.692268550395966,-0.0328434496040344
11.5008566379547,0.696760594844818,-0.0283514051551819
11.5508682727814,0.694285392761231,-0.0308266072387695
11.6008660793304,0.700283586978912,-0.0248284130210876
11.6508791446686,0.693682909011841,-0.0314290909881592
11.7008655071259,0.699288308620453,-0.0258236913795471
11.7508795261383,0.687763333320618,-0.0373486666793823
11.8008720874786,0.694573521614075,-0.0305384783859253
11.8508687019348,0.687462091445923,-0.0376499085540771
11.9008572101593,0.697074949741364,-0.0280370502586365
11.9508655071259,0.697742879390717,-0.0273691206092834
12.0008358955383,0.699864506721497,-0.0252474932785034
12.0508408546448,0.688797950744629,-0.0363140492553711
12.1008291244507,0.697271347045898,-0.0278406529541015
12.1508345603943,0.674954950809479,-0.0501570491905212
12.2008285522461,0.702051639556885,-0.0230603604431152
12.2508327960968,0.689439654350281,-0.0356723456497192
12.3008279800415,0.655022084712982,-0.0700899152870178
12.3508381843567,0.695031881332397,-0.0300801186676025
12.4008357524872,0.70265406370163,-0.0224579362983703
12.4508364200592,0.681529402732849,-0.0435825972671509
12.5008327960968,0.696132004261017,-0.0289799957389831
12.5508317947388,0.708534419536591,-0.0165775804634094
12.6008431911469,0.702104032039642,-0.0230079679603576
12.6508390903473,0.696786820888519,-0.0283251791114807
12.7008438110352,0.700453817844391,-0.0246581821556091
12.7508392333984,0.693892478942871,-0.0312195210571289
12.8008389472961,0.712070465087891,-0.0130415349121094
12.8508422374725,0.696511805057526,-0.0286001949424743
12.9008388519287,0.71649706363678,-0.00861493636322019
12.950835943222,0.675151407718658,-0.0499605922813415
13.0008401870728,0.737988471984863,0.0128764719848633
13.050835609436,0.694429397583008,-0.0306826024169922
13.100839138031,0.700309813022614,-0.0248021869773865
13.1508436203003,0.694547355175018,-0.0305646448249817
13.200843334198,0.70053243637085,-0.0245795636291504
13.2508444786072,0.694927096366882,-0.0301849036331177
13.3008494377136,0.715370774269104,-0.00974122573089598
13.3508594036102,0.701226532459259,-0.0238854675407409
13.4008572101593,0.70539116859436,-0.0197208314056396
13.4508502483368,0.718631863594055,-0.0064801364059448
13.5008413791657,0.698541760444641,-0.0265702395553589
13.5508594512939,0.700912177562714,-0.0241998224372864
13.6008932590485,0.703099370002747,-0.0220126299972534
13.6508948802948,0.704081594944,-0.0210304050559997
13.7008900642395,0.715200543403626,-0.00991145659637449
13.7508974075317,0.696210563182831,-0.0289014368171692
13.8008940219879,0.703937530517578,-0.0211744694824219
13.8508818149567,0.710158348083496,-0.0149536519165039
13.9008860588074,0.697192788124085,-0.0279192118759155
13.950896024704,0.709149956703186,-0.0159620432968139
14.0008969306946,0.713118195533752,-0.0119938044662475
14.0509221553803,0.72275722026825,-0.00235477973175047
14.1009001731873,0.707329511642456,-0.0177824883575439
14.1508941650391,0.716889977455139,-0.00822202254486082
14.200879573822,0.718330562114716,-0.0067814378852844
14.2508642673492,0.707931935787201,-0.0171800642127991
14.300874710083,0.716811418533325,-0.00830058146667478
14.3508739471436,0.70367556810379,-0.0214364318962097
14.4008648395538,0.709202349185944,-0.0159096508140564
14.4508631229401,0.70033597946167,-0.0247760205383301
14.5008661746979,0.712135910987854,-0.012976089012146
14.5508661270142,0.702221870422363,-0.0228901295776367
14.600869178772,0.711389422416687,-0.013722577583313
14.6508708000183,0.707106828689575,-0.0180051713104248
14.7008690834045,0.706032931804657,-0.019079068195343
14.7508642673492,0.706032931804657,-0.019079068195343
14.8008694648743,0.707120001316071,-0.0179919986839294
14.8508703708649,0.705587685108185,-0.0195243148918152
14.9008696079254,0.705351948738098,-0.0197600512619018
14.9508664608002,0.716208934783936,-0.00890306521606443
15.0008673667908,0.6992227435112,-0.0258892564888
15.0508689880371,0.706006705760956,-0.0191052942390442
15.1008687019348,0.712096691131592,-0.0130153088684082
15.1508665084839,0.712450265884399,-0.0126617341156006
15.2008676528931,0.713628947734833,-0.0114830522651672
15.2508704662323,0.706046044826508,-0.0190659551734924
15.30087018013,0.707355737686157,-0.0177562623138428
15.3508749008179,0.70973926782608,-0.0153727321739197
15.4009113311768,0.707565307617188,-0.0175466923828125
15.4509210586548,0.711363196372986,-0.0137488036270141
15.5009255409241,0.709372580051422,-0.0157394199485779
15.55091547966,0.709346354007721,-0.015765645992279
15.6009123325348,0.707394957542419,-0.0177170424575805
15.6509082317352,0.711572766304016,-0.0135392336959839
15.7008781433105,0.704173266887665,-0.0209387331123352
15.7508790493011,0.718867480754852,-0.00624451924514768
15.8008801937103,0.703387498855591,-0.0217245011444092
15.8508810997009,0.702588617801666,-0.0225233821983337
15.9008793830872,0.706465184688568,-0.0186468153114319
15.9508798122406,0.711690664291382,-0.0134213357086181
16.0008840560913,0.702994585037231,-0.0221174149627685
16.0508794784546,0.705142378807068,-0.0199696211929321
16.1008868217468,0.703714907169342,-0.0213970928306579
16.1508843898773,0.704566180706024,-0.0205458192939758
16.2008895874023,0.701056301593781,-0.0240556984062195
16.2508816719055,0.708167672157288,-0.0169443278427124
16.3008925914764,0.70871776342392,-0.0163942365760803
16.350891828537,0.702614784240723,-0.0224972157592773
16.4008965492249,0.701619446277618,-0.0234925537223816
16.4508938789368,0.705417394638062,-0.0196946053619385
16.5008924007416,0.709791660308838,-0.0153203396911621
16.5508935451508,0.707290172576904,-0.0178218274230957
16.600893497467,0.69659036397934,-0.0285216360206604
16.6508872509003,0.706137716770172,-0.0189742832298279
16.7008919715881,0.70599365234375,-0.01911834765625
16.7508947849274,0.707669973373413,-0.0174420266265869
16.8009123802185,0.703963696956635,-0.0211483030433655
16.8509352207184,0.712109744548798,-0.0130022554512024
16.9009215831757,0.699563264846802,-0.0255487351531982
16.9509043693542,0.710786998271942,-0.0143250017280578
17.0009136199951,0.704107820987701,-0.0210041790122986
17.0509023666382,0.70781409740448,-0.01729790259552
17.1009092330933,0.702169477939606,-0.0229425220603943
17.1509022712708,0.711219191551209,-0.0138928084487915
17.2009012699127,0.709307134151459,-0.0158048658485412
17.2509038448334,0.712149083614349,-0.0129629163856506
17.3009042739868,0.698777496814728,-0.0263345031852722
17.3509156703949,0.708207011222839,-0.0169049887771606
17.4009048938751,0.701540887355804,-0.0235711126441955
17.4509029388428,0.711769223213196,-0.0133427767868042
17.5009059906006,0.705771028995514,-0.0193409710044861
17.5509054660797,0.717544794082642,-0.00756720591735838
17.6009051799774,0.696551144123077,-0.0285608558769226
17.6509103775024,0.71205735206604,-0.0130546479339599
17.7009105682373,0.698987007141113,-0.0261249928588867
17.7509071826935,0.715501725673676,-0.00961027432632444
17.8009068965912,0.697939276695251,-0.0271727233047485
17.8509302139282,0.710931062698364,-0.0141809373016357
17.9009125232697,0.710092902183533,-0.0150190978164673
17.9509086608887,0.711677551269531,-0.0134344487304687
18.0009133815765,0.698607206344605,-0.0265047936553955
18.0509386062622,0.709713101387024,-0.0153988986129761
18.1009528636932,0.701593279838562,-0.023518720161438
18.1509475708008,0.706805646419525,-0.0183063535804748
18.2009465694427,0.697454750537872,-0.0276572494621277
18.2509188652039,0.712437093257904,-0.0126749067420959
18.3009157180786,0.696957111358643,-0.0281548886413574
18.3509163856506,0.711769223213196,-0.0133427767868042
18.4009222984314,0.696551144123077,-0.0285608558769226
18.4509172439575,0.712463319301605,-0.0126486806983948
18.5009167194366,0.701999247074127,-0.0231127529258728
18.55091547966,0.708887994289398,-0.0162240057106018
18.6009237766266,0.697363078594208,-0.0277489214057922
18.6509170532227,0.709699988365173,-0.0154120116348266
18.7009170055389,0.7043696641922,-0.0207423358078003
18.7509174346924,0.710603654384613,-0.0145083456153869
18.8009235858917,0.697939276695251,-0.0271727233047485
18.850937128067,0.702509999275208,-0.0226020007247925
18.900919675827,0.697677433490753,-0.0274345665092468
18.9509191513062,0.70942497253418,-0.0156870274658203
19.0009188652039,0.703387498855591,-0.0217245011444092
19.0509250164032,0.70508998632431,-0.0200220136756897
19.1009202003479,0.694390177726746,-0.0307218222732544
19.1509253978729,0.706792593002319,-0.0183194069976806
19.2009224891663,0.702536225318909,-0.0225757746810913
19.2509219646454,0.710564374923706,-0.0145476250762939
19.3009223937988,0.713327765464783,-0.0117842345352173
19.3509347438812,0.711900174617767,-0.0132118253822326
19.4009628295898,0.701462268829346,-0.0236497311706543
19.4509565830231,0.717793583869934,-0.0073184161300659
19.5009500980377,0.698685824871063,-0.0264261751289367
19.5509564876556,0.718068659305573,-0.00704334069442747
19.6009292602539,0.700912177562714,-0.0241998224372864
19.6509277820587,0.713720560073853,-0.0113914399261474
19.7009267807007,0.714388489723206,-0.0107235102767944
19.7509303092957,0.705679357051849,-0.0194326429481506
19.8009283542633,0.697821438312531,-0.0272905616874695
19.8509383201599,0.721919000148773,-0.00319299985122679
19.9009335041046,0.710354804992676,-0.0147571950073242
19.9509296417236,0.717950761318207,-0.00716123868179319
20.0009336471558,0.704998373985291,-0.0201136260147095
20.0509719848633,0.725494384765625,0.000382384765625021
20.1009740829468,0.717832922935486,-0.00727907706451414
20.1509687900543,0.719391405582428,-0.005720594417572
20.2009708881378,0.709883332252502,-0.0152286677474975
20.2509362697601,0.728768527507782,0.003656527507782
20.3009400367737,0.703688681125641,-0.0214233188743591
20.3509457111359,0.72287505865097,-0.00223694134902952
20.4009385108948,0.712830066680908,-0.0122819333190918
20.4509358406067,0.72266548871994,-0.00244651128005979
20.5009353160858,0.711022734642029,-0.0140892653579712
20.5509378910065,0.723307251930237,-0.00180474806976316
20.6009392738342,0.710878670215607,-0.0142333297843933
20.6509418487549,0.714650452136993,-0.0104615478630066
20.7009415626526,0.706412792205811,-0.0186992077941894
20.7509386539459,0.725166976451874,5.49764518738005E-05
20.8009393215179,0.725441992282867,0.000329992282867453
20.8509545326233,0.71964019536972,-0.00547180463027952
20.900942325592,0.717793583869934,-0.0073184161300659
20.9509439468384,0.728087544441223,0.00297554444122317
21.0009384155273,0.720648646354675,-0.00446335364532469
21.0509517192841,0.739180266857147,0.0140682668571472
21.1009409427643,0.715423166751862,-0.00968883324813841
21.1509418487549,0.73074609041214,0.00563409041213991
21.2009432315826,0.71135014295578,-0.01376185704422
21.250944852829,0.73529052734375,0.01017852734375
21.3009436130524,0.707486689090729,-0.0176253109092712
21.350949048996,0.73640376329422,0.01129176329422
21.4009492397308,0.711887121200562,-0.0132248787994385
21.4509553909302,0.726921916007996,0.00180991600799563
21.500988483429,0.707578361034393,-0.0175336389656067
21.5509920120239,0.723019123077393,-0.0020928769226074
21.6009998321533,0.721539199352264,-0.00357280064773557
21.6509938240051,0.735120296478272,0.0100082964782715
21.7009959220886,0.711651384830475,-0.0134606151695251
21.7509956359863,0.734399974346161,0.00928797434616091
21.8009874820709,0.705640077590942,-0.0194719224090576
21.8509891033173,0.731780648231506,0.00666864823150637
21.9009847640991,0.714087307453156,-0.0110246925468445
21.9509541988373,0.73205578327179,0.00694378327178957
22.0009548664093,0.709071338176727,-0.0160406618232727
22.0509805679321,0.736220419406891,0.0111084194068909
22.1009912490845,0.708482027053833,-0.016629972946167
22.1509873867035,0.727485060691834,0.00237306069183352
22.2009878158569,0.707224726676941,-0.0178872733230591
22.2509567737579,0.728257775306702,0.00314577530670168
22.30095744133,0.712424039840698,-0.0126879601593017
22.3509624004364,0.731427073478699,0.00631507347869875
22.4009578227997,0.720124781131744,-0.00498721886825559
22.4509563446045,0.721526145935059,-0.00358585406494138
22.5009560585022,0.711454927921295,-0.0136570720787048
22.55095744133,0.727079033851624,0.00196703385162356
22.6009602546692,0.711153745651245,-0.0139582543487549
22.6509592533112,0.728048205375671,0.00293620537567141
22.7009584903717,0.706923544406891,-0.0181884555931091
22.7509596347809,0.732736766338348,0.00762476633834841
22.8009631633759,0.712122857570648,-0.0129891424293518
22.8509662151337,0.729947209358215,0.00483520935821535
22.900963306427,0.706674635410309,-0.0184373645896911
22.9509603977203,0.722678661346436,-0.00243333865356443
23.0009589195251,0.708468914031982,-0.0166430859680176
23.0509607791901,0.736495435237885,0.0113834352378845
23.100962638855,0.715148150920868,-0.00996384907913206
23.1509644985199,0.724027574062347,-0.00108442593765257
23.2009592056274,0.714624285697937,-0.010487714302063
23.2509651184082,0.730405569076538,0.00529356907653811
23.300966501236,0.714257538318634,-0.0108544616813659
23.3509771823883,0.734557151794434,0.00944515179443362
23.4009652137756,0.713642001152039,-0.0114699988479614
23.4509646892548,0.728833973407745,0.00372197340774538
23.5009758472443,0.712188303470612,-0.0129236965293884
23.5509781837463,0.732147395610809,0.00703539561080935
23.6009719371796,0.714440882205963,-0.0106711177940368
23.6509709358215,0.734701216220856,0.00958921622085573
23.7009756565094,0.71186089515686,-0.0132511048431396
23.7509715557098,0.739101707935333,0.0139897079353333
23.8009834289551,0.707460522651672,-0.0176514773483276
23.8509759902954,0.732854604721069,0.00774260472106936
23.9009838104248,0.706072270870209,-0.0190397291297912
23.9509699344635,0.727537453174591,0.00242545317459109
24.0009822845459,0.707879543304443,-0.0172324566955566
24.0509812831879,0.725546777248383,0.00043477724838259
24.1009767055511,0.703636288642883,-0.0214757113571167
24.1509776115417,0.726162314414978,0.00105031441497805
24.2009792327881,0.713118195533752,-0.0119938044662475
24.2509732246399,0.720687925815582,-0.0044240741844177
24.300984621048,0.706674635410309,-0.0184373645896911
24.3509809970856,0.727799355983734,0.00268735598373415
24.4009795188904,0.708272457122803,-0.0168395428771972
24.4509747028351,0.734269022941589,0.00915702294158938
24.5009744167328,0.704566180706024,-0.0205458192939758
24.5509748458862,0.728611350059509,0.0034993500595093
24.6009857654572,0.702693343162537,-0.0224186568374634
24.6509807109833,0.732239067554474,0.0071270675544739
24.7009768486023,0.706046044826508,-0.0190659551734924
24.7509772777557,0.72287505865097,-0.00223694134902952
24.8009815216064,0.708586812019348,-0.0165251879806518
24.8509833812714,0.730313897132874,0.00520189713287356
24.9009785652161,0.706962823867798,-0.0181491761322021
24.9509801864624,0.726463496685028,0.0013514966850281
25.0009801387787,0.705116212368012,-0.0199957876319885
25.0509836673737,0.725821793079376,0.000709793079376242
25.1009793281555,0.706163883209229,-0.0189481167907715
25.1509830951691,0.724354982376099,-0.000757017623901346
25.2009809017181,0.708730816841126,-0.0163811831588745
25.2509918212891,0.728152990341187,0.00304099034118654
25.3010191917419,0.710944175720215,-0.0141678242797851
25.3510179519653,0.72700047492981,0.00188847492980959
25.4010171890259,0.703007638454437,-0.0221043615455627
25.4509968757629,0.729004263877869,0.00389226387786867
25.5009872913361,0.708337903022766,-0.0167740969772339
25.5510332584381,0.723006069660187,-0.00210593033981321
25.6010234355927,0.711310803890228,-0.0138011961097717
25.6510241031647,0.730588912963867,0.00547691296386721
25.7010068893433,0.704657793045044,-0.020454206954956
25.7509953975677,0.733561813831329,0.00844981383132937
25.8009979724884,0.70155394077301,-0.0235580592269897
25.850998878479,0.724629998207092,-0.000482001792907694
25.900995016098,0.713890910148621,-0.0112210898513794
25.9509968757629,0.733889222145081,0.00877722214508059
26.0009932518005,0.710276246070862,-0.0148357539291382
26.0510051250458,0.734151184558868,0.00903918455886843
26.1009979248047,0.709555923938751,-0.0155560760612488
26.1509952545166,0.730562746524811,0.00545074652481081
26.2009971141815,0.705050766468048,-0.0200612335319519
26.2509973049164,0.726843297481537,0.00173129748153689
26.3010101318359,0.706373453140259,-0.0187385468597412
26.3510041236877,0.726633727550507,0.00152172755050661
26.4010026454926,0.701187312602997,-0.0239246873970032
26.4509997367859,0.728296995162964,0.00318499516296389
26.5009996891022,0.693591296672821,-0.0315207033271789
26.5510013103485,0.724472880363464,-0.000639119636535623
26.601003408432,0.704723358154297,-0.0203886418457031
26.6510055065155,0.732828378677368,0.00771637867736819
26.701007604599,0.696511805057526,-0.0286001949424743
26.7510051727295,0.733208239078522,0.00809623907852175
26.801011800766,0.709385693073273,-0.0157263069267273
26.8510136604309,0.735028684139252,0.00991668413925173
26.9010062217712,0.719365239143372,-0.0057467608566284
26.951012134552,0.735539436340332,0.0104274363403321
27.0010108947754,0.712293088436127,-0.0128189115638733
27.0510222911835,0.74409145116806,0.0189794511680603
27.101015329361,0.713157415390015,-0.0119545846099853
27.151006937027,0.735133349895477,0.0100213498954773
27.2010154724121,0.70316481590271,-0.02194718409729
27.2510180473328,0.749395549297333,0.0242835492973328
27.3010189533234,0.723006069660187,-0.00210593033981321
27.3510172367096,0.746959567070007,0.0218475670700073
27.401022195816,0.732579588890076,0.00746758889007571
27.4510629177094,0.738512337207794,0.0134003372077942
27.5010509490967,0.724289536476135,-0.000822463523864725
27.5510630607605,0.738892138004303,0.013780138004303
27.6010704040527,0.719810545444489,-0.00530145455551145
27.651059627533,0.743790209293366,0.0186782092933655
27.7010600566864,0.715567231178284,-0.00954476882171629
27.7510716915131,0.743017554283142,0.0179055542831421
27.8010663986206,0.730719923973084,0.00560792397308352
27.8510615825653,0.749866962432861,0.0247549624328613
27.9010672569275,0.726332545280457,0.00122054528045656
27.9510564804077,0.743554472923279,0.0184424729232788
28.0010695457458,0.720766484737396,-0.00434551526260374
28.0510723590851,0.754974603652954,0.0298626036529541
28.10107421875,0.732828378677368,0.00771637867736819
28.1510672569275,0.745335578918457,0.0202235789184571
28.2010781764984,0.736456155776978,0.0113441557769776
28.2510678768158,0.751333773136139,0.0262217731361389
28.3010451793671,0.725834846496582,0.000722846496582052
28.3510413169861,0.750600397586823,0.0254883975868225
28.4010391235352,0.731230676174164,0.00611867617416384
28.4510383605957,0.745178401470184,0.0200664014701843
28.5010385513306,0.732592701911926,0.00748070191192629
28.5510401725769,0.755983114242554,0.0308711142425537
28.6010413169861,0.736181139945984,0.0110691399459839
28.6510381698608,0.746736943721771,0.0216249437217713
28.7010486125946,0.735081076622009,0.0099690766220093
28.751039981842,0.751084983348846,0.0259729833488465
28.8010501861572,0.735473930835724,0.0103619308357239
28.8510429859161,0.748714447021484,0.0236024470214844
28.9010627269745,0.731492638587952,0.00638063858795168
28.9510414600372,0.75005030632019,0.0249383063201904
29.0010459423065,0.726934969425201,0.00182296942520144
29.051041841507,0.752512454986572,0.0274004549865723
29.101051568985,0.734923899173737,0.00981189917373659
29.1510441303253,0.749788343906403,0.0246763439064026
29.2010505199432,0.735408484935761,0.0102964849357605
29.2510402202606,0.746461868286133,0.0213498682861328
29.3010547161102,0.725690841674805,0.000578841674804709
29.3510482311249,0.748609662055969,0.0234976620559693
29.4010541439056,0.729999601840973,0.00488760184097292
29.451043844223,0.744759380817413,0.0196473808174134
29.5010933876038,0.733443915843964,0.00833191584396364
29.5510764122009,0.744575977325439,0.0194639773254395
29.6010930538177,0.726515889167786,0.00140388916778567
29.6510589122772,0.750102698802948,0.024990698802948
29.7010624408722,0.730051994323731,0.00493999432373049
29.7510478496552,0.751569509506226,0.0264575095062256
29.8010613918304,0.729161441326141,0.00404944132614138
29.8510539531708,0.743737876415253,0.0186258764152527
29.9010632038116,0.730025768280029,0.00491376828002932
29.9510507583618,0.752342224121094,0.0272302241210938
30.0010581016541,0.730130553245544,0.00501855324554446
30.0510537624359,0.754817485809326,0.0297054858093262
30.1010761260986,0.72993403673172,0.00482203673171999
30.1510820388794,0.75116354227066,0.0260515422706604
30.2010989189148,0.737765848636627,0.0126538486366272
30.2510898113251,0.744562864303589,0.0194508643035889
30.3011124134064,0.732042610645294,0.00693061064529421
30.3511118888855,0.746055901050568,0.0209439010505676
30.4010834693909,0.731819987297058,0.00670798729705813
30.4510688781738,0.752879202365875,0.0277672023658753
30.5010743141174,0.728663742542267,0.00355174254226687
30.5510742664337,0.751307606697083,0.0261956066970825
30.60107421875,0.730025768280029,0.00491376828002932
30.6510660648346,0.750665843486786,0.0255538434867859
30.7010757923126,0.735762059688568,0.0106500596885681
30.7510678768158,0.750246822834015,0.0251348228340149
30.8010754585266,0.733836829662323,0.00872482966232302
30.8510725498199,0.754031717777252,0.0289197177772522
30.9010705947876,0.728087544441223,0.00297554444122317
30.9510719776154,0.751896917819977,0.0267849178199768
31.0010707378387,0.730759143829346,0.00564714382934572
31.051070690155,0.753088772296906,0.0279767722969055
31.1010820865631,0.733011722564697,0.00789972256469729
31.1510782241821,0.753101825714111,0.0279898257141113
31.2010900974274,0.73449170589447,0.00937970589447024
31.2510769367218,0.745414137840271,0.020302137840271
31.3010778427124,0.729292333126068,0.00418033312606814
31.3510835170746,0.754712700843811,0.0296007008438111
31.4010791778564,0.731283068656921,0.00617106865692141
31.4510748386383,0.748583495616913,0.0234714956169129
31.5010759830475,0.732972502708435,0.00786050270843508
31.5510785579681,0.752394616603851,0.0272826166038513
31.6010792255402,0.723137021064758,-0.00197497893524168
31.6510758399963,0.756127119064331,0.0310151190643311
31.7010774612427,0.728938758373261,0.00382675837326052
31.7510766983032,0.750679016113281,0.0255670161132813
31.801079750061,0.72590035200119,0.000788352001190207
31.8510808944702,0.748544216156006,0.0234322161560059
31.9010870456696,0.728545904159546,0.00343390415954592
31.9510807991028,0.741668522357941,0.0165565223579407
32.0010805130005,0.723791837692261,-0.00132016230773924
32.0510818958282,0.745230793952942,0.0201187939529419
32.1010875701904,0.732343852519989,0.00723185251998904
32.1511018276215,0.754201889038086,0.029089889038086
32.2011072635651,0.735748887062073,0.0106368870620728
32.2511150836945,0.745047450065613,0.0199354500656128
32.3011212348938,0.734360754489899,0.0092487544898987
32.351114988327,0.745401084423065,0.0202890844230652
32.4010908603668,0.735342919826508,0.0102309198265076
32.4510893821716,0.746199905872345,0.021087905872345
32.5010895729065,0.728702962398529,0.00359096239852907
32.5510885715485,0.753311395645142,0.0281993956451416
32.6010887622833,0.729593634605408,0.00448163460540774
32.651093006134,0.751504004001617,0.0263920040016175
32.7010939121246,0.722102344036102,-0.00300965596389768
32.7510890960693,0.751006364822388,0.0258943648223877
32.8010931015015,0.722207129001617,-0.00290487099838255
32.8510937690735,0.740686357021332,0.0155743570213318
32.9010977745056,0.728087544441223,0.00297554444122317
32.9510929584503,0.753363788127899,0.0282517881278992
33.0010914802551,0.727498173713684,0.0023861737136841
33.0510942935944,0.749277591705322,0.0241655917053223
33.1010918617249,0.725009858608246,-0.000102141391754129
33.1510956287384,0.746055901050568,0.0209439010505676
33.2010946273804,0.73023533821106,0.00512333821105959
33.2510960102081,0.75166118144989,0.0265491814498902
33.3010993003845,0.734046399593353,0.00893439959335329
33.3510978221893,0.742755591869354,0.0176435918693543
33.4011056423187,0.728951871395111,0.00383987139511111
33.4510958194733,0.75834047794342,0.0332284779434204
33.5010936260223,0.729881644248962,0.00476964424896242
33.5510971546173,0.754411458969116,0.0292994589691162
33.6010971069336,0.737438380718231,0.0123263807182312
33.6511063575745,0.751569509506226,0.0264575095062256
33.7011115550995,0.735984683036804,0.0108726830368042
33.7511463165283,0.750194430351257,0.0250824303512573
33.8011419773102,0.731741428375244,0.00662942837524416
33.8511743545532,0.748256087303162,0.0231440873031616
33.9011330604553,0.737045526504517,0.0119335265045166
33.9511296749115,0.746841669082642,0.0217296690826416
34.0011410713196,0.736862123012543,0.0117501230125427
34.0511515140533,0.753625690937042,0.0285136909370423
34.1011953353882,0.74225789308548,0.0171458930854798
34.1511464118958,0.752892255783081,0.0277802557830811
34.2011528015137,0.733902394771576,0.00879039477157595
34.2511456012726,0.756664097309113,0.0315520973091126
34.3011167049408,0.737032353878021,0.0119203538780213
34.3511180877686,0.766499519348145,0.0413875193481446
34.4011223316193,0.74872761964798,0.0236156196479798
34.4511282444,0.767246067523956,0.0421340675239563
34.5011179447174,0.748924016952515,0.0238120169525147
34.5511209964752,0.765425622463226,0.0403136224632263
34.6011257171631,0.738001585006714,0.0128895850067139
34.6511213779449,0.763015866279602,0.0379038662796021
34.7011184692383,0.752198159694672,0.0270861596946717
34.7511212825775,0.77599447965622,0.0508824796562195
34.8011229038239,0.765111327171326,0.0399993271713257
34.8511462211609,0.7762171626091,0.0511051626091004
34.9011330604553,0.758942842483521,0.0338308424835205
34.9511234760284,0.7762171626091,0.0511051626091004
35.0011324882507,0.757999897003174,0.0328878970031738
35.0511522293091,0.766984105110168,0.0418721051101685
35.1011424064636,0.755812764167786,0.0307007641677857
35.1511318683624,0.778299570083618,0.0531875700836182
35.2011313438416,0.762583673000336,0.0374716730003357
35.251131772995,0.779556751251221,0.0544447512512207
35.3011362552643,0.770703554153442,0.0455915541534424
35.3511381149292,0.778548359870911,0.0534363598709107
35.4011352062225,0.754136443138123,0.0290244431381226
35.4511337280273,0.776793360710144,0.0516813607101441
35.5011320114136,0.755184173583984,0.0300721735839844
35.5511445999146,0.771148860454559,0.0460368604545594
35.6011824607849,0.760632336139679,0.035520336139679
35.6511716842651,0.776361227035522,0.0512492270355225
35.7011806964874,0.755223453044891,0.0301114530448914
35.7511672973633,0.774318158626556,0.0492061586265564
35.8011476993561,0.757633209228516,0.0325212092285156
35.8511419296265,0.776151657104492,0.0510396571044922
35.9011580944061,0.763644576072693,0.0385325760726929
35.9511497020721,0.776858925819397,0.051746925819397
36.001137971878,0.753494739532471,0.0283827395324707
36.0511479377747,0.772353708744049,0.0472417087440491
36.1011559963226,0.762413501739502,0.037301501739502
36.1511580944061,0.771646440029144,0.0465344400291443
36.2011675834656,0.763893365859985,0.0387813658599854
36.2511520385742,0.771987020969391,0.0468750209693909
36.3011524677277,0.757358193397522,0.032246193397522
36.3511559963226,0.772248923778534,0.047136923778534
36.4011528491974,0.760933518409729,0.035821518409729
36.4511497020721,0.772851347923279,0.0477393479232788
36.5011472702026,0.758589267730713,0.0334772677307129
36.5511469841003,0.765739977359772,0.0406279773597718
36.6011545658112,0.754856765270233,0.0297447652702332
36.6511495113373,0.775077760219574,0.049965760219574
36.7011489868164,0.765569686889648,0.0404576868896485
36.7511479854584,0.769616484642029,0.0445044846420288
36.8011517524719,0.754961490631104,0.0298494906311035
36.8511624336243,0.769407033920288,0.0442950339202881
36.9011504650116,0.752132713794708,0.0270207137947083
36.9511501789093,0.778273344039917,0.053161344039917
37.001149892807,0.760488271713257,0.0353762717132569
37.0511522293091,0.773493111133575,0.0483811111335755
37.1011505126953,0.751268327236176,0.0261563272361756
37.151154756546,0.766787707805634,0.0416757078056336
37.2011590003967,0.763264715671539,0.0381527156715393
37.2511558532715,0.762937307357788,0.0378253073577881
37.3011662960052,0.752643465995789,0.0275314659957886
37.3511633872986,0.771096467971802,0.0459844679718018
37.4011676311493,0.757462978363037,0.0323509783630371
37.4511563777924,0.771803617477417,0.046691617477417
37.5011644363403,0.757201015949249,0.0320890159492493
37.5511577129364,0.769655823707581,0.0445438237075806
37.60116314888,0.761116862297058,0.0360048622970581
37.6511535644531,0.76216459274292,0.0370525927429199
37.7011568546295,0.767075836658478,0.0419638366584778
37.751161813736,0.772419154644012,0.0473071546440125
37.8011558055878,0.772131025791168,0.0470190257911682
37.8511610031128,0.774933695793152,0.0498216957931519
37.9011619091034,0.760540664196014,0.0354286641960144
37.9511616230011,0.764967262744904,0.0398552627449036
38.0011601448059,0.765072047710419,0.0399600477104187
38.0511572360992,0.772890686988831,0.0477786869888306
38.1011860370636,0.755694925785065,0.0305829257850647
38.1511628627777,0.764652907848358,0.0395409078483582
38.2011694908142,0.756441473960876,0.0313294739608765
38.2511625289917,0.769957005977631,0.0448450059776306
38.3011662960052,0.757737994194031,0.0326259941940308
38.3511645793915,0.769917786121368,0.0448057861213684
38.401162147522,0.754228115081787,0.0291161150817871
38.451159954071,0.768136620521545,0.0430246205215454
38.5011610984802,0.761902689933777,0.0367906899337769
38.5511691570282,0.762347936630249,0.037235936630249
38.6011712551117,0.759872734546661,0.0347607345466614
38.6511840820312,0.768149733543396,0.043037733543396
38.7011697292328,0.759571552276611,0.0344595522766113
38.7511711120605,0.776557624340057,0.0514456243400574
38.8011698722839,0.757358193397522,0.032246193397522
38.8511710166931,0.767390072345734,0.0422780723457337
38.9011809825897,0.758497536182404,0.0333855361824036
38.9511654376984,0.763814747333527,0.0387027473335266
39.0011742115021,0.758078515529633,0.0329665155296326
39.0511684417725,0.76701033115387,0.0418983311538697
39.101175069809,0.760763287544251,0.0356512875442505
39.1511671543121,0.760357320308685,0.0352453203086853
39.2011771202087,0.750901639461517,0.0257896394615174
39.2511699199677,0.769000947475433,0.0438889474754334
39.3011796474457,0.767953217029572,0.0428412170295716
39.3511741161346,0.772497773170471,0.0473857731704712
39.4012022018433,0.76094663143158,0.0358346314315796
39.4512233734131,0.767560422420502,0.0424484224205017
39.5012335777283,0.758654713630676,0.0335427136306763
39.5512275695801,0.769249856472015,0.0441378564720154
39.6012473106384,0.759322643280029,0.0342106432800293
39.6512303352356,0.762308716773987,0.0371967167739868
39.7012207508087,0.755013883113861,0.0299018831138611
39.7512168884277,0.765582799911499,0.040470799911499
39.8011903762817,0.754123330116272,0.029011330116272
39.8511848449707,0.769852221012116,0.0447402210121155
39.9011881351471,0.767691373825073,0.0425793738250733
39.9511864185333,0.761287152767181,0.0361751527671814
40.0011868476868,0.752682685852051,0.0275706858520508
40.0512018203735,0.766551911830902,0.0414399118309021
40.1012222766876,0.764744639396668,0.0396326393966675
40.1512424945831,0.766224563121796,0.0411125631217957
40.2012453079224,0.753363788127899,0.0282517881278992
40.2512044906616,0.760448932647705,0.0353369326477051
40.3011999130249,0.760789453983307,0.0356774539833069
40.3512027263641,0.765478014945984,0.0403660149459839
40.4012055397034,0.760331094264984,0.0352190942649842
40.4512007236481,0.757502198219299,0.0323901982192993
40.5012052059174,0.761601448059082,0.0364894480590821
40.551206111908,0.774828910827637,0.0497169108276367
40.6012063026428,0.771436929702759,0.0463249297027588
40.6512081623077,0.785253763198853,0.0601417631988526
40.7011992931366,0.771135687828064,0.046023687828064
40.7512016296387,0.769393861293793,0.0442818612937927
40.8011999130249,0.770284414291382,0.0451724142913819
40.8512020111084,0.769158124923706,0.0440461249237061
40.9012043476105,0.775326609611511,0.0502146096115113
40.9512012004852,0.769014060497284,0.043902060497284
41.0011999607086,0.770795166492462,0.0456831664924622
41.0512094497681,0.780041396617889,0.0549293966178894
41.10120844841,0.777932822704315,0.0528208227043152
41.1512126922607,0.775208711624146,0.0500967116241455
41.2012093067169,0.768856942653656,0.043744942653656
41.2512137889862,0.779713928699493,0.0546019286994934
41.3012146949768,0.787781357765198,0.0626693577651978
41.3512146472931,0.774200320243835,0.0490883202438355
41.4012155532837,0.785214483737946,0.0601024837379456
41.4512114524841,0.784939408302307,0.0598274083023072
41.5012111663818,0.782490372657776,0.0573783726577759
41.5512330532074,0.792221069335938,0.0671090693359375
41.6012532711029,0.785895466804504,0.0607834668045044
41.6512634754181,0.791225790977478,0.0661137909774781
41.7012631893158,0.78803026676178,0.0629182667617798
41.7512617111206,0.796477496623993,0.0713654966239929
41.8012619018555,0.792483031749725,0.0673710317497254
41.8512578010559,0.799934923648834,0.0748229236488343
41.9012539386749,0.801598191261292,0.0764861912612915
41.9512360095978,0.803523421287537,0.0784114212875366
42.0012581348419,0.805946230888367,0.0808342308883667
42.0512616634369,0.799122989177704,0.0740109891777039
42.1012771129608,0.802920937538147,0.077808937538147
42.1512615680695,0.799934923648834,0.0748229236488343
42.2012619972229,0.816122233867645,0.0910102338676453
42.2512645721436,0.806142747402191,0.0810307474021912
42.3012340068817,0.794329643249512,0.0692176432495117
42.3512344360352,0.80470210313797,0.07959010313797
42.4012370109558,0.800576686859131,0.0754646868591309
42.4512324333191,0.795194029808044,0.0700820298080445
42.5012323856354,0.803484082221985,0.0783720822219849
42.5512261390686,0.802318513393402,0.0772065133934021
42.6012282371521,0.804466307163239,0.0793543071632385
42.6512317657471,0.796398878097534,0.0712868780975342
42.7012302875519,0.801964938640595,0.0768529386405945
42.7512292861938,0.797119200229645,0.0720072002296448
42.8012297153473,0.80470210313797,0.07959010313797
42.8512320518494,0.796071469783783,0.070959469783783
42.9012348651886,0.795115411281586,0.0700034112815857
42.9512300491333,0.791828155517578,0.0667161555175781
43.001229763031,0.801008880138397,0.0758968801383972
43.0512301921844,0.795534551143646,0.0704225511436463
43.1012282371521,0.804073393344879,0.0789613933448792
43.1512308120728,0.796726286411285,0.0716142864112854
43.2012298107147,0.79934561252594,0.07423361252594
43.2512307167053,0.797538340091705,0.0724263400917053
43.3012311458588,0.801951766014099,0.0768397660140991
43.3512403964996,0.797944307327271,0.0728323073272705
43.4012351036072,0.79580956697464,0.0706975669746399
43.4512324333191,0.795521378517151,0.0704093785171509
43.5012311935425,0.797944307327271,0.0728323073272705
43.5512402057648,0.797394216060638,0.0722822160606385
43.6012351512909,0.799659967422485,0.0745479674224854
43.6512341499329,0.792928278446198,0.0678162784461975
43.701233625412,0.802004158496857,0.0768921584968567
43.7512366771698,0.789182722568512,0.064070722568512
43.8012642860413,0.804950892925262,0.0798388929252625
43.8512372970581,0.78882908821106,0.0637170882110596
43.9012408256531,0.791042387485504,0.0659303874855042
43.9512383937836,0.793425977230072,0.068313977230072
44.0012362003326,0.792352080345154,0.0672400803451538
44.0512483119965,0.79308545589447,0.0679734558944702
44.101263999939,0.79469633102417,0.0695843310241699
44.1512787342072,0.791225790977478,0.0661137909774781
44.2012670040131,0.796660840511322,0.071548840511322
44.2512722015381,0.789470791816711,0.0643587918167115
44.3012452125549,0.794120073318481,0.0690080733184815
44.3512489795685,0.787794470787048,0.0626824707870484
44.401246547699,0.802606642246246,0.0774946422462464
44.4512467384338,0.79559999704361,0.0704879970436096
44.5012443065643,0.795089244842529,0.0699772448425293
44.5512437820435,0.789195775985718,0.0640837759857178
44.6012470722198,0.798193097114563,0.073081097114563
44.6512506008148,0.79429030418396,0.06917830418396
44.7012486457825,0.802095890045166,0.076983890045166
44.7512471675873,0.791396021842957,0.0662840218429566
44.8012480735779,0.803418636322022,0.0783066363220215
44.8512513637543,0.791906774044037,0.0667947740440369
44.9012508392334,0.798978865146637,0.073866865146637
44.9512491226196,0.791330575942993,0.0662185759429932
45.0012502670288,0.796909630298615,0.0717976302986145
45.0512542724609,0.793845117092133,0.0687331170921326
45.1012532711029,0.790426850318909,0.0653148503189087
45.1512603759766,0.791697263717651,0.0665852637176514
45.2012493610382,0.796700119972229,0.071588119972229
45.2512564659119,0.795010626316071,0.0698986263160706
45.3012540340424,0.798481285572052,0.073369285572052
45.3512587547302,0.780028223991394,0.0549162239913941
45.4012529850006,0.794788002967835,0.0696760029678345
45.4512524604797,0.788816034793854,0.0637040347938538
45.5012519359589,0.805186629295349,0.0800746292953491
45.5512511730194,0.791998505592346,0.0668865055923462
45.601254940033,0.802253007888794,0.077141007888794
45.6512515544891,0.786393165588379,0.0612811655883789
45.7012536525726,0.796935856342316,0.0718238563423157
45.7512516975403,0.788802981376648,0.063690981376648
45.8012542724609,0.797394216060638,0.0722822160606385
45.8512597084045,0.781652271747589,0.0565402717475891
45.9012606143951,0.79590117931366,0.0707891793136597
45.9512548446655,0.78782069683075,0.0627086968307495
46.0012545585632,0.796896576881409,0.0717845768814087
46.0512573719025,0.796857237815857,0.071745237815857
46.1012551784515,0.793753385543823,0.0686413855438233
46.1512584686279,0.789929270744324,0.0648172707443238
46.2012619972229,0.799424171447754,0.0743121714477539
46.2512593269348,0.791801989078522,0.0666899890785218
46.3012592792511,0.793033063411713,0.0679210634117127
46.3512675762177,0.796791791915894,0.0716797919158936
46.4012649059296,0.793596208095551,0.0684842080955506
46.4512615203857,0.781377136707306,0.0562651367073059
46.5012605190277,0.79773473739624,0.0726227373962403
46.5512628555298,0.786615788936615,0.061503788936615
46.601261138916,0.794748723506928,0.0696367235069275
46.651266336441,0.788462400436401,0.0633504004364014
46.7012610435486,0.796529889106751,0.0714178891067505
46.7512676715851,0.788252890110016,0.0631408901100159
46.8012659549713,0.800170719623566,0.0750587196235657
46.8512680530548,0.785803854465485,0.0606918544654846
46.9012651443481,0.799882590770721,0.0747705907707215
46.9512660503388,0.789090991020203,0.0639789910202027
47.0012650489807,0.805383086204529,0.0802710862045288
47.0512692928314,0.790518581867218,0.065406581867218
47.1012704372406,0.80056357383728,0.0754515738372803
47.1512730121613,0.784153640270233,0.0590416402702332
47.2012665271759,0.803615033626556,0.0785030336265564
47.2512664794922,0.791304349899292,0.066192349899292
47.3012745380402,0.801702976226807,0.0765909762268067
47.3512849807739,0.783027350902557,0.0579153509025574
47.4012749195099,0.795233368873596,0.0701213688735962
47.4512712955475,0.784494161605835,0.059382161605835
47.5012722015381,0.808722734451294,0.083610734451294
47.5512731075287,0.79772162437439,0.0726096243743897
47.6012852191925,0.807675004005432,0.0825630040054321
47.6513183116913,0.796176254749298,0.0710642547492981
47.7013237476349,0.804060339927673,0.0789483399276734
47.751327753067,0.798887252807617,0.0737752528076172
47.8013300895691,0.81409227848053,0.0889802784805298
47.851322889328,0.777644693851471,0.052532693851471
47.9013228416443,0.826337516307831,0.101225516307831
47.951299905777,0.819016575813293,0.0939045758132935
48.0013008117676,0.816253185272217,0.0911411852722168
48.0513343811035,0.810490727424622,0.0853787274246216
48.1013312339783,0.816855609416962,0.0917436094169617
48.1513338088989,0.814707815647125,0.0895958156471253
48.2013275623322,0.825669586658478,0.100557586658478
48.2513310909271,0.810726523399353,0.085614523399353
48.3013048171997,0.823967039585114,0.0988550395851135
48.3512935638428,0.814550638198853,0.0894386381988526
48.4013011455536,0.841516375541687,0.116404375541687
48.4512937068939,0.81156462430954,0.0864526243095398
48.5012943744659,0.834444284439087,0.109332284439087
48.5512917041779,0.843232035636902,0.118120035636902
48.6012964248657,0.840887725353241,0.115775725353241
48.6512975692749,0.826363682746887,0.101251682746887
48.7012956142426,0.843127250671387,0.118015250671387
48.751291513443,0.834064483642578,0.108952483642578
48.8012981414795,0.834876418113709,0.109764418113709
48.8512964248657,0.830410480499268,0.105298480499268
48.901300907135,0.843926131725311,0.118814131725311
48.951297044754,0.839132845401764,0.114020845401764
49.0012965202332,0.858096599578857,0.132984599578857
49.0513010025024,0.829218745231628,0.104106745231628
49.101300239563,0.849531412124634,0.124419412124634
49.1512985229492,0.841424643993378,0.116312643993378
49.2013008594513,0.836369454860687,0.111257454860687
49.2512984275818,0.833461999893189,0.108349999893189
49.3013021945953,0.852072179317474,0.126960179317474
49.3513054847717,0.844738125801086,0.119626125801086
49.4013078212738,0.854311645030975,0.129199645030975
49.4513018131256,0.835688412189484,0.110576412189484
49.5013046264648,0.850277960300446,0.125165960300446
49.5513179302216,0.841817557811737,0.116705557811737
49.6013426780701,0.853460431098938,0.128348431098938
49.6513402462006,0.835282444953918,0.110170444953918
49.7013125419617,0.850893497467041,0.125781497467041
49.7513065338135,0.837901711463928,0.112789711463928
49.8013095855713,0.85005533695221,0.12494333695221
49.8513069152832,0.832126140594482,0.107014140594482
49.9013423919678,0.848261117935181,0.123149117935181
49.9513127803803,0.84359872341156,0.11848672341156
50.0013067722321,0.857166707515717,0.132054707515717
50.0513069629669,0.834719240665436,0.109607240665436
50.1013083457947,0.848077774047852,0.122965774047852
50.1513111591339,0.834850251674652,0.109738251674652
50.201310634613,0.860126495361328,0.135014495361328
50.2513091564178,0.835361003875732,0.110249003875732
50.30131483078,0.851155459880829,0.126043459880829
50.3513116836548,0.831824958324432,0.106712958324432
50.4013102054596,0.852465033531189,0.127353033531189
50.4513082504272,0.834470450878143,0.109358450878143
50.5013103485107,0.848902821540833,0.123790821540833
50.5513110160828,0.832702457904816,0.107590457904816
50.6013090610504,0.843310594558716,0.118198594558716
50.6513094902039,0.831916689872742,0.106804689872742
50.7013168334961,0.844030916690826,0.118918916690826
50.7513146400452,0.831209421157837,0.106097421157837
50.8013138771057,0.851967394351959,0.126855394351959
50.851330280304,0.834129929542542,0.109017929542542
50.9013168811798,0.845628678798676,0.120516678798676
50.9513158798218,0.825800538063049,0.100688538063049
51.0013151168823,0.853460431098938,0.128348431098938
51.0513200759888,0.829912900924683,0.104800900924683
51.1013171672821,0.845772743225098,0.120660743225098
51.1513266563416,0.829716384410858,0.104604384410858
51.2013173103333,0.851247072219849,0.126135072219849
51.2513175010681,0.830489099025726,0.105377099025726
51.3013298511505,0.845838189125061,0.120726189125061
51.3513238430023,0.831628501415253,0.106516501415253
51.4013299942017,0.840717494487762,0.115605494487762
51.451363325119,0.827372133731842,0.102260133731842
51.5013682842255,0.847593188285828,0.122481188285828
51.5513546466827,0.832257091999054,0.107145091999054
51.6013569831848,0.851469695568085,0.126357695568085
51.6513562202454,0.83005690574646,0.10494490574646
51.701331615448,0.848850429058075,0.123738429058075
51.7513222694397,0.831576108932495,0.106464108932495
51.8013331890106,0.849557638168335,0.124445638168335
51.8513305187225,0.827791273593903,0.102679273593903
51.9013283252716,0.848274171352387,0.123162171352387
51.951329946518,0.818793952465057,0.0936819524650574
52.0013282299042,0.847868204116821,0.122756204116821
52.0513334274292,0.823796808719635,0.098684808719635
52.101334810257,0.841830730438232,0.116718730438232
52.1513328552246,0.828472256660461,0.103360256660461
52.2013320922852,0.844188094139099,0.119076094139099
52.2513320446014,0.835531234741211,0.110419234741211
52.3013353347778,0.849073052406311,0.123961052406311
52.3513333797455,0.83005690574646,0.10494490574646
52.4013345241547,0.847344279289246,0.122232279289246
52.451331615448,0.833003640174866,0.107891640174866
52.5013303756714,0.853277087211609,0.128165087211609
52.5513343811035,0.838242292404175,0.113130292404175
52.601331949234,0.843140304088593,0.118028304088593
52.6513321399689,0.826691150665283,0.101579150665283
52.7013313770294,0.842930853366852,0.117818853366852
52.7513334751129,0.831851124763489,0.106739124763489
52.8013315200806,0.840730607509613,0.115618607509613
52.8513376712799,0.827084004878998,0.101972004878998
52.9013369083405,0.849230229854584,0.124118229854584
52.9513344764709,0.829585492610931,0.104473492610931
53.0013332366943,0.84429281949997,0.11918081949997
53.0513334274292,0.828302025794983,0.103190025794983
53.1013352870941,0.850435137748718,0.125323137748718
53.1513364315033,0.828786611557007,0.103674611557007
53.2013354301453,0.843729674816132,0.118617674816132
53.2513339519501,0.829271137714386,0.104159137714386
53.301340341568,0.842590272426605,0.117478272426605
53.3513476848602,0.81844037771225,0.0933283777122498
53.4013423919678,0.847016870975494,0.121904870975494
53.4513356685638,0.823875308036804,0.0987633080368042
53.5013411045074,0.846296608448029,0.121184608448029
53.5513424873352,0.820574998855591,0.0954629988555908
53.6013395786285,0.84945285320282,0.12434085320282
53.6513419151306,0.820614337921143,0.0955023379211426
53.7013473510742,0.840756833553314,0.115644833553314
53.7513384819031,0.823521733283997,0.0984097332839966
53.8013458251953,0.846414506435394,0.121302506435394
53.8513641357422,0.830462872982025,0.105350872982025
53.901371717453,0.834614515304565,0.109502515304565
53.9513795375824,0.816475808620453,0.0913638086204529
54.0013780593872,0.846990704536438,0.121878704536438
54.0513858795166,0.826651811599731,0.101539811599731
54.1013827323914,0.838910222053528,0.113798222053528
54.1513772010803,0.819226086139679,0.094114086139679
54.2013785839081,0.841267585754395,0.116155585754395
54.2513825893402,0.834391891956329,0.109279891956329
54.3013782501221,0.843362987041473,0.118250987041473
54.3513474464417,0.831746339797974,0.106634339797974
54.401349067688,0.830606997013092,0.105494997013092
54.4513521194458,0.839316189289093,0.114204189289093
54.5013492107391,0.856852352619171,0.131740352619171
54.5513470172882,0.848876655101776,0.123764655101776
54.6013495922089,0.866465210914612,0.141353210914612
54.651349067688,0.848627746105194,0.123515746105194
54.701354265213,0.864959120750427,0.139847120750427
54.7513492107391,0.845615565776825,0.120503565776825
54.8013532161713,0.882927536964417,0.157815536964417
54.8513579368591,0.831026017665863,0.105914017665863
54.9013531208038,0.87309205532074,0.14798005532074
54.9513504505157,0.858515620231628,0.133403620231628
55.0013508796692,0.876182854175568,0.151070854175568
55.0513553619385,0.893941700458527,0.168829700458527
55.1013514995575,0.88148695230484,0.15637495230484
55.1513497829437,0.876719832420349,0.151607832420349
55.2013559341431,0.887786388397217,0.162674388397217
55.2513527870178,0.871834754943848,0.146722754943848
55.3013529777527,0.909199178218842,0.184087178218842
55.3513677120209,0.87330162525177,0.14818962525177
55.4013533592224,0.907575130462647,0.182463130462647
55.4513552188873,0.882416725158691,0.157304725158691
55.5013542175293,0.865443706512451,0.140331706512451
55.5513679981232,0.900686383247376,0.175574383247376
55.601393699646,0.911700546741486,0.186588546741486
55.6514027118683,0.891676008701324,0.166564008701324
55.7014491558075,0.906815588474274,0.181703588474274
55.7513980865479,0.899324357509613,0.174212357509613
55.8013944625855,0.912172079086304,0.187060079086304
55.8514063358307,0.898512363433838,0.173400363433838
55.9013693332672,0.936806559562683,0.211694559562683
55.9513850212097,0.908125221729279,0.183013221729279
56.0013716220856,0.920972883701324,0.195860883701324
56.0513837337494,0.912132740020752,0.187020740020752
56.1013886928558,0.927560448646545,0.202448448646545
56.1513848304749,0.915197372436523,0.190085372436523
56.2014031410217,0.928752243518829,0.203640243518829
56.2513995170593,0.915367603302002,0.190255603302002
56.3014090061188,0.93988424539566,0.21477224539566
56.3513903617859,0.91925722360611,0.19414522360611
56.401379108429,0.923029065132141,0.197917065132141
56.4513778686523,0.9237100481987,0.1985980481987
56.5013744831085,0.929459452629089,0.204347452629089
56.5513737201691,0.912840008735657,0.187728008735657
56.6013724803925,0.933794438838959,0.208682438838959
56.6513738632202,0.905178546905518,0.180066546905518
56.7013845443726,0.935758888721466,0.210646888721466
56.7513747215271,0.90917295217514,0.18406095217514
56.8013751506805,0.928411722183228,0.203299722183228
56.85138463974,0.912211298942566,0.187099298942566
56.9013772010803,0.932838320732117,0.207726320732117
56.9513800144196,0.906095266342163,0.180983266342163
57.0013754367828,0.932668089866638,0.207556089866638
57.0513761043549,0.912001848220825,0.186889848220825
57.101377248764,0.925360262393951,0.200248262393951
57.1513750553131,0.900765001773834,0.175653001773834
57.2013788223267,0.924639940261841,0.199527940261841
57.2513799667358,0.906710803508759,0.181598803508759
57.3013787269592,0.933519423007965,0.208407423007965
57.3513824939728,0.901406705379486,0.176294705379486
57.4013798236847,0.927495002746582,0.202383002746582
57.4513852596283,0.903606951236725,0.178494951236725
57.5013809204102,0.928791522979736,0.203679522979736
57.5513787269592,0.903449773788452,0.178337773788452
57.6013844013214,0.913259029388428,0.188147029388428
57.6513993740082,0.914162695407867,0.189050695407867
57.70143699646,0.925805568695068,0.200693568695068
57.7514345645905,0.910338521003723,0.185226521003723
57.801432132721,0.919218003749847,0.194106003749847
57.8514156341553,0.906278610229492,0.181166610229492
57.9014189243317,0.928673684597015,0.203561684597015
57.9514210224152,0.907418012619019,0.182306012619019
58.0014262199402,0.92674845457077,0.20163645457077
58.0514314174652,0.90593808889389,0.18082608889389
58.101434469223,0.925059020519257,0.199947020519257
58.1514275074005,0.898970782756805,0.173858782756805
58.2014236450195,0.926669895648956,0.201557895648956
58.251425743103,0.903855741024017,0.178743741024017
58.3014299869537,0.920566916465759,0.195454916465759
58.351414680481,0.90300452709198,0.17789252709198
58.4014008045197,0.925504267215729,0.200392267215729
58.4513959884644,0.904641568660736,0.179529568660736
58.5013983249664,0.92542576789856,0.20031376789856
58.5513968467712,0.898224234580994,0.173112234580994
58.6013975143433,0.91431987285614,0.18920787285614
58.6513960361481,0.904563009738922,0.179451009738922
58.7014143466949,0.919126272201538,0.194014272201538
58.7514154911041,0.906697750091553,0.181585750091553
58.8014092445374,0.908858597278595,0.183746597278595
58.8514025211334,0.900699555873871,0.175587555873871
58.9014055728912,0.907418012619019,0.182306012619019
58.9514131546021,0.902336597442627,0.177224597442627
59.0014088153839,0.920147895812988,0.195035895812988
59.0514013767242,0.893732190132141,0.168620190132141
59.1014044284821,0.911700546741486,0.186588546741486
59.1514039039612,0.905073761940002,0.179961761940002
59.201402425766,0.911621987819672,0.186509987819672
59.2514045238495,0.896953940391541,0.171841940391541
59.3014085292816,0.913665115833283,0.188553115833282
59.3514153957367,0.902886629104614,0.177774629104614
59.401415348053,0.913926959037781,0.188814959037781
59.4514148235321,0.908636033535004,0.183524033535004
59.5014133453369,0.921693205833435,0.196581205833435
59.5514135360718,0.893313050270081,0.168201050270081
59.6014180183411,0.918903648853302,0.193791648853302
59.6514172554016,0.89814567565918,0.17303367565918
59.7014186382294,0.908675253391266,0.183563253391266
59.751415014267,0.89946848154068,0.17435648154068
59.8014161586761,0.920514523983002,0.195402523983002
59.8514201641083,0.88965916633606,0.16454716633606
59.9014155864716,0.913088798522949,0.187976798522949
59.9514119625092,0.892461776733398,0.167349776733398
60.0014131069183,0.916899859905243,0.191787859905243
60.0514175891876,0.900686383247376,0.175574383247376
60.1014137268066,0.915275931358337,0.190163931358337
60.1514122486114,0.899180293083191,0.174068293083191
60.201420545578,0.913900792598724,0.188788792598724
60.2514224052429,0.894478678703308,0.169366678703308
60.3014185428619,0.913429319858551,0.188317319858551
60.3514177799225,0.900332808494568,0.175220808494568
60.401417016983,0.914699673652649,0.189587673652649
60.4514181613922,0.903842687606812,0.178730687606812
60.5014164447784,0.914660394191742,0.189548394191742
60.5514163970947,0.898708820343018,0.173596820343018
60.6014177799225,0.910050451755524,0.184938451755524
60.6514186859131,0.899586319923401,0.174474319923401
60.7014193534851,0.909578919410706,0.184466919410706
60.7514190673828,0.905374944210053,0.180262944210053
60.8014240264893,0.918406009674072,0.193294009674072
60.8514215946198,0.89674437046051,0.17163237046051
60.9014213085175,0.915302157402039,0.190190157402039
60.9514193534851,0.901537716388702,0.176425716388702
61.0014204978943,0.91048264503479,0.18537064503479
61.0514237880707,0.901432931423187,0.176320931423187
61.1014215946198,0.90542733669281,0.18031533669281
61.1514220237732,0.900620937347412,0.175508937347412
61.2014257907867,0.91129457950592,0.18618257950592
61.2514219284058,0.898931503295898,0.173819503295898
61.3014206886292,0.912774443626404,0.187662443626404
61.3514268398285,0.89865642786026,0.17354442786026
61.4014282226563,0.910351634025574,0.185239634025574
61.4514231681824,0.908112108707428,0.183000108707428
61.5014264583588,0.907378733158112,0.182266733158112
61.5514650344849,0.930886924266815,0.205774924266815
61.6014688014984,0.926303148269653,0.201191148269653
61.6514716148376,0.916415333747864,0.191303333747864
61.7014861106873,0.928883254528046,0.203771254528046
61.7514748573303,0.9147127866745,0.1896007866745
61.8014788627625,0.932170391082764,0.207058391082764
61.8514657020569,0.927914023399353,0.202802023399353
61.9014637470245,0.92947256565094,0.20436056565094
61.9514412879944,0.93937349319458,0.21426149319458
62.0014762878418,0.938797295093536,0.213685295093536
62.0514874458313,0.932864546775818,0.207752546775818
62.1014800071716,0.942896485328674,0.217784485328674
62.1514921188355,0.942883372306824,0.217771372306824
62.2015016078949,0.950230479240418,0.225118479240417
62.2514963150024,0.945961058139801,0.220849058139801
62.301454782486,0.967701256275177,0.242589256275177
62.3514428138733,0.967177450656891,0.242065450656891
62.4014489650726,0.969914555549622,0.244802555549622
62.4514462947846,0.965278446674347,0.240166446674347
62.5014488697052,0.967386960983276,0.242274960983276
62.5514490604401,0.966915488243103,0.241803488243103
62.6014478206635,0.979972660541534,0.254860660541534
62.651447057724,0.974969863891602,0.249857863891602
62.7014510631561,0.982762217521668,0.257650217521667
62.7514510154724,0.976056814193726,0.250944814193726
62.8014495372772,0.986560225486755,0.261448225486755
62.8514528274536,0.977418899536133,0.252306899536133
62.9014577865601,0.991432130336762,0.266320130336761
62.9514524936676,0.993527591228485,0.268415591228485
63.0014519691467,0.994247913360596,0.269135913360596
63.0514600276947,1.01067090034485,0.285558900344849
63.1014547348022,0.994274079799652,0.269162079799652
63.1514511108398,1.00306189060211,0.277949890602112
63.2014527320862,0.998700678348541,0.273588678348541
63.2514531612396,1.00244629383087,0.277334293830872
63.3014576435089,1.00422751903534,0.279115519035339
63.3514535427094,0.99220484495163,0.26709284495163
63.4014558792114,1.00213193893433,0.277019938934326
63.451455116272,1.00245940685272,0.277347406852722
63.5014543533325,0.989415287971497,0.264303287971497
63.5514528751373,0.985224366188049,0.260112366188049
63.6014564037323,0.999185264110565,0.274073264110565
63.6514551639557,0.986429274082184,0.261317274082184
63.7014751434326,0.994719386100769,0.269607386100769
63.7515065670013,0.989297389984131,0.264185389984131
63.8015127182007,0.992322683334351,0.267210683334351
63.8514993190765,0.990449905395508,0.265337905395508
63.9014956951141,1.00544536113739,0.28033336113739
63.9514708518982,0.989035546779633,0.263923546779633
64.0014891624451,0.996644616127014,0.271532616127014
64.0515146255493,0.992466807365418,0.267354807365417
64.1015095710754,0.994116902351379,0.269004902351379
64.1515140533447,0.986114978790283,0.261002978790283
64.2015082836151,0.992427468299866,0.267315468299866
64.2515025138855,0.991995275020599,0.266883275020599
64.3015065193176,0.985905468463898,0.260793468463898
64.3514890670776,0.972586274147034,0.247474274147034
64.4014782905579,0.994457423686981,0.269345423686981
64.4514682292938,0.981033504009247,0.255921504009247
64.5014684200287,0.981452643871307,0.256340643871307
64.5514738559723,0.985695898532867,0.260583898532867
64.6014719009399,0.99250602722168,0.26739402722168
64.6514699459076,0.985813736915588,0.260701736915588
64.7014708518982,0.986953139305115,0.261841139305115
64.7514741420746,0.986101865768433,0.260989865768433
64.8014757633209,0.978780925273895,0.253668925273895
64.8514747619629,0.968421578407288,0.243309578407288
64.9014730453491,0.98645544052124,0.26134344052124
64.9514746665955,0.983836114406586,0.258724114406586
65.0014719963074,0.983639717102051,0.258527717102051
65.0514719486237,0.983888506889343,0.258776506889343
65.1014723777771,0.991013050079346,0.265901050079346
65.151474237442,0.991615533828735,0.266503533828735
65.201474905014,0.978571355342865,0.253459355342865
65.2514736652374,0.979920268058777,0.254808268058777
65.3014764785767,0.98827588558197,0.26316388558197
65.3514792919159,0.984386205673218,0.259274205673218
65.4014854431152,0.985761344432831,0.260649344432831
65.4514746665955,0.979409515857697,0.254297515857697
65.501481294632,0.981465697288513,0.256353697288513
65.5514812469482,0.977327227592468,0.252215227592468
65.6014823913574,0.989742696285248,0.264630696285248
65.6514849662781,0.97897732257843,0.25386532257843
65.7014830112457,0.981845498085022,0.256733498085022
65.7514872550964,0.982251465320587,0.257139465320587
65.8014838695526,0.981950283050537,0.256838283050537
65.8514859676361,0.979946494102478,0.254834494102478
65.9014859199524,0.986259043216705,0.261147043216705
65.9514813423157,0.981609702110291,0.256497702110291
66.0014824867249,0.985355377197266,0.260243377197266
66.0514879226685,0.976266384124756,0.251154384124756
66.1014823913574,0.983548045158386,0.258436045158386
66.1514801979065,0.976894974708557,0.251782974708557
66.20148229599,0.986350655555725,0.261238655555725
66.2514865398407,0.972560107707977,0.247448107707977
66.3014891147614,0.977327227592468,0.252215227592468
66.3514931201935,0.973882794380188,0.248770794380188
66.401483297348,0.975480616092682,0.250368616092682
66.4514846801758,0.983286142349243,0.258174142349243
66.5014839172363,0.976633131504059,0.251521131504059
66.5514831542969,0.982172906398773,0.257060906398773
66.601487159729,0.986926972866058,0.261814972866058
66.6514863967896,0.987175762653351,0.262063762653351
66.7014851570129,0.982749164104462,0.257637164104462
66.7514867782593,0.976240217685699,0.251128217685699
66.8014907836914,0.982369363307953,0.257257363307953
66.851500749588,0.984766006469727,0.259654006469727
66.9014859199524,0.982133626937866,0.257021626937866
66.9514858722687,0.983810007572174,0.258698007572174
67.0014872550964,0.981583535671234,0.256471535671234
67.0514876842499,0.977248668670654,0.252136668670654
67.1014873981476,0.970726549625397,0.245614549625397
67.1514863967896,0.976829528808594,0.251717528808594
67.2014932632446,0.97765463590622,0.252542635906219
67.2514913082123,0.978623747825623,0.253511747825623
67.301488161087,0.977641522884369,0.252529522884369
67.3514909744263,0.981085896492004,0.255973896492004
67.4014909267426,0.976515173912048,0.251403173912048
67.4514935016632,0.976777136325836,0.251665136325836
67.5014975070953,0.979632198810577,0.254520198810577
67.5515379905701,0.981374084949493,0.256262084949493
67.6015374660492,0.980863273143768,0.255751273143768
67.6515357494354,0.976711690425873,0.251599690425873
67.7015454769135,0.984137415885925,0.259025415885925
67.7515451908112,0.974590003490448,0.249478003490448
67.801561832428,0.980025053024292,0.254913053024292
67.8515343666077,0.982644379138947,0.257532379138947
67.9015371799469,0.977576076984406,0.252464076984406
67.9515135288239,0.973070859909058,0.247958859909058
68.0015165805817,0.97271728515625,0.24760528515625
68.0515429973602,0.969089508056641,0.243977508056641
68.1015484333038,0.972219586372376,0.247107586372375
68.1515564918518,0.980352461338043,0.255240461338043
68.2015588283539,0.971761226654053,0.246649226654053
68.2515482902527,0.970503926277161,0.245391926277161
68.3015587329865,0.974210202693939,0.249098202693939
68.351514339447,0.964112818241119,0.239000818241119
68.4015142917633,0.981413304805756,0.256301304805756
68.4515097141266,0.976515173912048,0.251403173912048
68.5015137195587,0.989651083946228,0.264539083946228
68.551512002945,0.994640827178955,0.269528827178955
68.6015121936798,0.999709129333496,0.274597129333496
68.6515097618103,0.996854066848755,0.271742066848755
68.7015137672424,0.99674928188324,0.27163728188324
68.751514673233,1.00802540779114,0.282913407791138
68.8015134334564,0.998779296875,0.273667296875
68.85151720047,1.02341389656067,0.298301896560669
68.9015154838562,1.00818252563477,0.283070525634766
68.9515147209167,1.01699650287628,0.291884502876282
69.0015137195587,1.01627624034882,0.291164240348816
69.0515167713165,1.03049898147583,0.30538698147583
69.1015138626099,1.02514255046844,0.300030550468445
69.151513338089,1.02764391899109,0.302531918991089
69.2015142440796,1.03462445735931,0.309512457359314
69.251522064209,1.03874981403351,0.313637814033508
69.3015158176422,1.02926790714264,0.304155907142639
69.3515176773071,1.05238330364227,0.327271303642273
69.4015164375305,1.04778647422791,0.322674474227905
69.4515209197998,1.06496906280518,0.339857062805176
69.5015180110931,1.06111872196198,0.336006721961975
69.5515179634094,1.06156396865845,0.336451968658447
69.6015202999115,1.05640399456024,0.331291994560242
69.6515200138092,1.08306849002838,0.357956490028381
69.7015295028687,1.06071269512177,0.335600695121765
69.7515635490417,1.08166718482971,0.356555184829712
69.8015758991241,1.06707763671875,0.34196563671875
69.8515563011169,1.05809342861176,0.332981428611755
69.9015576839447,1.07868111133575,0.353569111335754
69.9515347480774,1.08686649799347,0.361754497993469
70.0015678405762,1.08111703395844,0.356005033958435
70.0515677928925,1.10745418071747,0.382342180717468
70.1015741825104,1.10081422328949,0.37570222328949
70.1515779495239,1.09609949588776,0.370987495887756
70.2015690803528,1.10528016090393,0.380168160903931
70.2515711784363,1.11316418647766,0.388052186477661
70.3015637397766,1.09991061687469,0.374798616874695
70.3515355587006,1.09786748886108,0.372755488861084
70.4015362262726,1.09341466426849,0.368302664268494
70.451530456543,1.10263466835022,0.37752266835022
70.5015318393707,1.08638191223145,0.361269912231445
70.5515348911285,1.10307991504669,0.377967915046692
70.601532459259,1.09227526187897,0.367163261878967
70.6515321731567,1.10055232048035,0.375440320480347
70.7015340328217,1.09167277812958,0.366560778129578
70.7515375614166,1.09460651874542,0.369494518745422
70.8015327453613,1.0915287733078,0.3664167733078
70.8515374660492,1.09523510932922,0.370123109329224
70.9015345573425,1.08842492103577,0.363312921035767
70.951534986496,1.09113585948944,0.366023859489441
71.0015387535095,1.08318626880646,0.358074268806458
71.0515611171722,1.09434449672699,0.36923249672699
71.1015825271606,1.08394587039948,0.358833870399475
71.151534318924,1.09273374080658,0.36762174080658
71.2015326023102,1.08200764656067,0.356895646560669
71.2515337467194,1.09492075443268,0.369808754432678
71.30153632164,1.07420206069946,0.349090060699463
71.3515381813049,1.07917881011963,0.354066810119629
71.4015362262726,1.07523679733276,0.350124797332764
71.4515352249146,1.08308160305023,0.357969603050232
71.5015361309052,1.07268285751343,0.347570857513428
71.5515351295471,1.09146332740784,0.366351327407837
71.6015343666077,1.08864748477936,0.363535484779358
71.6515455245972,1.0912276506424,0.366115650642395
71.701566696167,1.07608795166016,0.350975951660156
71.7515642642975,1.08319938182831,0.358087381828308
71.8015518188477,1.07261741161346,0.347505411613464
71.8515498638153,1.0867223739624,0.361610373962402
71.9015409946442,1.08035743236542,0.355245432365417
71.9515390396118,1.09083473682404,0.365722736824036
72.0015428066254,1.07682144641876,0.351709446418762
72.051543712616,1.09231460094452,0.367202600944519
72.1015410423279,1.07885134220123,0.353739342201233
72.1515419483185,1.08732485771179,0.362212857711792
72.201541185379,1.07814419269562,0.353032192695618
72.2515468597412,1.08824157714844,0.363129577148438
72.3015484809875,1.07158279418945,0.346470794189453
72.3515536785126,1.07312822341919,0.348016223419189
72.4015502929688,1.06749665737152,0.342384657371521
72.4515483379364,1.08220410346985,0.357092103469849
72.5015470981598,1.07522356510162,0.350111565101624
72.5515608787537,1.08587110042572,0.36075910042572
72.6015625,1.05887913703918,0.333767137039185
72.6515736579895,1.07342934608459,0.348317346084595
72.7015478610992,1.06991946697235,0.344807466972351
72.75155377388,1.07928359508514,0.354171595085144
72.8015542030335,1.07062673568726,0.345514735687256
72.8515527248383,1.07101964950562,0.345907649505615
72.9015543460846,1.07325911521912,0.348147115219116
72.9515600204468,1.06900274753571,0.343890747535706
73.0015604496002,1.06900274753571,0.343890747535706
73.0515537261963,1.08519005775452,0.360078057754517
73.1015613079071,1.06943500041962,0.344323000419617
73.1515576839447,1.07963716983795,0.354525169837952
73.2015690803528,1.07011604309082,0.34500404309082
73.2515549659729,1.08360540866852,0.358493408668518
73.3015854358673,1.06842660903931,0.343314609039307
73.351567029953,1.08255767822266,0.357445678222656
73.4015617370605,1.07032549381256,0.345213493812561
73.4515538215637,1.07822275161743,0.353110751617432
73.5015528202057,1.06895041465759,0.343838414657593
73.5515558719635,1.08340895175934,0.358296951759338
73.6015520095825,1.05953407287598,0.334422072875977
73.651554107666,1.07925736904144,0.354145369041443
73.7015535831451,1.06491672992706,0.339804729927063
73.751556634903,1.07387471199036,0.348762711990356
73.8015532493591,1.06811225414276,0.343000254142761
73.8515584468842,1.08202075958252,0.35690875958252
73.9015557765961,1.06743121147156,0.342319211471558
73.9515564441681,1.08004319667816,0.354931196678162
74.0015559196472,1.05559194087982,0.330479940879822
74.0515558719635,1.07556414604187,0.35045214604187
74.1015734672546,1.05967807769775,0.334566077697754
74.1515576839447,1.07204115390778,0.346929153907776
74.2015681266785,1.05848634243011,0.333374342430115
74.2515921592712,1.06498217582703,0.339870175827026
74.3015930652618,1.06495594978333,0.339843949783325
74.3515739440918,1.07742381095886,0.352311810958862
74.4015700817108,1.06206166744232,0.336949667442322
74.4515633583069,1.07231616973877,0.34720416973877
74.5015633106232,1.06234979629517,0.337237796295166
74.5515658855438,1.0696314573288,0.344519457328796
74.6015625,1.05495023727417,0.32983823727417
74.651563167572,1.05551338195801,0.330401381958008
74.7015655040741,1.05202972888947,0.326917728889465
74.7515664100647,1.06376421451569,0.338652214515686
74.8015646934509,1.05654799938202,0.331435999382019
74.8515849113464,1.0725257396698,0.3474137396698
74.9015643596649,1.05864346027374,0.333531460273743
74.9515678882599,1.06826937198639,0.343157371986389
75.0015637874603,1.05051052570343,0.32539852570343
75.05157995224,1.06445825099945,0.339346250999451
75.1015679836273,1.04997360706329,0.324861607063293
75.1515665054321,1.05568361282349,0.330571612823486
75.2015707492828,1.0580016374588,0.332889637458801
75.2515714168549,1.06657993793488,0.341467937934875
75.3015749454498,1.06022810935974,0.335116109359741
75.3515722751618,1.07693922519684,0.351827225196838
75.4015707969666,1.06935632228851,0.344244322288513
75.4515702724457,1.08617234230042,0.361060342300415
75.5015692710876,1.07780373096466,0.352691730964661
75.5515744686127,1.0905727148056,0.365460714805603
75.6015839576721,1.08638191223145,0.361269912231445
75.6515703201294,1.10750651359558,0.382394513595581
75.7015736103058,1.10732316970825,0.382211169708252
75.7515988349915,1.11250936985016,0.387397369850159
75.8015913963318,1.10238575935364,0.377273759353638
75.851583480835,1.13523185253143,0.410119852531433
75.9015769958496,1.11655628681183,0.391444286811829
75.9515829086304,1.12110066413879,0.395988664138794
76.0015847682953,1.12006604671478,0.394954046714783
76.0515837669373,1.16036403179169,0.435252031791687
76.1015877723694,1.14849865436554,0.42338665436554
76.1515862941742,1.15616011619568,0.431048116195679
76.2016201019287,1.14073240756989,0.415620407569885
76.2516100406647,1.1591329574585,0.434020957458496
76.3016152381897,1.14824974536896,0.423137745368958
76.3516154289246,1.17517626285553,0.45006426285553
76.4016301631928,1.16145098209381,0.436338982093811
76.451584815979,1.17724549770355,0.452133497703552
76.5015857219696,1.1692042350769,0.444092235076904
76.551586151123,1.17584419250488,0.450732192504883
76.6015887260437,1.16824817657471,0.443136176574707
76.6515855789185,1.17716693878174,0.452054938781738
76.7015941143036,1.17059242725372,0.445480427253723
76.7515957355499,1.19061696529388,0.465504965293884
76.8015902042389,1.17951107025146,0.454399070251465
76.8515903949738,1.20654237270355,0.481430372703552
76.9015936851501,1.18802392482758,0.462911924827576
76.951587677002,1.19890701770782,0.473795017707825
77.0015909671784,1.19742715358734,0.472315153587341
77.0515966415405,1.20766866207123,0.482556662071228
77.1015980243683,1.19905114173889,0.473939141738892
77.1515929698944,1.22470724582672,0.499595245826721
77.2015919685364,1.20575654506683,0.480644545066834
77.2515931129456,1.23764657974243,0.512534579742432
77.301600933075,1.21341800689697,0.488306006896973
77.3515951633453,1.22527039051056,0.500158390510559
77.401603937149,1.20643758773804,0.481325587738037
77.4515924453735,1.22038543224335,0.495273432243347
77.5015933513641,1.20840203762054,0.483290037620544
77.5515944957733,1.21756958961487,0.492457589614868
77.6015932559967,1.20440769195557,0.479295691955566
77.6516036987305,1.21466219425201,0.489550194252014
77.7016124725342,1.19759738445282,0.47248538445282
77.751633644104,1.22221887111664,0.497106871116638
77.8016493320465,1.19863200187683,0.473520001876831
77.8516316413879,1.21026170253754,0.485149702537537
77.90163397789,1.19406139850616,0.468949398506165
77.9516432285309,1.20146095752716,0.476348957527161
78.0016443729401,1.19250285625458,0.467390856254578
78.0516409873962,1.20546841621399,0.480356416213989
78.1016299724579,1.19258141517639,0.467469415176392
78.1516058444977,1.20601856708527,0.480906567085266
78.201619386673,1.19593417644501,0.470822176445007
78.2516303062439,1.20681738853455,0.481705388534546
78.3016500473022,1.18835127353668,0.463239273536682
78.3516414165497,1.20328140258789,0.478169402587891
78.4016396999359,1.19281721115112,0.467705211151123
78.4516386985779,1.19385182857513,0.468739828575134
78.5016098022461,1.17936706542969,0.454255065429688
78.5516176223755,1.20444691181183,0.479334911811829
78.601612329483,1.17656445503235,0.451452455032349
78.6516094207764,1.2004132270813,0.475301227081299
78.7016108036041,1.18192088603973,0.456808886039734
78.7516140937805,1.1997584104538,0.474646410453796
78.8016166687012,1.18160665035248,0.456494650352478
78.8516232967377,1.19127178192139,0.466159781921387
78.9016149044037,1.17981243133545,0.454700431335449
78.9516112804413,1.19742715358734,0.472315153587341
79.0016150474548,1.17666923999786,0.451557239997864
79.0516164302826,1.19345891475678,0.468346914756775
79.1016144752502,1.17923617362976,0.454124173629761
79.1516191959381,1.19374704360962,0.468635043609619
79.2016174793243,1.17953729629517,0.454425296295166
79.2516119480133,1.19725692272186,0.472144922721863
79.3016166687012,1.17577862739563,0.45066662739563
79.3516404628754,1.1923063993454,0.467194399345398
79.4016201496124,1.17628943920136,0.451177439201355
79.4516215324402,1.19289577007294,0.467783770072937
79.5016167163849,1.17662990093231,0.451517900932312
79.5516319274902,1.18668806552887,0.46157606552887
79.6016175746918,1.17122101783752,0.446109017837524
79.6516215801239,1.19283032417297,0.467718324172974
79.7016212940216,1.17080199718475,0.445689997184753
79.7516202926636,1.19018483161926,0.465072831619263
79.8016376495361,1.17419397830963,0.449081978309631
79.8516294956207,1.18228757381439,0.457175573814392
79.9016335010529,1.1681957244873,0.443083724487305
79.9516310691834,1.18638682365417,0.461274823654175
80.0016276836395,1.17232120037079,0.447209200370789
80.0516295433044,1.18883585929871,0.463723859298706
80.1016340255737,1.17135202884674,0.446240028846741
80.151627779007,1.18602013587952,0.460908135879517
80.2016348838806,1.17074954509735,0.445637545097351
80.2516314983368,1.17762529850006,0.452513298500061
80.3016443252563,1.16720044612885,0.442088446128845
80.3516354560852,1.18402945995331,0.458917459953308
80.4016342163086,1.16932201385498,0.44421001385498
80.4516277313232,1.18990981578827,0.464797815788269
80.5016288757324,1.16892910003662,0.443817100036621
80.5516259670258,1.18739533424377,0.462283334243774
80.6016297340393,1.16565501689911,0.440543016899109
80.6516261100769,1.19086587429047,0.465753874290466
80.7016322612762,1.16346800327301,0.43835600327301
80.7516295909882,1.17970764636993,0.454595646369934
80.8016278743744,1.15966999530792,0.434557995307922
80.8516421318054,1.17693114280701,0.451819142807007
80.901636838913,1.16486930847168,0.43975730847168
80.9516320228577,1.1813577413559,0.456245741355896
81.0016293525696,1.16972804069519,0.44461604069519
81.0516328811645,1.18137085437775,0.456258854377747
81.101633310318,1.16290485858917,0.437792858589172
81.1516311168671,1.17241287231445,0.447300872314453
81.201634645462,1.16104507446289,0.435933074462891
81.2516343593597,1.1820125579834,0.456900557983398
81.3016316890717,1.16502642631531,0.439914426315308
81.351634979248,1.17920994758606,0.45409794758606
81.4016356468201,1.15994501113892,0.434833011138916
81.4516363143921,1.18361032009125,0.458498320091248
81.5016353130341,1.15943419933319,0.434322199333191
81.5516357421875,1.1865439414978,0.461431941497803
81.6016445159912,1.15923774242401,0.434125742424011
81.6516587734222,1.17682635784149,0.451714357841492
81.7016615867615,1.15938174724579,0.434269747245789
81.7516853809357,1.17281889915466,0.447706899154663
81.8016819953919,1.15348839759827,0.428376397598267
81.8516778945923,1.1762501001358,0.451138100135803
81.9016792774201,1.15427422523499,0.429162225234985
81.9516565799713,1.17644655704498,0.451334557044983
82.0016536712646,1.156893491745,0.431781491744995
82.0516424179077,1.17145681381226,0.446344813812256
82.1016457080841,1.15509927272797,0.429987272727966
82.1516432762146,1.18006122112274,0.454949221122742
82.201653957367,1.1559898853302,0.4308778853302
82.2516436576843,1.17323791980743,0.448125919807434
82.3016476631165,1.16971492767334,0.44460292767334
82.3516507148743,1.19276487827301,0.46765287827301
82.4016506671905,1.17635488510132,0.451242885101318
82.4516444206238,1.20135617256165,0.476244172561646
82.5016462802887,1.18091249465942,0.455800494659424
82.5516500473023,1.2113094329834,0.486197432983398
82.601646900177,1.19323635101318,0.468124351013184
82.6516423225403,1.21945548057556,0.494343480575562
82.7016463279724,1.21588015556335,0.490768155563355
82.7516536712647,1.20600533485413,0.480893334854126
82.8016490936279,1.22272956371307,0.497617563713074
82.8516545295715,1.23665118217468,0.511539182174683
82.9016604423523,1.23511898517609,0.510006985176086
82.9516506195068,1.26221561431885,0.537103614318848
83.0016503334045,1.23877286911011,0.513660869110107
83.0516481399536,1.27105581760407,0.545943817604065
83.1016499996185,1.25431835651398,0.529206356513977
83.1516492366791,1.26404917240143,0.538937172401428
83.2016506195068,1.25565421581268,0.530542215812683
83.2516496181488,1.29238998889923,0.567277988899231
83.3016576766968,1.2638396024704,0.538727602470398
83.351660490036,1.2947473526001,0.569635352600098
83.401654958725,1.27849459648132,0.553382596481323
83.4516520500183,1.29648923873901,0.571377238739014
83.5016539096832,1.30509352684021,0.57998152684021
83.5516514778137,1.31282043457031,0.587708434570313
83.60165143013,1.29207575321198,0.566963753211975
83.6516497135162,1.32057368755341,0.595461687553406
83.7016687393188,1.304438829422,0.579326829421997
83.7516934871674,1.32815659046173,0.603044590461731
83.8016998767853,1.31147170066834,0.586359700668335
83.8517072200775,1.36817955970764,0.643067559707642
83.9016878604889,1.31866157054901,0.593549570549011
83.9516921043396,1.34987056255341,0.624758562553406
84.0016922950745,1.32654571533203,0.601433715332031
84.0517315864563,1.35640573501587,0.631293735015869
84.1017022132874,1.33682644367218,0.61171444367218
84.151707649231,1.3553318977356,0.630219897735596
84.2017116546631,1.33490121364594,0.609789213645935
84.2517039775848,1.35366857051849,0.628556570518494
84.3017053604126,1.33838486671448,0.613272866714478
84.3517003059387,1.34760475158691,0.622492751586914
84.4017045497894,1.32776367664337,0.602651676643372
84.4517028331757,1.34505105018616,0.619939050186157
84.5016767978668,1.32448959350586,0.599377593505859
84.5516717433929,1.34552252292633,0.620410522926331
84.6016745567322,1.32632303237915,0.60121103237915
84.6516733169556,1.34816801548004,0.623056015480042
84.7016780376434,1.31456232070923,0.589450320709229
84.7516741752625,1.33623707294464,0.611125072944641
84.8016822338104,1.31254553794861,0.587433537948608
84.851683139801,1.33779561519623,0.612683615196228
84.9016742706299,1.31805908679962,0.592947086799622
84.9516744613647,1.33962905406952,0.614517054069519
85.0016765594483,1.31215250492096,0.587040504920959
85.0516748428345,1.3359227180481,0.610810718048096
85.1016793251038,1.3085640668869,0.583452066886902
85.1516742706299,1.32811725139618,0.603005251396179
85.2016830444336,1.30793559551239,0.58282359551239
85.2516760826111,1.32511806488037,0.600006064880371
85.3016798496246,1.31251931190491,0.587407311904907
85.3516898155212,1.32045578956604,0.59534378956604
85.4016783237457,1.30870831012726,0.583596310127258
85.451676607132,1.32378220558167,0.598670205581665
85.5016794204712,1.30069315433502,0.575581154335022
85.5516786575317,1.32238101959229,0.597269019592285
85.6016805171967,1.30784392356873,0.582731923568726
85.6516773700714,1.31702446937561,0.59191246937561
85.7016923427582,1.29228520393372,0.567173203933716
85.7517075538635,1.32441091537476,0.599298915374756
85.8017098903656,1.299933552742,0.574821552742004
85.8517045974731,1.3185830116272,0.593471011627197
85.9017109870911,1.2906219959259,0.565509995925903
85.9516968727112,1.3192640542984,0.594152054298401
86.0016846656799,1.29104101657867,0.565929016578674
86.0516819953918,1.31259799003601,0.587485990036011
86.1016886234284,1.2876490354538,0.562537035453796
86.1516830921173,1.31234908103943,0.587237081039429
86.2016875743866,1.28793716430664,0.562825164306641
86.2516851425171,1.30739855766296,0.582286557662964
86.301691532135,1.28781938552856,0.562707385528564
86.3516898155212,1.31490290164948,0.589790901649475
86.4016945362091,1.2883038520813,0.563191852081299
86.4516868591309,1.3031553030014,0.578043303001404
86.5016903877258,1.28522622585297,0.560114225852966
86.5516903400421,1.30855107307434,0.583439073074341
86.6016926765442,1.27979111671448,0.554679116714478
86.6516864299774,1.30639016628265,0.581278166282654
86.7016930580139,1.2812579870224,0.5561459870224
86.7516889572144,1.29449856281281,0.569386562812805
86.8016929626465,1.2860381603241,0.560926160324097
86.8516979217529,1.30481863021851,0.579706630218506
86.9016966819763,1.27799689769745,0.552884897697449
86.9517021179199,1.30805337429047,0.582941374290466
87.0017096996307,1.28721690177917,0.562104901779175
87.0517020225525,1.30032646656036,0.575214466560364
87.1016941070557,1.27777433395386,0.552662333953857
87.1516995429993,1.30906188488007,0.583949884880066
87.2016937732696,1.2831699848175,0.558057984817505
87.2516946792603,1.30671751499176,0.58160551499176
87.3016927242279,1.27304637432098,0.547934374320984
87.3516945838928,1.29893815517426,0.573826155174255
87.401698589325,1.28104841709137,0.55593641709137
87.4516894817352,1.30213379859924,0.577021798599243
87.5016920566559,1.27169752120972,0.546585521209717
87.5516927242279,1.29899060726166,0.573878607261658
87.6016952991486,1.27650392055511,0.551391920555115
87.6516947746277,1.29901683330536,0.573904833305359
87.7016961574554,1.2741858959198,0.5490738959198
87.7516932487488,1.29910850524902,0.573996505249023
87.8017001152039,1.2767528295517,0.551640829551697
87.851708650589,1.29333293437958,0.568220934379578
87.9016969203949,1.27199876308441,0.546886763084412
87.9516942501068,1.29064810276032,0.565536102760315
88.0016973018646,1.27359652519226,0.548484525192261
88.051694393158,1.30050992965698,0.575397929656982
88.1016976833343,1.27603244781494,0.550920447814941
88.1516933441162,1.29235076904297,0.567238769042969
88.2016987800598,1.27491927146912,0.549807271469116
88.2517037391663,1.29676425457001,0.571652254570007
88.3017308712006,1.2757967710495,0.5506847710495
88.3517322540283,1.29639756679535,0.571285566795349
88.401731967926,1.27019143104553,0.545079431045532
88.4517047405243,1.29405319690704,0.568941196907043
88.5017004013062,1.27516806125641,0.550056061256409
88.5517046451569,1.29291391372681,0.567801913726807
88.6017055511475,1.27222144603729,0.547109446037292
88.651703119278,1.30099439620972,0.575882396209717
88.7017035484314,1.26915681362152,0.544044813621521
88.7517075538635,1.2963320016861,0.571220001686096
88.8017103672028,1.27379298210144,0.54868098210144
88.8517143726349,1.28771460056305,0.562602600563049
88.9017090797424,1.26609218120575,0.54098018120575
88.9517066478729,1.29005885124207,0.564946851242065
89.0017037391663,1.26810908317566,0.542997083175659
89.051707983017,1.29114580154419,0.566033801544189
89.1017167568207,1.27037477493286,0.545262774932861
89.151713848114,1.29842746257782,0.57331546257782
89.2017087936401,1.27279758453369,0.547685584533691
89.2517070770264,1.28846108913422,0.563349089134216
89.3017137050629,1.27015209197998,0.54504009197998
89.3517305850983,1.28581559658051,0.560703596580505
89.4017128944397,1.26881623268127,0.543704232681274
89.451708316803,1.29294002056122,0.567828020561218
89.5017120838165,1.27045333385468,0.545341333854675
89.5517106056213,1.32181787490845,0.596705874908447
89.6017165184021,1.29119825363159,0.566086253631592
89.6517112255097,1.31520414352417,0.59009214352417
89.7017152309418,1.30285406112671,0.577742061126709
89.7517111301422,1.33347368240356,0.608361682403564
89.8017168045044,1.31123578548431,0.586123785484314
89.8517158031464,1.35078728199005,0.625675281990051
89.9017219543457,1.33749437332153,0.612382373321533
89.951726436615,1.35691654682159,0.631804546821594
90.0017287731171,1.34203886985779,0.616926869857788
90.0517175197601,1.36108112335205,0.635969123352051
90.101720571518,1.36064898967743,0.635536989677429
90.1517148017883,1.38385605812073,0.658744058120728
90.2017269134521,1.37729465961456,0.652182659614563
90.2517573833466,1.41125392913818,0.686141929138184
90.3017573356629,1.3852573633194,0.660145363319397
90.3517515659332,1.4081369638443,0.683024963844299
90.4017398357391,1.39064013957977,0.665528139579773
90.4517254829407,1.42162644863129,0.696514448631287
90.5017232894897,1.4139518737793,0.688839873779297
90.5517220497131,1.43473601341248,0.709624013412476
90.6017262935638,1.43478834629059,0.709676346290588
90.6517243385315,1.45550715923309,0.730395159233093
90.7017252445221,1.42732346057892,0.702211460578918
90.7517228126526,1.45751070976257,0.732398709762573
90.8017284870148,1.4509494304657,0.725837430465698
90.851734161377,1.48494803905487,0.759836039054871
90.9017374515534,1.45248186588287,0.727369865882874
90.9517326354981,1.47575414180756,0.750642141807556
91.0017380714417,1.45390927791595,0.728797277915955
91.0517339706421,1.48042964935303,0.755317649353027
91.1017384529114,1.47020137310028,0.745089373100281
91.1517279148102,1.49552989006042,0.770417890060425
91.2017323970795,1.47660553455353,0.751493534553528
91.2517318725586,1.50715959072113,0.78204759072113
91.3017282485962,1.51530563831329,0.790193638313293
91.3517363071442,1.50698947906494,0.781877479064941
91.4017381668091,1.49367034435272,0.768558344352722
91.4517307281494,1.52459108829498,0.799479088294983
91.50173163414,1.49360477924347,0.768492779243469
91.5517332553864,1.49826717376709,0.77315517376709
91.6017332077026,1.47503387928009,0.74992187928009
91.6517415046692,1.49807071685791,0.77295871685791
91.7017629146576,1.47677576541901,0.751663765419006
91.751788854599,1.49710166454315,0.771989664543152
91.8017747402191,1.47266352176666,0.747551521766663
91.8517692089081,1.4893091917038,0.764197191703796
91.901772737503,1.46513307094574,0.74002107094574
91.9517779350281,1.49976015090942,0.774648150909424
92.0017762184143,1.46160995960236,0.736497959602356
92.0517716407776,1.49006879329681,0.764956793296814
92.101765871048,1.45655477046967,0.731442770469666
92.1517405509949,1.48408365249634,0.758971652496338
92.2017493247986,1.45889902114868,0.733787021148682
92.2517900466919,1.47498154640198,0.749869546401978
92.3017902374268,1.45596551895142,0.730853518951416
92.3517813682556,1.48238110542297,0.757269105422974
92.4017853736877,1.45583438873291,0.73072238873291
92.4517765045166,1.4808748960495,0.7557628960495
92.5017817020416,1.45142090320587,0.726308903205872
92.5517792701721,1.46370553970337,0.738593539703369
92.6017820835114,1.44859206676483,0.723480066764832
92.6517810821533,1.46830236911774,0.743190369117737
92.701785326004,1.44736111164093,0.72224911164093
92.7517831325531,1.46776533126831,0.742653331268311
92.801805973053,1.4419914484024,0.716879448402405
92.8517928123474,1.45988130569458,0.73476930569458
92.9017794132233,1.4361766576767,0.711064657676697
92.9517674446106,1.45633208751678,0.731220087516785
93.0017635822296,1.43575751781464,0.710645517814636
93.0517601966858,1.459357380867,0.734245380867004
93.1017589569092,1.43732905387878,0.712217053878784
93.151757478714,1.45152568817139,0.726413688171387
93.2017576694489,1.43586230278015,0.710750302780151
93.2517604827881,1.45635831356049,0.731246313560486
93.3017621040344,1.43100345134735,0.705891451347351
93.3517680168152,1.45169591903687,0.726583919036865
93.401762008667,1.43319058418274,0.708078584182739
93.4517595767975,1.44728243350983,0.722170433509827
93.5017623901367,1.42624950408936,0.701137504089355
93.551766872406,1.45134234428406,0.726230344284058
93.6017625331879,1.4303617477417,0.705249747741699
93.6517679691315,1.45218050479889,0.727068504798889
93.7017629146576,1.42884254455566,0.703730544555664
93.7517635822296,1.44533097743988,0.72021897743988
93.8017792701721,1.42336821556091,0.698256215560913
93.8517792224884,1.45500934123993,0.729897341239929
93.9017744064331,1.42635428905487,0.701242289054871
93.9517652988434,1.44495129585266,0.719839295852661
94.001767873764,1.4258828163147,0.700770816314697
94.0517661571503,1.44916832447052,0.72405632447052
94.1017756462097,1.42224192619324,0.697129926193237
94.15176820755,1.44137585163116,0.716263851631165
94.2017681598663,1.4216787815094,0.696566781509399
94.2517690658569,1.45186626911163,0.726754269111633
94.3017690181732,1.42525410652161,0.700142106521606
94.3517751693726,1.44117939472199,0.716067394721985
94.4017860889435,1.4213775396347,0.696265539634705
94.4517688751221,1.44112706184387,0.716015061843872
94.5017693042755,1.42913067340851,0.704018673408508
94.5517694950104,1.44055080413818,0.715438804138184
94.6017725467682,1.41482925415039,0.689717254150391
94.6517779827118,1.44005310535431,0.714941105354309
94.7017822265625,1.41382086277008,0.688708862770081
94.7517716884613,1.44317007064819,0.718058070648193
94.8017728328705,1.42098462581635,0.695872625816345
94.8517746925354,1.43546938896179,0.710357388961792
94.901771068573,1.41152894496918,0.686416944969177
94.9517710208893,1.43385851383209,0.708746513832092
95.0017702579498,1.41869270801544,0.693580708015442
95.0517709255218,1.43848156929016,0.713369569290161
95.1017699241638,1.4129433631897,0.687831363189697
95.1517698764801,1.43620276451111,0.711090764511108
95.2017714977264,1.40991806983948,0.684806069839478
95.2517750263214,1.42504453659058,0.699932536590576
95.3017790317535,1.41272079944611,0.687608799446106
95.3517770767212,1.4329286813736,0.707816681373596
95.4017724990845,1.42101085186005,0.695898851860046
95.4517719745636,1.42821383476257,0.703101834762573
95.5017733573914,1.41277325153351,0.687661251533508
95.5517721176147,1.42928779125214,0.704175791252136
95.601774930954,1.40475809574127,0.679646095741272
95.6517729759216,1.42886865139008,0.703756651390076
95.7017750740051,1.41634845733643,0.691236457336426
95.7517726421356,1.43182861804962,0.706716618049622
95.8017859458923,1.41532695293427,0.690214952934265
95.8517756462097,1.4235907793045,0.698478779304504
95.9017744064331,1.41273379325867,0.687621793258667
95.9517757892609,1.4293794631958,0.704267463195801
96.0017716884613,1.41795933246613,0.692847332466125
96.0517857074738,1.42470407485962,0.699592074859619
96.1018071174622,1.40465331077576,0.679541310775757
96.1518263816834,1.42431104183197,0.69919904183197
96.2018368244171,1.40830731391907,0.683195313919067
96.2518289089203,1.42436349391937,0.699251493919373
96.3018159866333,1.41653180122376,0.691419801223755
96.3518323898315,1.43778741359711,0.712675413597107
96.4018383026123,1.40739047527313,0.682278475273132
96.4517986774445,1.44255459308624,0.717442593086243
96.5017948150635,1.44691574573517,0.721803745735168
96.5517973899841,1.47174680233002,0.746634802330017
96.6017982959747,1.45891213417053,0.733800134170532
96.6517977714539,1.49274051189423,0.767628511894226
96.7017874717712,1.46158385276794,0.736471852767944
96.7517869472504,1.50421297550201,0.779100975502014
96.8018033504486,1.503453373909,0.778341373908997
96.8517916202545,1.51854050159454,0.793428501594543
96.9017930030823,1.52304565906525,0.797933659065247
96.9517896175385,1.54322743415833,0.818115434158325
97.0017936229706,1.54458951950073,0.819477519500732
97.0517935752869,1.55590486526489,0.830792865264893
97.1017944812775,1.5495138168335,0.824401816833496
97.1517953872681,1.58255636692047,0.857444366920471
97.2017953395844,1.56524276733398,0.840130767333984
97.2517936229706,1.6010354757309,0.875923475730896
97.3017966747284,1.58750677108765,0.862394771087646
97.3518073558807,1.60599899291992,0.880886992919922
97.4017984867096,1.5959278345108,0.870815834510803
97.4517955780029,1.61679065227509,0.891678652275085
97.5017955303192,1.62107312679291,0.895961126792908
97.5517990589142,1.62636411190033,0.90125211190033
97.6017956733704,1.61963248252869,0.894520482528687
97.651796579361,1.62855124473572,0.903439244735718
97.7017962932587,1.62806677818298,0.902954778182983
97.7518022060394,1.6398012638092,0.914689263809204
97.801833152771,1.62526392936707,0.900151929367065
97.8518300056458,1.64283955097199,0.917727550971985
97.9018330574036,1.64814364910126,0.923031649101257
97.9518337249756,1.64730548858643,0.922193488586426
98.0018436908722,1.63515186309814,0.910039863098145
98.051842212677,1.66456663608551,0.93945463608551
98.1018373966217,1.64949250221252,0.924380502212524
98.1518414020538,1.65911853313446,0.93400653313446
98.2018089294434,1.65322518348694,0.928113183486938
98.2518074512482,1.65312039852142,0.928008398521423
98.3018269538879,1.65111660957336,0.926004609573364
98.3518414497376,1.671311378479,0.946199378479004
98.4018495082855,1.64358603954315,0.918474039543152
98.4518444538116,1.6597341299057,0.934622129905701
98.5018157958984,1.64146435260773,0.916352352607727
98.5518136024475,1.65630280971527,0.931190809715271
98.6018164157867,1.64306223392487,0.917950233924866
98.6518149375916,1.65525507926941,0.930143079269409
98.7018165588379,1.63182532787323,0.90671332787323
98.751816034317,1.64616596698761,0.92105396698761
98.8018200397491,1.62506759166718,0.899955591667175
98.8518240451813,1.63495540618896,0.909843406188965
98.9018247127533,1.62882626056671,0.903714260566711
98.9518170356751,1.62835478782654,0.903242787826538
99.0018179416657,1.62213385105133,0.897021851051331
99.0518217086792,1.62783086299896,0.902718862998962
99.1018192768097,1.60920774936676,0.88409574936676
99.1518220901489,1.62480556964874,0.899693569648743
99.2018196582794,1.6097708940506,0.884658894050598
99.25181889534,1.61618804931641,0.891076049316406
99.3018214702606,1.61054360866547,0.885431608665466
99.3518264293671,1.61428928375244,0.889177283752441
99.4018213748932,1.59901869297028,0.873906692970276
99.4518191814423,1.61330699920654,0.888194999206543
99.5018193721771,1.59436929225922,0.869257292259216
99.5518217086792,1.61371290683746,0.888600906837463
99.6018204689026,1.5975649356842,0.872452935684204
99.6518216133118,1.60880172252655,0.88368972252655
99.7018201351166,1.60100936889648,0.875897368896484
99.75182056427,1.59977829456329,0.874666294563293
99.8018324375153,1.58733654022217,0.862224540222168
99.8518304824829,1.60535740852356,0.88024540852356
99.9018602371216,1.58786034584045,0.862748345840454
99.9518530368805,1.59299421310425,0.867882213104248
100.001857280731,1.57847023010254,0.853358230102539
100.051852941513,1.60191297531128,0.876800975311279
100.101863622665,1.58267426490784,0.857562264907837
100.151861667633,1.59385859966278,0.868746599662781
100.201865911484,1.57637476921082,0.851262769210815
100.251861810684,1.59201192855835,0.86689992855835
100.301865339279,1.57513058185577,0.850018581855774
100.351865530014,1.5888295173645,0.863717517364502
100.401871204376,1.57392561435699,0.848813614356995
100.45183634758,1.58780789375305,0.862695893753052
100.501835823059,1.57506513595581,0.849953135955811
100.551839113235,1.57975375652313,0.854641756523132
100.601836442947,1.57365071773529,0.848538717735291
100.651839971542,1.58842349052429,0.863311490524292
100.701842069626,1.57042896747589,0.845316967475891
100.751857757568,1.5753139257431,0.850201925743103
100.801840782166,1.56786203384399,0.842750033843994
100.851840257645,1.57734394073486,0.852231940734863
100.901842355728,1.56832039356232,0.843208393562317
100.951841831207,1.58545053005219,0.860338530052185
101.001838922501,1.5659499168396,0.8408379168396
101.051847457886,1.58053946495056,0.855427464950562
101.101838588715,1.56498074531555,0.839868745315552
101.151852369308,1.57029795646667,0.845185956466675
101.201852321625,1.56643462181091,0.841322621810913
101.25185418129,1.57406985759735,0.848957857597351
101.301843166351,1.57095277309418,0.845840773094177
101.351851463318,1.56770491600037,0.842592916000366
101.401861190796,1.56334376335144,0.83823176335144
101.451846837997,1.5698264837265,0.844714483726501
101.501852750778,1.5639853477478,0.838873347747803
101.551851034164,1.57097899913788,0.845866999137878
101.601845741272,1.56178522109985,0.836673221099854
101.651848316193,1.56866085529327,0.843548855293274
101.70184469223,1.5589040517807,0.833792051780701
101.751848459244,1.57112300395966,0.846011003959656
101.80185008049,1.55750274658203,0.832390746582031
101.851856708527,1.56128752231598,0.836175522315979
101.901849508286,1.55154371261597,0.826431712615967
101.951848745346,1.56361865997314,0.838506659973145
102.001847028732,1.55163538455963,0.826523384559631
102.05185174942,1.55679547786713,0.831683477867126
102.101849555969,1.55307602882385,0.827964028823853
102.151851177216,1.55872058868408,0.833608588684082
102.201850652695,1.55388796329498,0.828775963294983
102.251852989197,1.55477857589722,0.829666575897217
102.301850795746,1.55518460273743,0.830072602737427
102.351866006851,1.56034457683563,0.835232576835632
102.401854276657,1.54481220245361,0.819700202453613
102.451853990555,1.55379629135132,0.828684291351318
102.501850605011,1.5514258146286,0.826313814628601
102.551852464676,1.55976843833923,0.834656438339233
102.601857662201,1.55475246906281,0.829640469062805
102.651887655258,1.55627167224884,0.83115967224884
102.70187997818,1.54946148395538,0.824349483955383
102.751880645752,1.55367863178253,0.828566631782532
102.801862716675,1.5508496761322,0.825737676132202
102.851860046387,1.55853736400604,0.833425364006042
102.901858091354,1.55040431022644,0.82529231022644
102.951868772507,1.55949330329895,0.83438130329895
103.001869916916,1.5460170507431,0.820905050743103
103.051856994629,1.55226409435272,0.827152094352722
103.101866483688,1.54685521125793,0.821743211257935
103.151868104935,1.55012941360474,0.825017413604736
103.201864957809,1.54919946193695,0.824087461936951
103.251861333847,1.55032575130463,0.825213751304626
103.301860570908,1.54824352264404,0.823131522644043
103.351870536804,1.56784892082214,0.842736920822144
103.401865243912,1.58018577098846,0.855073770988464
103.451860189438,1.58632802963257,0.861216029632568
103.501860380173,1.58290994167328,0.857797941673279
103.551862239838,1.60188686847687,0.876774868476868
103.601860046387,1.60874938964844,0.883637389648438
103.65186214447,1.61927890777588,0.894166907775879
103.701861858368,1.61989438533783,0.89478238533783
103.75186419487,1.64251220226288,0.917400202262878
103.801872968674,1.64129412174225,0.916182121742249
103.851880788803,1.65587055683136,0.93075855683136
103.901887893677,1.65889585018158,0.93378385018158
103.951898813248,1.67119348049164,0.946081480491638
104.001902103424,1.68825829029083,0.963146290290833
104.051899909973,1.6951732635498,0.970061263549805
104.101906061172,1.70825672149658,0.983144721496582
104.151908636093,1.69498980045319,0.969877800453186
104.201921224594,1.69540894031525,0.970296940315247
104.251898050308,1.71263086795807,0.987518867958069
104.30189371109,1.72101271152496,0.995900711524963
104.351885318756,1.71580016613007,0.990688166130066
104.401879072189,1.72589755058289,1.00078555058289
104.451877355576,1.73357212543488,1.00846012543488
104.501879692078,1.72724664211273,1.00213464211273
104.551877498627,1.74416732788086,1.01905532788086
104.601878166199,1.77063524723053,1.04552324723053
104.651876688004,1.74854147434235,1.02342947434235
104.701878547668,1.7405264377594,1.0154144377594
104.751876831055,1.77106750011444,1.04595550011444
104.801881313324,1.76097011566162,1.03585811566162
104.851890325546,1.76971852779388,1.04460652779388
104.901886224747,1.77538931369782,1.05027731369782
104.951880693436,1.78047072887421,1.05535872887421
105.001882791519,1.78551304340363,1.06040104340363
105.051882743835,1.77837538719177,1.05326338719177
105.101884365082,1.79255878925324,1.06744678925323
105.151881456375,1.79217910766602,1.06706710766602
105.201882123947,1.78409850597382,1.05898650597382
105.251883506775,1.78648209571838,1.06137009571838
105.301883935928,1.79030621051788,1.06519421051788
105.351895093918,1.78462243080139,1.05951043080139
105.401886224747,1.78179347515106,1.05668147515106
105.451885700226,1.77892541885376,1.05381341885376
105.501883983612,1.77791702747345,1.05280502747345
105.551885128021,1.77371299266815,1.04860099266815
105.60188627243,1.77586078643799,1.05074878643799
105.65188574791,1.77207589149475,1.04696389149475
105.701886892319,1.77106750011444,1.04595550011444
105.751884698868,1.7640084028244,1.0388964028244
105.801889181137,1.76651000976563,1.04139800976563
105.851890087128,1.76437509059906,1.03926309059906
105.901933908463,1.75507664680481,1.02996464680481
105.95192360878,1.75520753860474,1.03009553860474
106.001944541931,1.75308609008789,1.02797409008789
106.051932096481,1.75121319293976,1.02610119293976
106.101938009262,1.7521299123764,1.0270179123764
106.151934862137,1.75235259532928,1.02724059532928
106.201943635941,1.74068367481232,1.01557167481232
106.251930236816,1.74387907981873,1.01876707981873
106.301947593689,1.74583053588867,1.02071853588867
106.351948738098,1.74893450737,1.02382250737
106.401906251907,1.74184918403626,1.01673718403626
106.451901197433,1.73452830314636,1.00941630314636
106.501903057098,1.73197448253632,1.00686248253632
106.551901102066,1.73977982997894,1.01466782997894
106.601902008057,1.73748803138733,1.01237603138733
106.651901006699,1.72951233386993,1.00440033386993
106.701901197433,1.72896218299866,1.00385018299866
106.751908063889,1.73044216632843,1.00533016632843
106.801906824112,1.7344366312027,1.0093246312027
106.851916790009,1.72097325325012,0.995861253250122
106.901906490326,1.72156274318695,0.996450743186951
106.951911211014,1.72274136543274,0.997629365432739
107.001914024353,1.72672271728516,1.00161071728516
107.051904439926,1.71984696388245,0.994734963882446
107.101906061173,1.72261035442352,0.997498354423523
107.151904821396,1.71696591377258,0.991853913772583
107.201906442642,1.71976852416992,0.994656524169922
107.251904726028,1.72206032276154,0.996948322761536
107.301909923553,1.72289860248566,0.997786602485657
107.351910114288,1.70753633975983,0.982424339759827
107.401908874512,1.7189564704895,0.993844470489502
107.451905250549,1.70986747741699,0.984755477416992
107.501910686493,1.71730637550354,0.99219437550354
107.551907777786,1.71672999858856,0.991617998588562
107.601912260056,1.71836709976196,0.993255099761963
107.65191245079,1.70819115638733,0.983079156387329
107.701915979385,1.70874118804932,0.983629188049316
107.751909971237,1.70411813259125,0.979006132591248
107.801923513412,1.71230351924896,0.987191519248962
107.85191655159,1.70548021793365,0.980368217933655
107.901917695999,1.70710408687592,0.981992086875916
107.951922416687,1.69974398612976,0.974631986129761
108.001914978027,1.7160359621048,0.990923962104797
108.051925420761,1.70253336429596,0.977421364295959
108.101927518845,1.71103298664093,0.98592098664093
108.151918888092,1.70331931114197,0.978207311141968
108.201923370361,1.70634460449219,0.981232604492188
108.251927614212,1.69914138317108,0.974029383171082
108.301930189133,1.70449793338776,0.979385933387756
108.351923704147,1.69984877109528,0.974736771095276
108.40193271637,1.70307040214539,0.977958402145386
108.451933860779,1.70004510879517,0.974933108795166
108.501925945282,1.69310390949249,0.967991909492493
108.551927804947,1.70047724246979,0.975365242469788
108.601923942566,1.69646978378296,0.971357783782959
108.651921510696,1.69013094902039,0.965018949020386
108.701920032501,1.70059514045715,0.975483140457153
108.75191950798,1.68397557735443,0.958863577354431
108.80194067955,1.69707226753235,0.971960267532349
108.85192322731,1.69112646579742,0.966014465797424
108.901925325394,1.69292068481445,0.967808684814453
108.95192360878,1.68307197093964,0.957959970939636
109.001925706863,1.69277656078339,0.967664560783386
109.05192732811,1.68449950218201,0.959387502182007
109.101927757263,1.69237065315247,0.967258653152466
109.151924610138,1.68567824363709,0.960566243637085
109.201928377151,1.68193256855011,0.95682056855011
109.251926183701,1.6838446855545,0.958732685554504
109.30192899704,1.68810105323792,0.962989053237915
109.351940870285,1.69052398204803,0.965411982048035
109.40193104744,1.68879520893097,0.963683208930969
109.451930046082,1.68109452724457,0.955982527244568
109.501927137375,1.68426382541657,0.959151825416565
109.551932573318,1.6819064617157,0.956794461715698
109.601934909821,1.69297301769257,0.967861017692566
109.651956796646,1.6763927936554,0.951280793655396
109.701974153519,1.68778681755066,0.962674817550659
109.751983165741,1.66870522499084,0.943593224990845
109.80198931694,1.68041348457336,0.955301484573364
109.851984977722,1.67596065998077,0.950848659980774
109.901983976364,1.68652951717377,0.961417517173767
109.95197057724,1.67323648929596,0.948124489295959
110.001972198486,1.68043959140778,0.955327591407776
110.051986932755,1.66845631599426,0.943344315994263
110.101977825165,1.67474269866943,0.949630698669434
110.15199303627,1.67250311374664,0.947391113746643
110.20198559761,1.68236482143402,0.957252821434021
110.251994371414,1.67125904560089,0.946147045600891
110.301988840103,1.6841983795166,0.959086379516602
110.352002382278,1.67279136180878,0.947679361808777
110.401999950409,1.69113957881928,0.966027578819275
110.451951503754,1.68584847450256,0.960736474502563
110.501951694489,1.69750428199768,0.972392281997681
110.551949739456,1.70168220996857,0.976570209968567
110.601948976517,1.70800769329071,0.98289569329071
110.651948213577,1.70974957942963,0.984637579429626
110.701947450638,1.73264241218567,1.00753041218567
110.751953601837,1.72588455677032,1.00077255677032
110.801953315735,1.74401009082794,1.01889809082794
110.85195183754,1.74586975574493,1.02075775574493
110.901953697205,1.76259410381317,1.03748210381317
110.951956748962,1.76666712760925,1.04155512760925
111.001951932907,1.77766811847687,1.05255611847687
111.051956176758,1.7894287109375,1.0643167109375
111.101956129074,1.78847277164459,1.06336077164459
111.151953458786,1.7936851978302,1.0685731978302
111.201951265335,1.79938220977783,1.07427020977783
111.251954555511,1.80244672298431,1.07733472298431
111.301952600479,1.81545150279999,1.09033950279999
111.351957798004,1.81608021259308,1.09096821259308
111.401961565018,1.83683812618256,1.11172612618256
111.451966524124,1.83132457733154,1.10621257733154
111.501960277557,1.84666049480438,1.12154849480438
111.551959991455,1.83868479728699,1.11357279728699
111.601954460144,1.85251474380493,1.12740274380493
111.651957511902,1.84933221340179,1.12422021340179
111.701961278915,1.86635768413544,1.14124568413544
111.75195646286,1.8716356754303,1.1465236754303
111.801959037781,1.87683486938477,1.15172286938477
111.851967811584,1.88178539276123,1.15667339276123
111.90200138092,1.89524865150452,1.17013665150452
111.952009916306,1.89146375656128,1.16635175656128
112.001998662949,1.9064199924469,1.1813079924469
112.052009820938,1.90496623516083,1.17985423516083
112.101997852325,1.91582322120667,1.19071122120667
112.152012109756,1.91235268115997,1.18724068115997
112.202013492584,1.92330133914948,1.19818933914948
112.252013444901,1.92227971553803,1.19716771553803
112.302010536194,1.92800307273865,1.20289107273865
112.352006673813,1.93676459789276,1.21165259789276
112.402005195618,1.92775428295136,1.20264228295136
112.451991558075,1.92728269100189,1.20217069100189
112.502001047134,1.9341584444046,1.2090464444046
112.552005529404,1.92835664749146,1.20324464749146
112.601974010468,1.92567181587219,1.20055981587219
112.65197467804,1.91302061080933,1.18790861080933
112.701969861984,1.9179972410202,1.1928852410202
112.751979351044,1.90769028663635,1.18257828663635
112.801973342896,1.91467070579529,1.18955870579529
112.851975679398,1.89797270298004,1.17286070298004
112.90198302269,1.91340041160584,1.18828841160584
112.951978683472,1.90449488162994,1.17938288162994
113.001976966858,1.90924882888794,1.18413682888794
113.051985502243,1.89841794967651,1.17330594967651
113.101976394653,1.90359103679657,1.17847903679657
113.151979923248,1.87709677219391,1.15198477219391
113.201977014542,1.89570701122284,1.17059501122284
113.251977682114,1.88103890419006,1.15592690419006
113.301980495453,1.90129923820496,1.17618723820496
113.351980447769,1.87881255149841,1.15370055149841
113.401979207993,1.89133274555206,1.16622074555206
113.451977968216,1.87502765655518,1.14991565655518
113.501980066299,1.88739061355591,1.16227861355591
113.551979541779,1.87635040283203,1.15123840283203
113.601985454559,1.88060677051544,1.15549477051544
113.651980638504,1.87369179725647,1.14857979725647
113.701989889145,1.88240098953247,1.15728898953247
113.75198841095,1.86481237411499,1.13970037411499
113.802006244659,1.87806594371796,1.15295394371796
113.852011203766,1.86465513706207,1.13954313706207
113.90203166008,1.87746357917786,1.15235157917786
113.952016353607,1.8661482334137,1.1410362334137
114.001995563507,1.87395370006561,1.14884170006561
114.051988124847,1.85867011547089,1.13355811547089
114.101991176605,1.86867582798004,1.14356382798004
114.151984930038,1.84921431541443,1.12410231541443
114.201998233795,1.86479914188385,1.13968714188385
114.251996040344,1.84845471382141,1.12334271382141
114.301999330521,1.87240839004517,1.14729639004517
114.351987838745,1.84946322441101,1.12435122441101
114.401997089386,1.86583387851715,1.14072187851715
114.451989173889,1.8448793888092,1.1197673888092
114.501999855042,1.85501611232758,1.12990411232758
114.551989793777,1.84859883785248,1.12348683785248
114.601997613907,1.85716390609741,1.13205190609741
114.651990652084,1.84092426300049,1.11581226300049
114.701999664307,1.85568404197693,1.13057204197693
114.751992464066,1.84383177757263,1.11871977757263
114.802008628845,1.85032761096954,1.12521561096954
114.851991653442,1.84286248683929,1.11775048683929
114.901993274689,1.85007882118225,1.12496682118225
114.951994180679,1.8329222202301,1.1078102202301
115.001995325089,1.84629380702972,1.12118180702972
115.052005529404,1.82891488075256,1.10380288075256
115.101996898651,1.84814035892487,1.12302835892487
115.151993989944,1.82565367221832,1.10054167221832
115.202005147934,1.84491872787476,1.11980672787476
115.251996040344,1.83146870136261,1.10635670136261
115.302002191544,1.84078025817871,1.11566825817871
115.351999044418,1.83140313625336,1.10629113625336
115.402009487152,1.83855390548706,1.11344190548706
115.45199918747,1.8229296207428,1.0978176207428
115.501999139786,1.84007298946381,1.11496098946381
115.552004098892,1.81729817390442,1.09218617390442
115.602009534836,1.83083999156952,1.10572799156952
115.65199971199,1.82033658027649,1.09522458027649
115.701997756958,1.83087921142578,1.10576721142578
115.75200009346,1.81448233127594,1.08937033127594
115.801998376846,1.83923482894897,1.11412282894897
115.85200047493,1.81749475002289,1.09238275002289
115.902000427246,1.83531904220581,1.11020704220581
115.952002286911,1.81382763385773,1.08871563385773
116.001999378204,1.83097100257874,1.10585900257874
116.052001953125,1.8229296207428,1.0978176207428
116.101999521255,1.83102345466614,1.10591145466614
116.152005434036,1.81465268135071,1.08954068135071
116.202005147934,1.83017206192017,1.10506006192017
116.251999616623,1.80670309066772,1.08159109066772
116.302003145218,1.82303440570831,1.09792240570831
116.352005243301,1.81052732467651,1.08541532467651
116.402034521103,1.82131886482239,1.09620686482239
116.452040195465,1.80985939502716,1.08474739502716
116.502033948898,1.81685292720795,1.09174092720795
116.552015542984,1.80670309066772,1.08159109066772
116.602006196976,1.82053303718567,1.09542103718567
116.652003765106,1.81329071521759,1.08817871521759
116.702006578445,1.82484173774719,1.09972973774719
116.752007007599,1.80441129207611,1.07929929207611
116.802008390427,1.82067704200745,1.09556504200745
116.852019071579,1.80606138706207,1.08094938706207
116.902012825012,1.82261538505554,1.09750338505554
116.95201420784,1.8022894859314,1.0771774859314
117.002011537552,1.81735050678253,1.09223850678253
117.052015542984,1.8046600818634,1.0795480818634
117.102017402649,1.81968176364899,1.09456976364899
117.152021884918,1.79942142963409,1.07430942963409
117.202018499374,1.80919146537781,1.08407946537781
117.252022743225,1.80534112453461,1.08022912453461
117.302024364471,1.81589686870575,1.09078486870575
117.352022409439,1.82057225704193,1.09546025704193
117.402022600174,1.83355093002319,1.10843893002319
117.452025651932,1.82777535915375,1.10266335915375
117.502023220062,1.8574126958847,1.1323006958847
117.552023887634,1.84829759597778,1.12318559597778
117.602023124695,1.87756836414337,1.15245636414337
117.65202498436,1.86249423027039,1.13738223027039
117.702026844025,1.89524865150452,1.17013665150452
117.752024888992,1.88242709636688,1.15731509636688
117.802025556564,1.90332913398743,1.17821713398743
117.852025032043,1.93005919456482,1.20494719456482
117.90203499794,1.92489910125732,1.19978710125732
117.952072620392,1.91911041736603,1.19399841736603
118.002065658569,1.93584787845612,1.21073587845612
118.052067995071,1.93502283096313,1.20991083096313
118.102067947388,1.93132960796356,1.20621760796356
118.152070045471,1.95619976520538,1.23108776520538
118.20207285881,1.9782543182373,1.2531423182373
118.252081871033,1.96579957008362,1.24068757008362
118.302081346512,1.99865877628326,1.27354677628326
118.352068185806,1.98997569084167,1.26486369084167
118.402067661285,2.01741290092468,1.29230090092468
118.452056646347,2.01000022888184,1.28488822888184
118.502074956894,2.02538871765137,1.30027671765137
118.552082300186,2.01919412612915,1.29408212612915
118.602041482925,2.04033184051514,1.31521984051514
118.652041196823,2.03426814079285,1.30915614079285
118.70204782486,2.06932735443115,1.34421535443115
118.752044200897,2.04873967170715,1.32362767170715
118.802043914795,2.08778047561645,1.36266847561646
118.852045059204,2.08315753936768,1.35804553936768
118.90204501152,2.09745860099792,1.37234660099792
118.952041387558,2.08952212333679,1.36441012333679
119.002044677734,2.10794901847839,1.38283701847839
119.052043199539,2.1092848777771,1.3841728777771
119.102047681808,2.12540674209595,1.40029474209595
119.152046918869,2.13263607025146,1.40752407025146
119.202044487,2.12566876411438,1.40055676411438
119.252044439316,2.12785577774048,1.40274377774048
119.302051782608,2.1341028213501,1.4089908213501
119.352046251297,2.11403894424438,1.38892694424438
119.402049064636,2.09921360015869,1.37410160015869
119.452055215836,2.09400129318237,1.36888929318237
119.502045631409,2.1167631149292,1.3916511149292
119.552046060562,2.09439420700073,1.36928220700073
119.602046728134,2.09659433364868,1.37148233364868
119.652044534683,2.08057737350464,1.35546537350464
119.702045917511,2.08378601074219,1.35867401074219
119.752048254013,2.07062411308289,1.34551211308289
119.802088260651,2.07964754104614,1.35453554104614
119.852081537247,2.06448173522949,1.33936973522949
119.902081251144,2.07152771949768,1.34641571949768
119.952054977417,2.05949187278748,1.33437987278748
120.002054929733,2.05647969245911,1.33136769245911
120.052059173584,2.04727292060852,1.32216092060852
120.102051973343,2.06816172599792,1.34304972599792
120.152053594589,2.05052089691162,1.32540889691162
120.202053308487,2.0636043548584,1.3384923548584
120.252054929733,2.04447031021118,1.31935831021118
120.302058458328,2.06107664108276,1.33596464108276
120.352053642273,2.0325915813446,1.3074795813446
120.402055978775,2.04790163040161,1.32278963040161
120.452064275742,2.03386211395264,1.30875011395264
120.502080440521,2.05306172370911,1.32794972370911
120.552088737488,2.02861046791077,1.30349846791077
120.602087974548,2.03984713554382,1.31473513554382
120.65206193924,2.03120350837708,1.30609150837708
120.702061891556,2.04758739471436,1.32247539471436
120.752062797546,2.01933813095093,1.29422613095093
120.80207490921,2.03367877006531,1.30856677006531
120.852068662643,2.0180938243866,1.2929818243866
120.902062177658,2.03729343414307,1.31218143414307
120.952060699463,2.0162079334259,1.2910959334259
121.002068281174,2.02503514289856,1.29992314289856
121.052062511444,2.01096940040588,1.28585740040588
121.102061033249,2.02197051048279,1.29685851048279
121.152071237564,2.00371384620666,1.27860184620667
121.202064990997,2.02037262916565,1.29526062916565
121.252067327499,2.00901818275452,1.28390618275452
121.302076816559,2.01747822761536,1.29236622761536
121.352062940598,2.00882148742676,1.28370948742676
121.402071714401,2.01233148574829,1.28721948574829
121.452068328857,1.99732291698456,1.27221091698456
121.502072572708,2.00897860527039,1.28386660527039
121.552074670792,1.99458563327789,1.26947363327789
121.602067947388,2.01302552223206,1.28791352223206
121.65206861496,1.99698221683502,1.27187021683502
121.702080488205,1.99820041656494,1.27308841656494
121.75207567215,1.99882888793945,1.27371688793945
121.802073001862,2.00047898292541,1.27536698292542
121.852068424225,1.98251068592072,1.25739868592072
121.902073383331,2.00900506973267,1.28389306973267
121.95207285881,1.98666226863861,1.26155026863861
122.002076148987,1.9994443655014,1.2743323655014
122.052072763443,1.9830869436264,1.2579749436264
122.102070093155,1.99542391300201,1.27031191300201
122.152067661285,1.97957706451416,1.25446506451416
122.202069759369,1.99569880962372,1.27058680962372
122.252067327499,1.97749471664429,1.25238271664429
122.302072525024,1.99610495567322,1.27099295567322
122.352076292038,1.97078931331635,1.24567731331635
122.402071475983,1.98312628269196,1.25801428269196
122.452075004578,1.97462666034699,1.24951466034698
122.502085208893,1.98687183856964,1.26175983856964
122.552076101303,1.97019994258881,1.24508794258881
122.602072238922,1.98615157604218,1.26103957604218
122.652072429657,1.96196222305298,1.23685022305298
122.70207452774,1.97880434989929,1.25369234989929
122.75207734108,1.96776401996613,1.24265201996613
122.802072525024,1.97068452835083,1.24557252835083
122.852083921433,1.95908105373383,1.23396905373383
122.902078151703,1.97847700119019,1.25336500119019
122.952075481415,1.96166110038757,1.23654910038757
123.002089262009,1.97505867481232,1.24994667481232
123.052081346512,1.96122884750366,1.23611684750366
123.102078676224,1.98202610015869,1.25691410015869
123.152076482773,1.95849168300629,1.23337968300629
123.202082633972,1.97664344310761,1.25153144310761
123.252085924149,1.96079671382904,1.23568471382904
123.302076816559,1.97775673866272,1.25264473866272
123.352084875107,1.95301747322083,1.22790547322083
123.402081251144,1.97069752216339,1.24558552216339
123.452081203461,1.96105861663818,1.23594661663818
123.502091646194,1.96530187129974,1.24018987129974
123.552085399628,1.95724749565125,1.23213549565125
123.602085590363,1.96559000015259,1.24047800015259
123.65208697319,1.95009684562683,1.22498484562683
123.70208978653,1.96206700801849,1.23695500801849
123.752091884613,1.94903600215912,1.22392400215912
123.802092790604,1.95760107040405,1.23248907040405
123.85208940506,1.94176745414734,1.21665545414734
123.902092218399,1.96243381500244,1.23732181500244
123.95209813118,1.94243538379669,1.21732338379669
124.00212597847,1.96104550361633,1.23593350361633
124.052130222321,1.94878721237183,1.22367521237183
124.102130651474,1.95616042613983,1.23104842613983
124.152143001556,1.95166838169098,1.22655638169098
124.20213842392,1.95798099040985,1.23286899040985
124.252143621445,1.95739150047302,1.23227950047302
124.302147865295,1.96638894081116,1.24127694081116
124.352129220963,1.97935438156128,1.25424238156128
124.40213227272,1.98840415477753,1.26329215477753
124.452116250992,1.99796450138092,1.27285250138092
124.502137422562,2.02151203155518,1.29640003155518
124.552130222321,1.99241173267365,1.26729973267365
124.602120161057,2.02528381347656,1.30017181347656
124.652104854584,2.0420081615448,1.3168961615448
124.702104330063,2.06858086585999,1.34346886585999
124.752108097076,2.04058074951172,1.31546874951172
124.802109241486,2.07535195350647,1.35023995350647
124.85210442543,2.06471753120422,1.33960553120422
124.902108192444,2.09043908119202,1.36532708119202
124.952107667923,2.08795070648193,1.36283870648193
125.002104043961,2.10993981361389,1.38482781361389
125.052104711533,2.1083550453186,1.3832430453186
125.102102518082,2.13660407066345,1.41149207066345
125.152105808258,2.10705852508545,1.38194652508545
125.202105998993,2.14970088005066,1.42458888005066
125.252105236053,2.135333776474,1.410221776474
125.302108049393,2.15241169929504,1.42729969929504
125.352106571198,2.1405200958252,1.4154080958252
125.402107477188,2.16917538642883,1.44406338642883
125.452103376389,2.15284395217895,1.42773195217896
125.502106189728,2.19202876091003,1.46691676091003
125.552105903625,2.18644952774048,1.46133752774048
125.602104187012,2.19142627716064,1.46631427716064
125.652103185654,2.1904571056366,1.4653451056366
125.702105522156,2.22778224945068,1.50267024945068
125.752105712891,2.20267605781555,1.47756405781555
125.80211687088,2.23334813117981,1.50823613117981
125.852130651474,2.19974255561829,1.47463055561829
125.902137756348,2.24099659919739,1.51588459919739
125.952152252197,2.23120021820068,1.50608821820068
126.00214266777,2.25400137901306,1.52888937901306
126.052129745483,2.25417160987854,1.52905960987854
126.102120876312,2.26272368431091,1.53761168431091
126.152118206024,2.25370025634766,1.52858825634766
126.20211648941,2.26149249076843,1.53638049076843
126.25212931633,2.25089764595032,1.52578564595032
126.302122592926,2.26599788665771,1.54088588665771
126.352121114731,2.24421834945679,1.51910634945679
126.402122497559,2.2500593662262,1.5249473662262
126.452122688293,2.23016571998596,1.50505371998596
126.502116918564,2.24209666252136,1.51698466252136
126.552134275436,2.22682619094849,1.50171419094849
126.602151632309,2.24190020561218,1.51678820561218
126.652143001556,2.21444988250732,1.48933788250732
126.702131748199,2.22918367385864,1.50407167385864
126.752116203308,2.21183061599731,1.48671861599731
126.802122831345,2.22277927398682,1.49766727398682
126.852121591568,2.19542050361633,1.47030850361633
126.902117967606,2.2091588973999,1.4840468973999
126.952119112015,2.19449090957642,1.46937890957642
127.002121448517,2.21063876152039,1.48552676152039
127.052120447159,2.18791627883911,1.46280427883911
127.102118968964,2.1992449760437,1.4741329760437
127.152117490768,2.18580794334412,1.46069594334412
127.202123403549,2.20179867744446,1.47668667744446
127.25212097168,2.18339800834656,1.45828600834656
127.302123785019,2.18905591964722,1.46394391964722
127.35212635994,2.17284226417541,1.44773026417542
127.402126073837,2.19102025032043,1.46590825032043
127.452123641968,2.16990852355957,1.44479652355957
127.502131223679,2.17650938034058,1.45139738034058
127.552130460739,2.16174960136414,1.43663760136414
127.602132797241,2.17775344848633,1.45264144848633
127.652128696442,2.15730977058411,1.43219777058411
127.702131032944,2.17242312431335,1.44731112431335
127.752125263214,2.15755867958069,1.43244667958069
127.802139520645,2.17417812347412,1.44906612347412
127.852152824402,2.15063071250916,1.42551871250916
127.902154922485,2.15936589241028,1.43425389241028
127.952168703079,2.14430499076843,1.41919299076843
128.002168655396,2.16104221343994,1.43593021343994
128.052175521851,2.15047359466553,1.42536159466553
128.102171421051,2.16368794441223,1.43857594441223
128.152178525925,2.13643407821655,1.41132207821655
128.202172756195,2.15589547157288,1.43078347157288
128.252180814743,2.13969492912292,1.41458292912292
128.302179574966,2.1506175994873,1.4255055994873
128.352170467377,2.13898777961731,1.41387577961731
128.40217256546,2.14722561836243,1.42211361836243
128.45214676857,2.13791394233704,1.41280194233704
128.502150297165,2.14739584922791,1.42228384922791
128.552153348923,2.12742376327515,1.40231176327515
128.602170705795,2.14328336715698,1.41817136715698
128.652153730392,2.11847853660583,1.39336653660584
128.702151060104,2.14490747451782,1.41979547451782
128.752162456512,2.12358617782593,1.39847417782593
128.802165269852,2.15276527404785,1.42765327404785
128.852147579193,2.12159562110901,1.39648362110901
128.902149915695,2.13776993751526,1.41265793751526
128.952145814896,2.11597728729248,1.39086528729248
129.002145767212,2.13517665863037,1.41006465863037
129.052150726318,2.11859655380249,1.39348455380249
129.102146863937,2.13499331474304,1.40988131474304
129.152147531509,2.11470699310303,1.38959499310303
129.202151060104,2.13144421577454,1.40633221577454
129.252152442932,2.11422228813171,1.38911028813171
129.302151918411,2.12450313568115,1.39939113568115
129.352149486542,2.10716319084167,1.38205119084167
129.402151823044,2.12424111366272,1.39912911366272
129.452149152756,2.10945510864258,1.38434310864258
129.502150535584,2.12573409080505,1.40062209080505
129.552149057388,2.10724186897278,1.38212986897278
129.602149248123,2.12204098701477,1.39692898701477
129.652149438858,2.09908270835876,1.37397070835876
129.702149629593,2.11875367164612,1.39364167164612
129.752149820328,2.09701347351074,1.37190147351074
129.802152872086,2.11325311660767,1.38814111660767
129.852154493332,2.10336518287659,1.37825318287659
129.902156829834,2.12062644958496,1.39551444958496
129.952153921127,2.10862994194031,1.38351794194031
130.002153873444,2.11487698554993,1.38976498554993
130.052154064178,2.08834362030029,1.36323162030029
130.102153778076,2.11393427848816,1.38882227848816
130.152151823044,2.09563827514648,1.37052627514648
130.20215678215,2.11141967773437,1.38630767773438
130.252158164978,2.0845456123352,1.35943361233521
130.302156925201,2.09905648231506,1.37394448231506
130.352165222168,2.08897233009338,1.36386033009338
130.402163505554,2.10392832756042,1.37881632756042
130.452158212662,2.08526587486267,1.36015387486267
130.50215959549,2.10463571548462,1.37952371548462
130.552173614502,2.08544921875,1.36033721875
130.602161884308,2.1048583984375,1.3797463984375
130.652158737183,2.081218957901,1.356106957901
130.702159404755,2.09398818016052,1.36887618016052
130.75216126442,2.07994866371155,1.35483666371155
130.802159786224,2.10111260414124,1.37600060414124
130.852164506912,2.08907699584961,1.36396499584961
130.902162075043,2.10204267501831,1.37693067501831
130.952162265778,2.07951664924622,1.35440464924622
131.002161741257,2.09904336929321,1.37393136929321
131.052159786224,2.08715176582336,1.36203976582336
131.102166414261,2.09925293922424,1.37414093922424
131.152167320251,2.0787045955658,1.3535925955658
131.202169418335,2.09734106063843,1.37222906063843
131.252164125443,2.08485984802246,1.35974784802246
131.30216383934,2.08914256095886,1.36403056095886
131.352166175842,2.08497786521912,1.35986586521912
131.402166604996,2.09544205665588,1.37033005665588
131.452167749405,2.0886709690094,1.3635589690094
131.50216627121,2.11723446846008,1.39212246846008
131.552167415619,2.10086393356323,1.37575193356323
131.602165699005,2.13160133361816,1.40648933361816
131.65216422081,2.15183544158936,1.42672344158936
131.702169179916,2.15620970726013,1.43109770726013
131.752164125443,2.15237259864807,1.42726059864807
131.802168130875,2.18107986450195,1.45596786450195
131.852169752121,2.17946910858154,1.45435710858154
131.902172803879,2.20703721046448,1.48192521046448
131.95218038559,2.20268940925598,1.47757740925598
132.002206087112,2.25427651405334,1.52916451405334
132.052263259888,2.25578236579895,1.53067036579895
132.102212905884,2.25075340270996,1.52564140270996
132.152219772339,2.25943636894226,1.53432436894226
132.202216625214,2.27544045448303,1.55032845448303
132.252223014832,2.25404071807861,1.52892871807861
132.302220344543,2.28044319152832,1.55533119152832
132.352208852768,2.28084921836853,1.55573721836853
132.40220952034,2.304527759552,1.579415759552
132.452201366425,2.2990403175354,1.5739283175354
132.502204179764,2.31410121917725,1.58898921917725
132.552258968353,2.29706287384033,1.57195087384033
132.602233886719,2.30934715270996,1.58423515270996
132.65221786499,2.32266640663147,1.59755440663147
132.70218706131,2.33973121643066,1.61461921643066
132.752184152603,2.3295681476593,1.6044561476593
132.802184343338,2.35058808326721,1.62547608326721
132.852189779282,2.34339809417725,1.61828609417725
132.902188301086,2.37454175949097,1.64942975949097
132.952188491821,2.34660696983337,1.62149496983337
133.002188920975,2.37849688529968,1.65338488529968
133.05219078064,2.36276793479919,1.63765593479919
133.102200031281,2.38406276702881,1.65895076702881
133.152195453644,2.37209248542786,1.64698048542786
133.202195882797,2.39330887794495,1.66819687794495
133.252191543579,2.3837878704071,1.6586758704071
133.302196502686,2.39879631996155,1.67368431996155
133.352199554443,2.38678693771362,1.66167493771362
133.402195692062,2.3936755657196,1.6685635657196
133.452191829681,2.3811948299408,1.6560828299408
133.50220823288,2.38454747200012,1.65943547200012
133.552226781845,2.38192796707153,1.65681596707153
133.602224588394,2.3779730796814,1.6528610796814
133.652225494385,2.36203455924988,1.63692255924988
133.702195644379,2.37575960159302,1.65064760159302
133.752197504044,2.36598968505859,1.64087768505859
133.802196741104,2.36192989349365,1.63681789349365
133.852197647095,2.35240864753723,1.62729664753723
133.9021961689,2.36039757728577,1.63528557728577
133.952199220657,2.34527111053467,1.62015911053467
134.002197027206,2.36174631118774,1.63663431118774
134.052200078964,2.33719038963318,1.61207838963318
134.102197408676,2.34193134307861,1.61681934307861
134.15220117569,2.33212208747864,1.60701008747864
134.202197313309,2.345703125,1.620591125
134.252196311951,2.32169723510742,1.59658523510742
134.302200317383,2.33214831352234,1.60703631352234
134.352202653885,2.31609201431274,1.59098001431274
134.402208805084,2.3260452747345,1.6009332747345
134.452245473862,2.31433701515198,1.58922501515198
134.502241373062,2.32273197174072,1.59761997174072
134.552255868912,2.2991189956665,1.5740069956665
134.602237224579,2.32076740264893,1.59565540264893
134.652243852615,2.3012011051178,1.5760891051178
134.702217102051,2.31724452972412,1.59213252972412
134.752210378647,2.29566144943237,1.57054944943237
134.802211523056,2.3067672252655,1.5816552252655
134.852216720581,2.28648066520691,1.56136866520691
134.90221786499,2.31032943725586,1.58521743725586
134.952214241028,2.29018712043762,1.56507512043762
135.002213001251,2.30713391304016,1.58202191304016
135.05221581459,2.28875946998596,1.56364746998596
135.102216005325,2.30387282371521,1.57876082371521
135.152215480804,2.28294467926025,1.55783267926025
135.202218770981,2.29023933410645,1.56512733410645
135.252220392227,2.27977538108826,1.55466338108826
135.302223205566,2.29609370231628,1.57098170231628
135.35223197937,2.27093529701233,1.54582329701233
135.402229785919,2.28844523429871,1.56333323429871
135.452224731445,2.27248048782349,1.54736848782349
135.502220153809,2.28443765640259,1.55932565640259
135.552222490311,2.26552629470825,1.54041429470825
135.602230787277,2.2816219329834,1.5565099329834
135.65222287178,2.26239609718323,1.53728409718323
135.702223777771,2.27384257316589,1.54873057316589
135.752221822739,2.26591920852661,1.54080720852661
135.802218675613,2.28238153457642,1.55726953457642
135.852222204208,2.25367403030395,1.52856203030396
135.902231216431,2.26754331588745,1.54243131588745
135.952228307724,2.25096297264099,1.52585097264099
136.002223491669,2.27410459518433,1.54899259518433
136.052222251892,2.25447297096252,1.52936097096252
136.102234601974,2.26897072792053,1.54385872792053
136.152222156525,2.24675893783569,1.52164693783569
136.202233791351,2.26446557044983,1.53935357044983
136.25222325325,2.24728274345398,1.52217074345398
136.302229404449,2.2555992603302,1.5304872603302
136.352239131927,2.24191331863403,1.51680131863403
136.402230978012,2.25379180908203,1.52867980908203
136.452222585678,2.24099659919739,1.51588459919739
136.502222537994,2.25520634651184,1.53009434651184
136.552224159241,2.24411344528198,1.51900144528198
136.602224588394,2.25693511962891,1.53182311962891
136.652224302292,2.23960828781128,1.51449628781128
136.702229976654,2.26058888435364,1.53547688435364
136.752226352692,2.23983097076416,1.51471897076416
136.802234888077,2.25417160987854,1.52905960987854
136.852228879929,2.23866534233093,1.51355334233093
136.902233600616,2.24808192253113,1.52296992253113
136.95222735405,2.23110866546631,1.50599666546631
137.002232789993,2.2493782043457,1.5242662043457
137.05223941803,2.23540425300598,1.51029225300598
137.102229595184,2.24145483970642,1.51634283970642
137.152231454849,2.22645950317383,1.50134750317383
137.202228307724,2.24220132827759,1.51708932827759
137.252228736877,2.23076820373535,1.50565620373535
137.302228212357,2.2413501739502,1.5162381739502
137.352234125137,2.22772979736328,1.50261779736328
137.402230739594,2.23824644088745,1.51313444088745
137.452230930328,2.22119450569153,1.49608250569153
137.502232789993,2.24234557151794,1.51723357151794
137.552232265472,2.22406268119812,1.49895068119812
137.602230787277,2.23556137084961,1.51044937084961
137.652238130569,2.21573328971863,1.49062128971863
137.702235460281,2.2362425327301,1.5111305327301
137.752232789993,2.21950507164001,1.49439307164001
137.802232265472,2.23097777366638,1.50586577366638
137.852243185043,2.21536660194397,1.49025460194397
137.902238130569,2.23786640167236,1.51275440167236
137.952233314514,2.22262215614319,1.49751015614319
138.002242565155,2.22837138175964,1.50325938175964
138.052277088165,2.20411682128906,1.47900482128906
138.1022772789,2.22376155853271,1.49864955853271
138.152280807495,2.20745635032654,1.48234435032654
138.202282190323,2.23023128509521,1.50511928509521
138.252290725708,2.21723961830139,1.49212761830139
138.302291154861,2.22357821464539,1.49846621464539
138.352274417877,2.22380089759827,1.49868889759827
138.402278184891,2.23634743690491,1.51123543690491
138.452257156372,2.22439026832581,1.49927826832581
138.502286434174,2.24788546562195,1.52277346562195
138.552282094955,2.23746037483215,1.51234837483215
138.6022772789,2.27211380004883,1.54700180004883
138.652279853821,2.25793027877808,1.53281827877808
138.702265739441,2.28327202796936,1.55816002796936
138.752247333527,2.27959203720093,1.55448003720093
138.802248954773,2.30727791786194,1.58216591786194
138.852259159088,2.30188226699829,1.57677026699829
138.902252197266,2.33637833595276,1.61126633595276
138.952250242233,2.30638742446899,1.58127542446899
139.002250909805,2.35120368003845,1.62609168003845
139.052248954773,2.33691549301147,1.61180349301147
139.102252006531,2.38173174858093,1.65661974858093
139.152250289917,2.38643312454224,1.66132112454224
139.202253341675,2.39890122413635,1.67378922413635
139.252251386642,2.41469550132751,1.68958350132751
139.302253484726,2.42932438850403,1.70421238850403
139.352254390717,2.4217677116394,1.6966557116394
139.402255058289,2.44327211380005,1.71816011380005
139.452250242233,2.43211388587952,1.70700188587952
139.502252578735,2.45921063423157,1.73409863423157
139.552250385284,2.47180938720703,1.74669738720703
139.602254152298,2.46730422973633,1.74219222973633
139.652251720428,2.47606587409973,1.75095387409973
139.702252388001,2.49537014961243,1.77025814961243
139.752254724503,2.48057103157043,1.75545903157043
139.802255392075,2.5193235874176,1.7942115874176
139.852258443832,2.50542831420898,1.78031631420898
139.902266263962,2.52321338653564,1.79810138653564
139.952296972275,2.52089524269104,1.79578324269104
140.002298593521,2.54382729530334,1.81871529530334
140.052281141281,2.54948496818542,1.82437296818542
140.102290630341,2.56001448631287,1.83490248631287
140.152288913727,2.56466364860535,1.83955164860535
140.202301502228,2.58251428604126,1.85740228604126
140.252292633057,2.56675910949707,1.84164710949707
140.302290916443,2.57269191741943,1.84757991741943
140.3522772789,2.56559371948242,1.84048171948242
140.402284860611,2.56594729423523,1.84083529423523
140.452277898788,2.55389833450317,1.82878633450317
140.502291917801,2.55815482139587,1.83304282139587
140.552296638489,2.53463339805603,1.80952139805603
140.602312803268,2.5451238155365,1.8200118155365
140.652275085449,2.5270504951477,1.80193849514771
140.702285766602,2.53082227706909,1.80571027706909
140.752273082733,2.52587199211121,1.80075999211121
140.802284240723,2.52724695205688,1.80213495205688
140.852288246155,2.51284074783325,1.78772874783325
140.9022834301,2.52262377738953,1.79751177738953
140.952277421951,2.50267791748047,1.77756591748047
141.002277612686,2.51155734062195,1.78644534062195
141.052277565002,2.49561882019043,1.77050682019043
141.102277755737,2.51143956184387,1.78632756184387
141.152278661728,2.49087810516357,1.76576610516357
141.202277898788,2.49674510955811,1.77163310955811
141.252280712128,2.47868514060974,1.75357314060974
141.302280664444,2.49310445785522,1.76799245785522
141.352279186249,2.46781492233276,1.74270292233276
141.402295589447,2.48252248764038,1.75741048764038
141.452290534973,2.46915078163147,1.74403878163147
141.502287626266,2.47821354866028,1.75310154866028
141.552287101746,2.46564102172852,1.74052902172852
141.602287054062,2.47881603240967,1.75370403240967
141.652292251587,2.46101808547974,1.73590608547974
141.702289104462,2.47475624084473,1.74964424084473
141.752287149429,2.4498336315155,1.7247216315155
141.802290916443,2.46649241447449,1.74138041447449
141.852293252945,2.44462108612061,1.71950908612061
141.902296304703,2.46182990074158,1.73671790074158
141.952314853668,2.43948721885681,1.71437521885681
142.002326965332,2.45402431488037,1.72891231488037
142.052330970764,2.43969678878784,1.71458478878784
142.102339029312,2.45727229118347,1.73216029118347
142.152331590652,2.43297839164734,1.70786639164734
142.202333688736,2.4442937374115,1.7191817374115
142.252332925797,2.42733359336853,1.70222159336853
142.302343130112,2.44517111778259,1.72005911778259
142.352335929871,2.42707180976868,1.70195980976868
142.402338981628,2.42834210395813,1.70323010395813
142.452305793762,2.42014384269714,1.69503184269714
142.502301216125,2.4368417263031,1.7117297263031
142.552310943604,2.41266560554504,1.68755360554504
142.602320432663,2.42580151557922,1.70068951557922
142.652336835861,2.41007256507874,1.68496056507874
142.702335357666,2.42343091964722,1.69831891964722
142.752314329147,2.41190600395203,1.68679400395203
142.802311897278,2.42831587791443,1.70320387791443
142.852302789688,2.40964031219482,1.68452831219482
142.90231180191,2.42255330085754,1.69744130085754
142.952307701111,2.40314435958862,1.67803235958862
143.00231385231,2.41449928283691,1.68938728283691
143.052313566208,2.39774870872498,1.67263670872498
143.102304458618,2.40878891944885,1.68367691944885
143.152308702469,2.40031552314758,1.67520352314758
143.202314138412,2.40248966217041,1.67737766217041
143.252309560776,2.40349793434143,1.67838593434143
143.302311658859,2.40220165252686,1.67708965252686
143.352320432663,2.38983845710754,1.66472645710754
143.402315616608,2.39573192596436,1.67061992596436
143.452305316925,2.38985157012939,1.66473957012939
143.502308368683,2.39768314361572,1.67257114361572
143.552305221558,2.38643312454224,1.66132112454224
143.602308034897,2.39283752441406,1.66772552441406
143.652304172516,2.38156151771545,1.65644951771545
143.702309608459,2.39748692512512,1.67237492512512
143.752306222916,2.38294959068298,1.65783759068298
143.802308082581,2.39997506141663,1.67486306141663
143.852318048477,2.38122081756592,1.65610881756592
143.902309894562,2.39165878295898,1.66654678295898
143.952311754227,2.38178396224976,1.65667196224976
144.002315998077,2.38817501068115,1.66306301068115
144.052310466766,2.37414884567261,1.64903684567261
144.102317094803,2.39106941223145,1.66595741223145
144.152312755585,2.38031721115112,1.65520521115112
144.202312231064,2.38804411888123,1.66293211888123
144.252312898636,2.37247252464294,1.64736052464294
144.302313566208,2.38177084922791,1.65665884922791
144.352323532105,2.37520956993103,1.65009756993103
144.402312278748,2.38086724281311,1.65575524281311
144.45231461525,2.37205338478088,1.64694138478088
144.502319097519,2.37886357307434,1.65375157307434
144.552313089371,2.36694574356079,1.64183374356079
144.602318048477,2.37654542922974,1.65143342922974
144.652320384979,2.36003088951111,1.63491888951111
144.702325582504,2.37552380561829,1.65041180561829
144.752320289612,2.35683512687683,1.63172312687683
144.802319049835,2.37396550178528,1.64885350178528
144.852327108383,2.35975575447083,1.63464375447083
144.902316808701,2.36710286140442,1.64199086140442
144.952315092087,2.35476589202881,1.62965389202881
145.002325534821,2.36808514595032,1.64297314595032
145.052315473557,2.35728049278259,1.63216849278259
145.102330684662,2.35346937179565,1.62835737179565
145.152315378189,2.35618042945862,1.63106842945862
145.20231962204,2.36067247390747,1.63556047390747
145.252330541611,2.35384917259216,1.62873717259216
145.302331924438,2.36386799812317,1.63875599812317
145.35232257843,2.34777235984802,1.62266035984802
145.402320623398,2.36042356491089,1.63531156491089
145.452322244644,2.35454320907593,1.62943120907593
145.502320289612,2.36355376243591,1.63844176243591
145.552321434021,2.3802125453949,1.6551005453949
145.602322816849,2.39257574081421,1.66746374081421
145.652318954468,2.38758587837219,1.66247387837219
145.702320098877,2.4075710773468,1.6824590773468
145.752322435379,2.40772819519043,1.68261619519043
145.802320957184,2.44179224967957,1.71668024967957
145.852323532105,2.44080996513367,1.71569796513367
145.902323484421,2.45825457572937,1.73314257572937
145.952330827713,2.45144438743591,1.72633238743591
146.002328872681,2.47116780281067,1.74605580281067
146.052328586578,2.48254871368408,1.75743671368408
146.102363586426,2.50707840919495,1.78196640919495
146.15235710144,2.50477337837219,1.77966137837219
146.202367782593,2.51526379585266,1.79015179585266
146.252374172211,2.51599717140198,1.79088517140198
146.302374839783,2.53945302963257,1.81434102963257
146.352364778519,2.52562308311462,1.80051108311462
146.402359485626,2.5453200340271,1.8202080340271
146.452334403992,2.53627038002014,1.81115838002014
146.502348899841,2.56668066978455,1.84156866978455
146.55238032341,2.56632685661316,1.84121485661316
146.602365255356,2.57473492622375,1.84962292622376
146.652363061905,2.58976984024048,1.86465784024048
146.70236825943,2.60560345649719,1.88049145649719
146.752366304398,2.61204695701599,1.88693495701599
146.802368402481,2.63175702095032,1.90664502095032
146.852364063263,2.62814235687256,1.90303035687256
146.902342557907,2.6461238861084,1.9210118861084
146.952340364456,2.64188075065613,1.91676875065613
147.002336502075,2.65990161895752,1.93478961895752
147.05233669281,2.65751791000366,1.93240591000366
147.102340936661,2.65616917610168,1.93105717610168
147.152341842651,2.66778564453125,1.94267364453125
147.202340602875,2.66064810752869,1.93553610752869
147.252345085144,2.66330671310425,1.93819471310425
147.302341461182,2.6755256652832,1.9504136652832
147.352340221405,2.65670585632324,1.93159385632324
147.402351379395,2.66483879089355,1.93972679089355
147.452347993851,2.65340566635132,1.92829366635132
147.50234913826,2.65256762504578,1.92745562504578
147.552340507507,2.63179636001587,1.90668436001587
147.602339744568,2.63499188423157,1.90987988423157
147.652342319489,2.62882351875305,1.90371151875305
147.7023396492,2.63952350616455,1.91441150616455
147.752340555191,2.61644721031189,1.89133521031189
147.802340269089,2.62053346633911,1.89542146633911
147.85234951973,2.61466598510742,1.88955398510742
147.902351140976,2.6155698299408,1.8904578299408
147.952350616455,2.60543322563171,1.88032122563171
148.00235080719,2.61403775215149,1.88892575215149
148.052354335785,2.59403920173645,1.86892720173645
148.102370977402,2.60466051101685,1.87954851101685
148.152374982834,2.59347605705261,1.86836405705261
148.20237994194,2.59659314155579,1.87148114155579
148.252348899841,2.57946276664734,1.85435076664734
148.302347898483,2.59194374084473,1.86683174084473
148.352349996567,2.57387065887451,1.84875865887451
148.402356147766,2.58278918266296,1.85767718266296
148.452362060547,2.57307171821594,1.84795971821594
148.502362012863,2.57425045967102,1.84913845967102
148.552360534668,2.57011198997498,1.84499998997498
148.602361917496,2.57161808013916,1.84650608013916
148.65235376358,2.56205749511719,1.83694549511719
148.702351570129,2.56453275680542,1.83942075680542
148.752352952957,2.54790019989014,1.82278819989014
148.802351951599,2.56606507301331,1.84095307301331
148.852351903915,2.55143618583679,1.82632418583679
148.902351617813,2.55482816696167,1.82971616696167
148.952357769012,2.54483556747437,1.81972356747437
149.00235581398,2.55198621749878,1.82687421749878
149.052363872528,2.54669547080994,1.82158347080994
149.102358579636,2.5476381778717,1.8225261778717
149.152351617813,2.53758001327515,1.81246801327515
149.202353477478,2.5485680103302,1.8234560103302
149.252354621887,2.53338932991028,1.80827732991028
149.302355289459,2.54275345802307,1.81764145802307
149.35235619545,2.52130126953125,1.79618926953125
149.402359724045,2.53696465492249,1.81185265492249
149.452366352081,2.5266444683075,1.8015324683075
149.502362251282,2.53685998916626,1.81174798916626
149.552360773087,2.51180624961853,1.78669424961853
149.602366447449,2.51904845237732,1.79393645237732
149.652358055115,2.52537417411804,1.80026217411804
149.702374219894,2.52204775810242,1.79693575810242
149.752360582352,2.51348257064819,1.78837057064819
149.802362918854,2.52170705795288,1.79659505795288
149.85236120224,2.50735330581665,1.78224130581665
149.902367353439,2.5151195526123,1.7900075526123
149.952369689941,2.49928593635559,1.77417393635559
150.002368211746,2.52059388160706,1.79548188160706
150.052369117737,2.51067996025085,1.78556796025085
150.102365970612,2.51420283317566,1.78909083317566
150.152362108231,2.49898481369019,1.77387281369019
150.20236492157,2.510666847229,1.785554847229
150.25236582756,2.49999308586121,1.77488108586121
150.302366733551,2.50595211982727,1.78084011982727
150.352368354797,2.500648021698,1.775536021698
150.402368545532,2.49674510955811,1.77163310955811
150.452372789383,2.4996657371521,1.7745537371521
150.502364635468,2.49572372436523,1.77061172436523
150.552361488342,2.48667407035828,1.76156207035828
150.602365255356,2.49079942703247,1.76568742703247
150.652366876602,2.48706674575806,1.76195474575806
150.702367544174,2.49141478538513,1.76630278538513
150.752368211746,2.48165798187256,1.75654598187256
150.8023686409,2.50392198562622,1.77880998562622
150.852368116379,2.47861957550049,1.75350757550049
150.902373313904,2.48946356773376,1.76435156773376
150.952367782593,2.47229409217834,1.74718209217834
151.002370595932,2.48887419700623,1.76376219700623
151.052368879318,2.47657656669617,1.75146456669617
151.10236954689,2.49673223495483,1.77162023495483
151.152368307114,2.48406791687012,1.75895591687012
151.202370882034,2.48442149162292,1.75930949162292
151.252376317978,2.47611832618713,1.75100632618713
151.302374839783,2.49099588394165,1.76588388394165
151.352371454239,2.47339415550232,1.74828215550232
151.402378320694,2.4877347946167,1.7626227946167
151.452374458313,2.47237253189087,1.74726053189087
151.502375841141,2.48878264427185,1.76367064427185
151.55237364769,2.46860074996948,1.74348874996948
151.602376461029,2.48637270927429,1.76126070927429
151.65237569809,2.46006178855896,1.73494978855896
151.702374696732,2.47581696510315,1.75070496510315
151.752377271652,2.46348023414612,1.73836823414612
151.802375078201,2.47613143920898,1.75101943920898
151.852385044098,2.45859503746033,1.73348303746033
151.902390956879,2.47691702842712,1.75180502842712
151.952428102493,2.46184301376343,1.73673101376343
152.002420186996,2.46757936477661,1.74246736477661
152.052430868149,2.45554375648499,1.73043175648499
152.102425813675,2.46162033081055,1.73650833081055
152.152433395386,2.44924426078796,1.72413226078796
152.20242524147,2.47225475311279,1.74714275311279
152.252422094345,2.45484948158264,1.72973748158264
152.302416086197,2.46426582336426,1.73915382336426
152.35240650177,2.46510410308838,1.73999210308838
152.402393341064,2.46917724609375,1.74406524609375
152.452386617661,2.46366333961487,1.73855133961487
152.502396345139,2.49047207832336,1.76536007832336
152.552393198013,2.4984085559845,1.7732965559845
152.602390766144,2.51411128044128,1.78899928044128
152.652392625809,2.51195025444031,1.78683825444031
152.702397346497,2.53505253791809,1.80994053791809
152.752390384674,2.5418496131897,1.8167376131897
152.802389860153,2.55633425712585,1.83122225712585
152.852390527725,2.55799770355225,1.83288570355225
152.90240240097,2.59747052192688,1.87235852192688
152.952405929565,2.58133554458618,1.85622354458618
153.002395153046,2.59790277481079,1.87279077481079
153.052400112152,2.59426188468933,1.86914988468933
153.102400779724,2.62486839294434,1.89975639294434
153.152396678925,2.62328362464905,1.89817162464905
153.202393054962,2.64704084396362,1.92192884396362
153.252401590347,2.63562059402466,1.91050859402466
153.302396774292,2.65721678733826,1.93210478733826
153.35239648819,2.65368056297302,1.92856856297302
153.402397632599,2.6883339881897,1.9632219881897
153.452400922775,2.67061471939087,1.94550271939087
153.502395868301,2.68901491165161,1.96390291165161
153.552399396896,2.67367911338806,1.94856711338806
153.602397441864,2.69703006744385,1.97191806744385
153.65240240097,2.68932938575745,1.96421738575745
153.702399253845,2.71922874450684,1.99411674450684
153.752398490906,2.72132420539856,1.99621220539856
153.802397251129,2.73575663566589,2.01064463566589
153.852407217026,2.72737503051758,2.00226303051758
153.902411222458,2.74996638298035,2.02485438298035
153.952398300171,2.74450492858887,2.01939292858887
154.002401828766,2.7654857635498,2.0403737635498
154.052413463593,2.76662492752075,2.04151292752075
154.102435350418,2.78021907806396,2.05510707806396
154.152450799942,2.77243971824646,2.04732771824646
154.202448606491,2.78450179100037,2.05938979100037
154.252452611923,2.78251123428345,2.05739923428345
154.302447557449,2.7982006072998,2.0730886072998
154.352438211441,2.78416109085083,2.05904909085083
154.402446508408,2.80405497550964,2.07894297550964
154.452414989471,2.78276014328003,2.05764814328003
154.502448558807,2.78672814369202,2.06161614369202
154.552459001541,2.77153635025024,2.04642435025024
154.602470159531,2.78507781028748,2.05996581028748
154.652454137802,2.76947999000549,2.04436799000549
154.702457904816,2.77591037750244,2.05079837750244
154.752454042435,2.75853133201599,2.03341933201599
154.802450895309,2.76092791557312,2.03581591557312
154.852458000183,2.7524151802063,2.0273031802063
154.902455329895,2.75947451591492,2.03436251591492
154.952427148819,2.74178099632263,2.01666899632263
155.002425909042,2.74078559875488,2.01567359875488
155.05241894722,2.73456478118896,2.00945278118896
155.102421522141,2.74428248405457,2.01917048405457
155.152428388596,2.72212290763855,1.99701090763855
155.202423334122,2.73159170150757,2.00647970150757
155.252424955368,2.72015881538391,1.99504681538391
155.302421569824,2.72406125068665,1.99894925068665
155.352423191071,2.71467137336731,1.98955937336731
155.402426719666,2.73021674156189,2.00510474156189
155.452428102493,2.70746803283691,1.98235603283691
155.50243639946,2.71151494979858,1.98640294979858
155.552423238754,2.6973180770874,1.9722060770874
155.602423906326,2.71295571327209,1.98784371327209
155.652425289154,2.69164752960205,1.96653552960205
155.702426195145,2.70115542411804,1.97604342411804
155.752427339554,2.67996525764465,1.95485325764465
155.802426338196,2.69782900810242,1.97271700810242
155.852427721024,2.67463517189026,1.94952317189026
155.902431488037,2.68452310562134,1.95941110562134
155.9524269104,2.66858458518982,1.94347258518982
156.002433300018,2.69100570678711,1.96589370678711
156.052428007126,2.6623637676239,1.9372517676239
156.102433681488,2.68792819976807,1.96281619976807
156.152454614639,2.66170883178711,1.93659683178711
156.202451467514,2.67439937591553,1.94928737591553
156.252460241318,2.65757036209106,1.93245836209106
156.302447557449,2.67513275146484,1.95002075146484
156.352440595627,2.6536021232605,1.9284901232605
156.402431964874,2.6777126789093,1.9526006789093
156.452471733093,2.65276384353638,1.92765184353638
156.502446889877,2.66341161727905,1.93829961727905
156.552436351776,2.65026259422302,1.92515059422302
156.602438211441,2.65822505950928,1.93311305950928
156.65244269371,2.64668726921082,1.92157526921082
156.702440023422,2.65508198738098,1.92996998738098
156.752439498901,2.6353063583374,1.9101943583374
156.802440404892,2.64989590644836,1.92478390644836
156.852454185486,2.63786029815674,1.91274829815674
156.902441978455,2.6483371257782,1.9232251257782
156.952440738678,2.6331193447113,1.9080073447113
157.002452611923,2.64772176742554,1.92260976742554
157.052442312241,2.63270020484924,1.90758820484924
157.102449178696,2.64036154747009,1.91524954747009
157.152443647385,2.62736988067627,1.90225788067627
157.20245552063,2.64633345603943,1.92122145603943
157.252445697784,2.6234016418457,1.8982896418457
157.302442550659,2.6355288028717,1.9104168028717
157.352457523346,2.61901426315308,1.89390226315308
157.40244603157,2.62983179092407,1.90471979092407
157.45244550705,2.61085510253906,1.88574310253906
157.502452135086,2.63309288024902,1.90798088024902
157.552445650101,2.61849045753479,1.89337845753479
157.602443218231,2.62300872802734,1.89789672802734
157.652446508408,2.60992527008057,1.88481327008057
157.702445268631,2.62274670600891,1.89763470600891
157.752450704575,2.60426759719849,1.87915559719849
157.802448034287,2.62461948394775,1.89950748394775
157.852449893951,2.60116386413574,1.87605186413574
157.902446985245,2.61801910400391,1.89290710400391
157.95244717598,2.59745717048645,1.87234517048645
158.002454996109,2.62131929397583,1.89620729397583
158.052447795868,2.59838724136353,1.87327524136353
158.102446317673,2.61597585678101,1.89086385678101
158.152451992035,2.5985050201416,1.8733930201416
158.202449083328,2.61871290206909,1.89360090206909
158.252449274063,2.59124970436096,1.86613770436096
158.302450895309,2.60972881317139,1.88461681317139
158.352452039719,2.59481191635132,1.86969991635132
158.402461767197,2.60196256637573,1.87685056637573
158.452463388443,2.58739924430847,1.86228724430847
158.502491950989,2.60857629776001,1.88346429776001
158.552504062653,2.58622050285339,1.86110850285339
158.602494001389,2.60591769218445,1.88080569218445
158.652486801147,2.5866265296936,1.8615145296936
158.70249581337,2.60365200042725,1.87854000042725
158.752487659454,2.57588744163513,1.85077544163513
158.802489519119,2.59553241729736,1.87042041729736
158.852467536926,2.58137488365173,1.85626288365173
158.902475833893,2.59671092033386,1.87159892033386
158.95246720314,2.57502317428589,1.84991117428589
159.002468347549,2.58973050117493,1.86461850117493
159.052461862564,2.56804275512695,1.84293075512695
159.102467536926,2.58168935775757,1.85657735775757
159.152465105057,2.57045245170593,1.84534045170593
159.202465295792,2.57916164398193,1.85404964398193
159.252468824387,2.5734646320343,1.8483526320343
159.302465438843,2.59423565864563,1.86912365864563
159.352467298508,2.58959937095642,1.86448737095642
159.402470350266,2.60899543762207,1.88388343762207
159.452466726303,2.60408425331116,1.87897225331116
159.502468347549,2.62082147598267,1.89570947598267
159.552468061447,2.61630320549011,1.89119120549011
159.602466821671,2.64467024803162,1.91955824803162
159.652467727661,2.64622855186462,1.92111655186462
159.70246720314,2.68244075775146,1.95732875775146
159.752466678619,2.68037152290344,1.95525952290344
159.802466392517,2.70981216430664,1.98470016430664
159.852469205856,2.69717407226562,1.97206207226563
159.902465343475,2.72981071472168,2.00469871472168
159.952466487885,2.72365546226501,1.99854346226501
160.002471446991,2.76492261886597,2.03981061886597
160.052500247955,2.75109267234802,2.02598067234802
160.102495908737,2.7806122303009,2.0555002303009
160.15247797966,2.76589155197144,2.04077955197144
160.202473402023,2.79436326026916,2.06925126026916
160.252474784851,2.79922223091125,2.07411023091125
160.302477836609,2.82094931602478,2.09583731602478
160.35248208046,2.81014490127563,2.08503290127563
160.402486085892,2.82583451271057,2.10072251271057
160.452473163605,2.82190537452698,2.09679337452698
160.502472639084,2.85788178443909,2.13276978443909
160.552474498749,2.84488964080811,2.11977764080811
160.602484941483,2.86698365211487,2.14187165211487
160.652526855469,2.85731863975525,2.13220663975525
160.702512741089,2.8857114315033,2.1605994315033
160.752532243729,2.87752628326416,2.15241428326416
160.802530765533,2.90062832832336,2.17551632832336
160.852535486221,2.86579179763794,2.14067979763794
160.902536392212,2.91435360908508,2.18924160908508
160.952492237091,2.90521240234375,2.18010040234375
161.002497673035,2.92535471916199,2.20024271916199
161.052488803864,2.91347646713257,2.18836446713257
161.102488994598,2.93572735786438,2.21061535786438
161.152490139008,2.93557000160217,2.21045800160217
161.202490329742,2.95106339454651,2.22595139454651
161.252490520477,2.93543910980225,2.21032710980225
161.302490711212,2.9563672542572,2.2312552542572
161.35249376297,2.93314743041992,2.20803543041992
161.402494430542,2.94791984558105,2.22280784558105
161.452493667603,2.91871476173401,2.19360276173401
161.502506256104,2.92593097686768,2.20081897686768
161.552495718002,2.90606355667114,2.18095155667114
161.602493524551,2.91901612281799,2.19390412281799
161.652492761612,2.90574932098389,2.18063732098389
161.70249414444,2.90907573699951,2.18396373699951
161.752491950989,2.8868248462677,2.1617128462677
161.802495718002,2.89755082130432,2.17243882130432
161.852497577667,2.8835768699646,2.1584648699646
161.902497768402,2.89260029792786,2.16748829792786
161.952491998672,2.86951112747192,2.14439912747192
162.002501249313,2.87818098068237,2.15306898068237
162.052492856979,2.86215114593506,2.13703914593506
162.10250377655,2.87034940719604,2.14523740719604
162.152539014816,2.85772442817688,2.13261242817688
162.202543258667,2.86445593833923,2.13934393833923
162.252546548843,2.85011529922485,2.12500329922485
162.302543640137,2.85815644264221,2.13304444264221
162.352551698685,2.84409093856812,2.11897893856811
162.402555704117,2.85899472236633,2.13388272236633
162.452518701553,2.8356568813324,2.1105448813324
162.502507209778,2.85065221786499,2.12554021786499
162.552532911301,2.83069324493408,2.10558124493408
162.602527618408,2.84339690208435,2.11828490208435
162.652525186539,2.82652831077576,2.10141631077576
162.702519178391,2.83328652381897,2.10817452381897
162.752536773682,2.81650972366333,2.09139772366333
162.802526712418,2.83656048774719,2.11144848774719
162.852514028549,2.81998014450073,2.09486814450073
162.902513504028,2.8272750377655,2.1021630377655
162.952513456345,2.80667400360107,2.08156200360107
163.00251865387,2.82458996772766,2.09947796772766
163.052514314651,2.80537748336792,2.08026548336792
163.102512359619,2.81544899940491,2.09033699940491
163.152527093887,2.80146169662476,2.07634969662476
163.202514410019,2.81546187400818,2.09034987400818
163.252514600754,2.78933429718018,2.06422229718018
163.302513837814,2.79968047142029,2.07456847142029
163.352517366409,2.78791999816895,2.06280799816894
163.402517557144,2.803386926651,2.078274926651
163.452524185181,2.78240656852722,2.05729456852722
163.502521514893,2.79958891868591,2.07447691868591
163.552533626556,2.774090051651,2.048978051651
163.602531671524,2.79951047897339,2.07439847897339
163.652521133423,2.77458763122559,2.04947563122559
163.702524662018,2.77932858467102,2.05421658467102
163.752536296844,2.76995158195496,2.04483958195496
163.80252122879,2.77880477905273,2.05369277905273
163.852524757385,2.75988030433655,2.03476830433655
163.90253329277,2.77538657188416,2.05027457188415
163.952526569366,2.7633638381958,2.0382518381958
164.002522706985,2.7760546207428,2.0509426207428
164.052522182465,2.75758838653564,2.03247638653564
164.102522850037,2.77009582519531,2.04498382519531
164.152530431747,2.76172709465027,2.03661509465027
164.202519893646,2.76907420158386,2.04396220158386
164.252524614334,2.75815153121948,2.03303953121948
164.302521467209,2.76561641693115,2.04050441693115
164.352528095245,2.75046396255493,2.02535196255493
164.402523517609,2.7696373462677,2.0445253462677
164.452527046204,2.75060796737671,2.02549596737671
164.502527713776,2.75834798812866,2.03323598812866
164.552525281906,2.74398136138916,2.01886936138916
164.602522611618,2.76225090026855,2.03713890026855
164.652525901794,2.73394918441772,2.00883718441772
164.702527999878,2.75261187553406,2.02749987553406
164.752529144287,2.73850679397583,2.01339479397583
164.802527189255,2.75001859664917,2.02490659664917
164.852528572083,2.73524570465088,2.01013370465088
164.902526140213,2.75064730644226,2.02553530644226
164.952530384064,2.7272961139679,2.0021841139679
165.00252532959,2.7437584400177,2.0186464400177
165.052527427673,2.72918224334717,2.00407024334717
165.102526187897,2.74394178390503,2.01882978390503
165.152530431747,2.72328853607178,1.99817653607178
165.202530622482,2.74525165557861,2.02013965557861
165.252533197403,2.72653675079346,2.00142475079346
165.302528142929,2.73981642723083,2.01470442723083
165.352530956268,2.71374130249023,1.98862930249023
165.402530431747,2.73815321922302,2.01304121922302
165.45253777504,2.72330188751221,1.99818988751221
165.502528905869,2.73105478286743,2.00594278286743
165.552528381348,2.71922874450684,1.99411674450684
165.602528572083,2.72149443626404,1.99638243626404
165.65253329277,2.71413421630859,1.98902221630859
165.702532529831,2.73144769668579,2.00633569668579
165.752532958984,2.71345329284668,1.98834129284668
165.802530050278,2.72043347358704,1.99532147358704
165.852534532547,2.70102477073669,1.97591277073669
165.902529716492,2.72269940376282,1.99758740376282
165.952533960342,2.70837187767029,1.98325987767029
166.00253534317,2.72068238258362,1.99557038258362
166.052582025528,2.70120787620544,1.97609587620544
166.10257101059,2.72137665748596,1.99626465748596
166.152574300766,2.7045476436615,1.9794356436615
166.202573776245,2.71150207519531,1.98639007519531
166.252573490143,2.69725298881531,1.97214098881531
166.302539825439,2.71114802360535,1.98603602360535
166.352544307709,2.69659805297852,1.97148605297852
166.402547359467,2.71617722511291,1.99106522511292
166.452557325363,2.71260190010071,1.98748990010071
166.502572059631,2.72118020057678,1.99606820057678
166.552574872971,2.72391724586487,1.99880524586487
166.602576971054,2.75236296653748,2.02725096653748
166.652546882629,2.75496912002563,2.02985712002563
166.702546596527,2.79410147666931,2.06898947666931
166.752549886704,2.77868700027466,2.05357500027466
166.802548408508,2.8011212348938,2.0760092348938
166.852549791336,2.79301452636719,2.06790252636719
166.902546405792,2.82029438018799,2.09518238018799
166.952558517456,2.81607723236084,2.09096523236084
167.002548456192,2.84486365318298,2.11975165318298
167.052547454834,2.84152412414551,2.11641212414551
167.102545499802,2.87387228012085,2.14876028012085
167.152549982071,2.86941933631897,2.14430733631897
167.202548503876,2.90733408927917,2.18222208927917
167.252549171448,2.90281581878662,2.17770381878662
167.302547931671,2.9150869846344,2.1899749846344
167.352549314499,2.91231060028076,2.18719860028076
167.402552366257,2.92978143692017,2.20466943692017
167.452548503876,2.93305563926697,2.20794363926697
167.502553224564,2.95267391204834,2.22756191204834
167.552551746368,2.95281839370728,2.22770639370728
167.602550029755,2.9758026599884,2.2506906599884
167.652550458908,2.9822723865509,2.2571603865509
167.702553033829,3.01642775535583,2.29131575535583
167.752554655075,2.99198985099792,2.26687785099792
167.802550792694,3.02449560165405,2.29938360165405
167.852555513382,3.01616597175598,2.29105397175598
167.902557373047,3.04030299186707,2.31519099186707
167.952550888062,3.03590250015259,2.31079050015259
168.002557992935,3.0623574256897,2.3372454256897
168.05256319046,3.03991007804871,2.31479807804871
168.102589845657,3.07629227638245,2.35118027638245
168.152597665787,3.04772853851318,2.32261653851318
168.202597856522,3.0591881275177,2.3340761275177
168.252606868744,3.0362560749054,2.3111440749054
168.302600622177,3.05096340179443,2.32585140179443
168.352596998215,3.04500436782837,2.31989236782837
168.402592897415,3.04719161987305,2.32207961987305
168.452575922012,3.02841114997864,2.30329914997864
168.502579450607,3.03896713256836,2.31385513256836
168.55260848999,3.01674222946167,2.29163022946167
168.602602481842,3.02458691596985,2.29947491596985
168.652617454529,3.0081639289856,2.2830519289856
168.70262670517,3.01755404472351,2.29244204472351
168.752599477768,2.99344348907471,2.26833148907471
168.80260181427,3.01170015335083,2.28658815335083
168.852602720261,2.98719668388367,2.26208468388367
168.902573347092,2.99343061447144,2.26831861447144
168.952574253082,2.974689245224,2.249577245224
169.002573013306,2.98546767234802,2.26035567234802
169.052573204041,2.97822546958923,2.25311346958923
169.102580785751,2.97076034545898,2.24564834545898
169.152578830719,2.95889496803284,2.23378296803284
169.202573776245,2.96684455871582,2.24173255871582
169.252580881119,2.95694351196289,2.23183151196289
169.302579164505,2.95678639411926,2.23167439411926
169.352576971054,2.93948602676392,2.21437402676392
169.402579545975,2.95463848114014,2.22952648114014
169.452578306198,2.93553066253662,2.21041866253662
169.50257396698,2.9551887512207,2.2300767512207
169.552572727203,2.92919206619263,2.20408006619263
169.602574825287,2.93935489654541,2.21424289654541
169.652572154999,2.92053532600403,2.19542332600403
169.702574014664,2.93478417396545,2.20967217396545
169.752575159073,2.91917300224304,2.19406100224304
169.802576065063,2.93600225448608,2.21089025448608
169.852576732636,2.91339755058289,2.18828555058289
169.90257525444,2.92853736877441,2.20342536877441
169.952576637268,2.91352868080139,2.18841668080139
170.002576112747,2.92122936248779,2.19611736248779
170.052586555481,2.91221904754639,2.18710704754639
170.10262131691,2.91069984436035,2.18558784436035
170.152619361877,2.90948176383972,2.18436976383972
170.202616930008,2.91762757301331,2.19251557301331
170.252588033676,2.90877461433411,2.18366261433411
170.302590608597,2.9039421081543,2.1788301081543
170.352593421936,2.89206337928772,2.16695137928772
170.402604341507,2.89726281166077,2.17215081166077
170.452587604523,2.8931896686554,2.1680776686554
170.502591609955,2.89743304252625,2.17232104252624
170.552610874176,2.87951683998108,2.15440483998108
170.602615833282,2.90252733230591,2.17741533230591
170.652638435364,2.88475561141968,2.15964361141968
170.702636480331,2.89367437362671,2.16856237362671
170.752607822418,2.87719893455505,2.15208693455505
170.802604675293,2.89435529708862,2.16924329708862
170.852601289749,2.87812876701355,2.15301676701355
170.902624130249,2.89415907859802,2.16904707859802
170.952595710754,2.8782205581665,2.1531085581665
171.002599239349,2.8806037902832,2.1554917902832
171.052596569061,2.86920976638794,2.14409776638794
171.102604866028,2.87964797019958,2.15453597019958
171.152596950531,2.8641414642334,2.1390294642334
171.202605724335,2.8727068901062,2.1475948901062
171.252597332001,2.86423325538635,2.13912125538635
171.30260682106,2.88272571563721,2.15761371563721
171.352599382401,2.86572623252869,2.14061423252869
171.402615308762,2.87271976470947,2.14760776470947
171.452606678009,2.86315965652466,2.13804765652466
171.502608299255,2.86681318283081,2.14170118283081
171.552599906921,2.85471200942993,2.12960000942993
171.602615118027,2.86456060409546,2.13944860409546
171.652607917786,2.84758758544922,2.12247558544922
171.702608585358,2.85894250869751,2.13383050869751
171.752597570419,2.85353350639343,2.12842150639343
171.802607536316,2.86390590667725,2.13879390667725
171.852603673935,2.83987402915955,2.11476202915955
171.902611494064,2.85691237449646,2.13180037449646
171.952599287033,2.84471940994263,2.11960740994263
172.002608776093,2.85458135604858,2.12946935604858
172.052601099014,2.83476638793945,2.10965438793945
172.102648973465,2.84369778633118,2.11858578633118
172.152602434158,2.83749032020569,2.11237832020569
172.202611923218,2.84855699539185,2.12344499539185
172.252602815628,2.8335874080658,2.1084754080658
172.302610635757,2.841144323349,2.116032323349
172.352612733841,2.82741904258728,2.10230704258728
172.402617931366,2.83881306648254,2.11370106648254
172.452606201172,2.82893824577332,2.10382624577332
172.502614498138,2.83259224891663,2.10748024891663
172.552608251572,2.82067441940308,2.09556241940308
172.602617025375,2.83721518516541,2.1121031851654
172.652608633041,2.81920742988586,2.09409542988586
172.702610254288,2.83171463012695,2.10660263012695
172.752620220184,2.82351636886597,2.09840436886597
172.802621364594,2.82760238647461,2.10249038647461
172.85262298584,2.81578922271729,2.09067722271728
172.902620315552,2.82622718811035,2.10111518811035
172.952622175217,2.81412601470947,2.08901401470947
173.002613782883,2.82955360412598,2.10444160412598
173.052612543106,2.81243658065796,2.08732458065796
173.102614402771,2.81691551208496,2.09180351208496
173.152616739273,2.80646443367004,2.08135243367004
173.202616214752,2.82762861251831,2.10251661251831
173.252615690231,2.80329513549805,2.07818313549805
173.302614212036,2.81462359428406,2.08951159428406
173.352618932724,2.8217613697052,2.0966493697052
173.402618169785,2.83497595787048,2.10986395787048
173.452615976334,2.8359317779541,2.1108197779541
173.502618551254,2.84646129608154,2.12134929608154
173.552617311478,2.8749463558197,2.1498343558197
173.602616548538,2.89339923858643,2.16828723858643
173.652617931366,2.89381837844849,2.16870637844849
173.702621459961,2.89586138725281,2.17074938725281
173.752619743347,2.91580748558044,2.19069548558044
173.802619218826,2.94824767112732,2.22313567112732
173.85262465477,2.94924283027649,2.22413083027649
173.902625560761,2.97072100639343,2.24560900639343
173.952620029449,2.97682404518127,2.25171204518127
174.002619743347,2.99688792228699,2.27177592228699
174.052619218826,2.99513292312622,2.27002092312622
174.102624416351,3.02576589584351,2.30065389584351
174.152638912201,3.02441668510437,2.29930468510437
174.202657699585,3.02742910385132,2.30231710385132
174.252690553665,3.05066204071045,2.32555004071045
174.302663326263,3.07625293731689,2.35114093731689
174.352653980255,3.06914114952087,2.34402914952087
174.402656078339,3.09906697273254,2.37395497273254
174.452644348145,3.09715485572815,2.37204285572815
174.502694368362,3.10547113418579,2.38035913418579
174.552673339844,3.10925579071045,2.38414379071045
174.602668762207,3.11505770683289,2.38994570683289
174.652676105499,3.12573146820068,2.40061946820068
174.702687501907,3.13496446609497,2.40985246609497
174.7526679039,3.15874767303467,2.43363567303467
174.802666187286,3.17035126686096,2.44523926686096
174.852667331696,3.15546059608459,2.43034859608459
174.902639865875,3.18325114250183,2.45813914250183
174.952637910843,3.18769121170044,2.46257921170044
175.002648591995,3.19780158996582,2.47268958996582
175.052635669708,3.18263578414917,2.45752378414917
175.102638244629,3.20415329933166,2.47904129933166
175.152636289597,3.21449947357178,2.48938747357178
175.202641487122,3.20101022720337,2.47589822720337
175.252641201019,3.22162413597107,2.49651213597107
175.302639245987,3.2424213886261,2.5173093886261
175.352641582489,3.2339870929718,2.5088750929718
175.402641296387,3.23252058029175,2.50740858029175
175.452637434006,3.20668077468872,2.48156877468872
175.50264954567,3.20867156982422,2.48355956982422
175.552645683289,3.19946479797363,2.47435279797363
175.602647542954,3.19244503974915,2.46733303974915
175.65264582634,3.18581819534302,2.46070619534302
175.702643871307,3.17823529243469,2.45312329243469
175.752645730972,3.16927719116211,2.44416519116211
175.802646875381,3.16855716705322,2.44344516705322
175.852650642395,3.15411138534546,2.42899938534546
175.902642726898,3.1577262878418,2.4326142878418
175.952647924423,3.14999914169312,2.42488714169311
176.002649068832,3.14177465438843,2.41666265438843
176.052642583847,3.13239741325378,2.40728541325378
176.102642297745,3.13112711906433,2.40601511906433
176.152648448944,3.12157988548279,2.39646788548279
176.20264673233,3.12952947616577,2.40441747616577
176.25264787674,3.11009407043457,2.38498207043457
176.30264544487,3.11511015892029,2.38999815892029
176.352649688721,3.1093738079071,2.3842618079071
176.402653932571,3.09832048416138,2.37320848416138
176.452652931213,3.09560942649841,2.37049742649841
176.502648591995,3.09475803375244,2.36964603375244
176.552647590637,3.09359240531921,2.36848040531921
176.602647781372,3.08112478256226,2.35601278256226
176.652660369873,3.07790279388428,2.35279079388428
176.702694654465,3.08027338981628,2.35516138981628
176.752690076828,3.07364654541016,2.34853454541016
176.802683353424,3.06780529022217,2.34269329022217
176.852684497833,3.06405997276306,2.33894797276306
176.902661085129,3.07263827323914,2.34752627323914
176.952657938004,3.05704045295715,2.33192845295715
177.002655506134,3.06436133384705,2.33924933384705
177.052656412125,3.05673909187317,2.33162709187317
177.102657318115,3.05870342254639,2.33359142254639
177.15265583992,3.05135631561279,2.32624431561279
177.202654361725,3.05091094970703,2.32579894970703
177.252658843994,3.04116702079773,2.31605502079773
177.302659511566,3.03903245925903,2.31392045925903
177.352660179138,3.03963494300842,2.31452294300842
177.402658700943,3.03444862365723,2.30933662365723
177.452666044235,3.03471064567566,2.30959864567566
177.50266289711,3.02972078323364,2.30460878323364
177.552657842636,3.0266170501709,2.3015050501709
177.602672100067,3.02803134918213,2.30291934918213
177.652662277222,3.0189688205719,2.2938568205719
177.702661037445,3.01260375976562,2.28749175976562
177.75266957283,3.00883173942566,2.28371973942566
177.802662372589,3.01670289039612,2.29159089039612
177.852669239044,3.01809120178223,2.29297920178223
177.902661085129,3.01704359054565,2.29193159054565
177.952675819397,3.00329208374023,2.27818008374023
178.002666473389,3.00887131690979,2.28375931690979
178.052663087845,3.00503420829773,2.27992220829773
178.102666139603,3.00494241714478,2.27983041714478
178.1526658535,2.99663901329041,2.2715270132904
178.202668428421,2.9973726272583,2.2722606272583
178.252669334412,2.99430799484253,2.26919599484253
178.3026740551,2.99166250228882,2.26655050228882
178.352670669556,2.99265789985657,2.26754589985657
178.402679204941,2.99143981933594,2.26632781933594
178.452667713165,2.99142670631409,2.26631470631409
178.502676963806,2.98817896842957,2.26306696842957
178.552668571472,2.98572969436646,2.26061769436645
178.602671384811,2.97999334335327,2.25488134335327
178.65266919136,2.97963976860046,2.25452776860046
178.702666044235,2.97183418273926,2.24672218273926
178.75266957283,2.97243666648865,2.24732466648865
178.802668333054,2.97187352180481,2.24676152180481
178.8526699543,2.96911025047302,2.24399825047302
178.902670860291,2.96626830101013,2.24115630101013
178.952675819397,2.96705412864685,2.24194212864685
179.00266957283,2.97459769248962,2.24948569248962
179.052669763565,2.97399497032166,2.24888297032165
179.10266828537,2.95973300933838,2.23462100933838
179.152671098709,2.96055841445923,2.23544641445923
179.202669382095,2.96030926704407,2.23519726704407
179.252670526505,2.9582793712616,2.2331673712616
179.302670240402,2.95469093322754,2.22957893322754
179.352674484253,2.95423269271851,2.22912069271851
179.402683734894,2.95246458053589,2.22735258053589
179.452702522278,2.95380043983459,2.22868843983459
179.502702236176,2.9421443939209,2.2170323939209
179.552699804306,2.94700312614441,2.22189112614441
179.602698802948,2.9516921043396,2.2265801043396
179.652701377869,2.94812941551208,2.22301741551208
179.702678442001,2.94649267196655,2.22138067196655
179.752677202225,2.94177794456482,2.21666594456482
179.802676200867,2.93909311294556,2.21398111294556
179.852679014206,2.94612574577332,2.22101374577332
179.902682781219,2.93667030334473,2.21155830334473
179.95268034935,2.94417452812195,2.21906252812195
180.002677202225,2.94023251533508,2.21512051533508
180.052678585053,2.94205284118652,2.21694084118652
180.10268163681,2.94226241111755,2.21715041111755
180.152679920197,2.93604159355164,2.21092959355164
180.202715396881,2.93724632263184,2.21213432263184
180.252720594406,2.93268895149231,2.20757695149231
180.30272769928,2.94300889968872,2.21789689968872
180.352718114853,2.9429304599762,2.2178184599762
180.402714490891,2.95915699005127,2.23404499005127
180.452691793442,2.99061489105225,2.26550289105225
180.502728939056,2.99815821647644,2.27304621647644
180.552728414536,3.01714825630188,2.29203625630188
180.602732419968,3.03051972389221,2.30540772389221
180.652730703354,3.04888129234314,2.32376929234314
180.702732801437,3.05782604217529,2.33271404217529
180.752728700638,3.07585978507996,2.35074778507996
180.802722454071,3.0852108001709,2.3600988001709
180.852724313736,3.10143733024597,2.37632533024597
180.902723789215,3.11518859863281,2.39007659863281
180.952697515488,3.12133097648621,2.39621897648621
181.002696037293,3.12600660324097,2.40089460324097
181.052699565887,3.14574265480041,2.42063065480041
181.102694749832,3.15974307060242,2.43463107060242
181.152695178986,3.18120813369751,2.45609613369751
181.202698469162,3.1750922203064,2.4499802203064
181.252696990967,3.18893527984619,2.46382327984619
181.302696943283,3.19630837440491,2.47119637440491
181.352700948715,3.20491290092468,2.47980090092468
181.402699232101,3.22344470024109,2.49833270024109
181.452700614929,3.23447179794312,2.50935979794311
181.50269985199,3.24311542510986,2.51800342510986
181.552707672119,3.24171423912048,2.51660223912048
181.602719783783,3.26362466812134,2.53851266812134
181.65273308754,3.26417446136475,2.53906246136475
181.702730894089,3.2591061592102,2.5339941592102
181.75270819664,3.27673411369324,2.55162211369324
181.802700996399,3.28831148147583,2.56319948147583
181.852705478668,3.28599333763123,2.56088133763123
181.902713537216,3.29865765571594,2.57354565571594
181.952714920044,3.30785131454468,2.58273931454468
182.002708435059,3.30451202392578,2.57940002392578
182.052709579468,3.32207441329956,2.59696241329956
182.10271024704,3.32777142524719,2.60265942524719
182.152716636658,3.33625793457031,2.61114593457031
182.202711582184,3.3347909450531,2.6096789450531
182.252710342407,3.34343481063843,2.61832281063843
182.302708625793,3.33336329460144,2.60825129460144
182.352711200714,3.32858347892761,2.60347147892761
182.4027094841,3.32431364059448,2.59920164059448
182.452713489532,3.32351493835449,2.59840293835449
182.502710342407,3.30833601951599,2.58322401951599
182.552713394165,3.30880761146545,2.58369561146545
182.602710008621,3.29960060119629,2.57448860119629
182.652711391449,3.29179501533508,2.56668301533508
182.702718734741,3.28401589393616,2.55890389393616
182.752731084824,3.27377438545227,2.54866238545227
182.802750110626,3.2598659992218,2.5347539992218
182.852774858475,3.25811100006104,2.53299900006103
182.902755260468,3.25931572914124,2.53420372914124
182.952719688416,3.25034475326538,2.52523275326538
183.002717494965,3.24409770965576,2.51898570965576
183.052717208862,3.2459442615509,2.5208322615509
183.102717876434,3.23764109611511,2.51252909611511
183.152718067169,3.22515988349915,2.50004788349915
183.202716112137,3.23225831985474,2.50714631985474
183.252718925476,3.21965956687927,2.49454756687927
183.30271935463,3.20935249328613,2.48424049328613
183.352722406387,3.20534491539001,2.48023291539001
183.402729272842,3.20620942115784,2.48109742115784
183.452722787857,3.2054238319397,2.4803118319397
183.502729892731,3.19823360443115,2.47312160443115
183.552721500397,3.19146299362183,2.46635099362183
183.602729082108,3.18127369880676,2.45616169880676
183.652724742889,3.18809700012207,2.46298500012207
183.702723026276,3.17747569084167,2.45236369084167
183.752723217011,3.1797022819519,2.4545902819519
183.802722215652,3.17782926559448,2.45271726559448
183.852726459503,3.181889295578,2.456777295578
183.902723789215,3.16352796554565,2.43841596554565
183.95272397995,3.17328476905823,2.44817276905823
184.002722978592,3.1609218120575,2.43580981205749
184.052724838257,3.1599133014679,2.4348013014679
184.102723360062,3.16807246208191,2.44296046208191
184.152729034424,3.16176009178162,2.43664809178162
184.202729701996,3.15219950675964,2.42708750675964
184.252737283707,3.16310882568359,2.43799682568359
184.302813768387,3.15043163299561,2.42531963299561
184.35276389122,3.1461489200592,2.4210369200592
184.402767896652,3.14227247238159,2.41716047238159
184.452735900879,3.13459777832031,2.40948577832031
184.502732992172,3.14070057868958,2.41558857868957
184.552744626999,3.13412618637085,2.40901418637085
184.602735042572,3.12765645980835,2.40254445980835
184.652732133865,3.12759113311768,2.40247913311768
184.70273065567,3.12205123901367,2.39693923901367
184.752729654312,3.12962102890015,2.40450902890015
184.80273270607,3.11568641662598,2.39057441662598
184.852736949921,3.11659002304077,2.39147802304077
184.90274477005,3.11036920547485,2.38525720547485
184.952749729157,3.10862755775452,2.38351555775452
185.002739191055,3.11233377456665,2.38722177456665
185.05274105072,3.10898113250732,2.38386913250732
185.102740526199,3.11073613166809,2.38562413166809
185.152760982513,3.10755348205566,2.38244148205566
185.202771663666,3.09825491905212,2.37314291905212
185.252763032913,3.09800624847412,2.37289424847412
185.302760839462,3.09669661521912,2.37158461521912
185.352735757828,3.09614634513855,2.37103434513855
185.402735233307,3.09141874313354,2.36630674313354
185.452733755112,3.10045504570007,2.37534304570007
185.502733469009,3.08452987670898,2.35941787670898
185.552734613419,3.09187698364258,2.36676498364258
185.602733135223,3.0722975730896,2.3471855730896
185.652734279633,3.08121657371521,2.35610457371521
185.702736139297,3.0795271396637,2.3544151396637
185.752733945847,3.07986736297607,2.35475536297607
185.802737236023,3.07363343238831,2.34852143238831
185.852741241455,3.07718253135681,2.35207053135681
185.902740955353,3.06413841247559,2.33902641247559
185.95273733139,3.07795524597168,2.35284324597168
186.002733469009,3.06199049949646,2.33687849949646
186.052735805511,3.07358121871948,2.34846921871948
186.102736949921,3.06574940681458,2.34063740681457
186.152735948563,3.06250143051147,2.33738943051147
186.202736377716,3.05709266662598,2.33198066662598
186.252737045288,3.06318235397339,2.33807035397339
186.302740097046,3.05631995201111,2.33120795201111
186.352739810944,3.06409907341003,2.33898707341003
186.402737617493,3.05307197570801,2.32795997570801
186.452741146088,3.05037403106689,2.32526203106689
186.502739667892,3.0473358631134,2.3222238631134
186.552740335464,3.0614538192749,2.3363418192749
186.602769136429,3.04252934455872,2.31741734455872
186.652779340744,3.05575680732727,2.33064480732727
186.702779769897,3.04319715499878,2.31808515499878
186.752777814865,3.05219459533691,2.32708259533691
186.802783250809,3.03984451293945,2.31473251293945
186.852785825729,3.05504965782166,2.32993765782165
186.90278172493,3.0343964099884,2.3092844099884
186.952761173248,3.04830479621887,2.32319279621887
187.002755403519,3.04023742675781,2.31512542675781
187.052758455276,3.04369473457336,2.31858273457336
187.10275220871,3.03051972389221,2.30540772389221
187.152755022049,3.04188752174377,2.31677552174377
187.202748537064,3.03021836280823,2.30510636280823
187.252751588821,3.04319715499878,2.31808515499878
187.302761316299,3.03273320198059,2.30762120198059
187.352761030197,3.0353000164032,2.3101880164032
187.402768850327,3.03304743766785,2.30793543766785
187.452764987946,3.05274438858032,2.32763238858032
187.502758979797,3.04474258422852,2.31963058422852
187.552762031555,3.08661222457886,2.36150022457886
187.602765321732,3.08611440658569,2.36100240658569
187.652757406235,3.11956286430359,2.39445086430359
187.702755212784,3.14032077789307,2.41520877789307
187.752756118774,3.16365909576416,2.43854709576416
187.802759885788,3.16606855392456,2.44095655392456
187.852757692337,3.18195486068726,2.45684286068726
187.902756929398,3.18831944465637,2.46320744465637
187.952761411667,3.23389554023743,2.50878354023743
188.002757310867,3.21837615966797,2.49326415966797
188.052761554718,3.23203587532043,2.50692387532043
188.102756261826,3.22804117202759,2.50292917202759
188.152761220932,3.25217819213867,2.52706619213867
188.202765226364,3.25189018249512,2.52677818249512
188.252793550491,3.26700353622437,2.54189153622436
188.302819252014,3.2630615234375,2.5379495234375
188.35279750824,3.28106904029846,2.55595704029846
188.402797222137,3.28840327262878,2.56329127262878
188.452785491943,3.30167007446289,2.57655807446289
188.502811908722,3.30345106124878,2.57833906124878
188.552818775177,3.3193371295929,2.5942251295929
188.602828979492,3.31899666786194,2.59388466786194
188.652811765671,3.34183692932129,2.61672492932129
188.702788829803,3.33845806121826,2.61334606121826
188.752777338028,3.35802412033081,2.63291212033081
188.802777290344,3.35947799682617,2.63436599682617
188.852784156799,3.40561699867249,2.68050499867249
188.902791261673,3.37618923187256,2.65107723187256
188.952785253525,3.38745212554932,2.66234012554932
189.002774715424,3.37624144554138,2.65112944554138
189.0527780056,3.39070010185242,2.66558810185242
189.102779388428,3.38391590118408,2.65880390118408
189.152776241303,3.4095196723938,2.6844076723938
189.202777385712,3.39176082611084,2.66664882611084
189.252778530121,3.41728615760803,2.69217415760803
189.302780151367,3.38823795318604,2.66312595318603
189.352780580521,3.42148995399475,2.69637795399475
189.402779340744,3.43302798271179,2.70791598271179
189.452783823013,3.42849659919739,2.70338459919739
189.502780914307,3.41237473487854,2.68726273487854
189.552785396576,3.4018452167511,2.6767332167511
189.602780818939,3.3963577747345,2.6712457747345
189.652785301209,3.39847946166992,2.67336746166992
189.702779769897,3.3791356086731,2.6540236086731
189.7527821064,3.385409116745,2.66029711674499
189.802794218063,3.36848855018616,2.64337655018616
189.852794408798,3.37404131889343,2.64892931889343
189.902793645859,3.3498911857605,2.6247791857605
189.952794551849,3.36389136314392,2.63877936314392
190.00279211998,3.34251809120178,2.61740609120178
190.052799701691,3.35019254684448,2.62508054684448
190.10279417038,3.32931661605835,2.60420461605835
190.15279507637,3.33735799789429,2.61224599789429
190.202790021896,3.3197169303894,2.5946049303894
190.252788543701,3.33391356468201,2.60880156468201
190.302832365036,3.31508088111877,2.58996888111877
190.352820634842,3.32581996917725,2.60070796917725
190.40283370018,3.30815267562866,2.58304067562866
190.4528028965,3.31663918495178,2.59152718495178
190.50283741951,3.29292154312134,2.56780954312134
190.552846908569,3.30240345001221,2.57729145001221
190.602848291397,3.29412627220154,2.56901427220154
190.652841806412,3.30110692977905,2.57599492977905
190.702843427658,3.28505039215088,2.55993839215088
190.752841234207,3.29036784172058,2.56525584172058
190.802842378616,3.27656388282776,2.55145188282776
190.852830648422,3.2934582233429,2.5683462233429
190.902866363525,3.26955723762512,2.54444523762512
190.95281124115,3.27948427200317,2.55437227200317
191.00280714035,3.2555832862854,2.5304712862854
191.052803754807,3.27264809608459,2.54753609608459
191.102797985077,3.25707626342773,2.53196426342773
191.152802228928,3.25980043411255,2.53468843411255
191.202803611755,3.2522566318512,2.5271446318512
191.252804756165,3.2555570602417,2.5304450602417
191.302805185318,3.2426438331604,2.5175318331604
191.352804422379,3.25576663017273,2.53065463017273
191.402807950974,3.23905539512634,2.51394339512634
191.45280623436,3.24010324478149,2.51499124478149
191.502807378769,3.23042488098145,2.50531288098144
191.552813529968,3.23991990089416,2.51480790089416
191.602813720703,3.22838187217712,2.50326987217712
191.652812242508,3.23656725883484,2.51145525883484
191.702809095383,3.21586155891418,2.49074955891418
191.752806663513,3.23880672454834,2.51369472454834
191.802840232849,3.21876907348633,2.49365707348633
191.852837085724,3.22488522529602,2.49977322529602
191.902856588364,3.20275211334229,2.47764011334228
191.952813863754,3.21821904182434,2.49310704182434
192.002813577652,3.20797753334045,2.48286553334045
192.052810192108,3.22344470024109,2.49833270024109
192.102811098099,3.2001588344574,2.4750468344574
192.152805805206,3.20394372940063,2.47883172940063
192.202811717987,3.19351887702942,2.46840687702942
192.252810239792,3.22127056121826,2.49615856121826
192.302816867828,3.19109606742859,2.46598406742859
192.352818012238,3.20618319511414,2.48107119511414
192.402812957764,3.19588947296143,2.47077747296143
192.452830553055,3.20496511459351,2.47985311459351
192.502821445465,3.18268799781799,2.45757599781799
192.552809715271,3.19894075393677,2.47382875393677
192.602817058563,3.17979383468628,2.45468183468628
192.652812242508,3.19117474555969,2.46606274555969
192.702815055847,3.17447662353516,2.44936462353516
192.752813339233,3.19213080406189,2.46701880406189
192.802824020386,3.17215847969055,2.44704647969055
192.852820873261,3.1902973651886,2.4651853651886
192.90282034874,3.16957855224609,2.44446655224609
192.952820539474,3.18707537651062,2.46196337651062
193.002865314484,3.16506004333496,2.43994804333496
193.052844762802,3.17742347717285,2.45231147717285
193.102850198746,3.15746450424194,2.43235250424194
193.152817249298,3.17505264282227,2.44994064282227
193.202820777893,3.1548056602478,2.4296936602478
193.252818822861,3.17976760864258,2.45465560864258
193.302830219269,3.15519857406616,2.43008657406616
193.352829456329,3.17840576171875,2.45329376171875
193.402826309204,3.15010380744934,2.42499180744934
193.452820062637,3.17249917984009,2.44738717984009
193.502820253372,3.14321541786194,2.41810341786194
193.552819490433,3.15924525260925,2.43413325260925
193.602828502655,3.14242935180664,2.41731735180664
193.652823448181,3.17004990577698,2.44493790577698
193.702824115753,3.13843512535095,2.41332312535095
193.752820730209,3.15948104858398,2.43436904858398
193.802837371826,3.14029479026794,2.41518279026794
193.852833509445,3.15680956840515,2.43169756840515
193.90288734436,3.13423085212708,2.40911885212707
193.952873945236,3.15658688545227,2.43147488545227
194.002871513367,3.13877534866333,2.41366334866333
194.052873849869,3.14807415008545,2.42296215008545
194.102879524231,3.13051176071167,2.40539976071167
194.152866363525,3.14676427841187,2.42165227841186
194.202875614166,3.1254301071167,2.4003181071167
194.252876520157,3.14758944511414,2.42247744511414
194.302885055542,3.12464451789856,2.39953251789856
194.35288476944,3.15449142456055,2.42937942456055
194.402875900269,3.1276171207428,2.4025051207428
194.452850103378,3.16430068016052,2.43918868016052
194.502870798111,3.14990758895874,2.42479558895874
194.552895784378,3.1925106048584,2.4673986048584
194.602880001068,3.1818368434906,2.4567248434906
194.652880907059,3.22133612632751,2.49622412632751
194.702868700027,3.20470333099365,2.47959133099365
194.752876758575,3.24201512336731,2.51690312336731
194.802874803543,3.24040460586548,2.51529260586548
194.852880477905,3.26211857795715,2.53700657795715
194.902902364731,3.26108384132385,2.53597184132385
194.952886343002,3.28929376602173,2.56418176602173
195.002870798111,3.29163813591003,2.56652613591003
195.052854299545,3.31522488594055,2.59011288594055
195.102853298187,3.30152606964111,2.57641406964111
195.152854919434,3.32977509498596,2.60466309498596
195.20285153389,3.32483768463135,2.59972568463135
195.252851724625,3.35577154159546,2.63065954159546
195.302853107452,3.35101747512817,2.62590547512817
195.352854251862,3.38842129707336,2.66330929707336
195.402853727341,3.39912104606628,2.67400904606628
195.452855110168,3.42556309700012,2.70045109700012
195.502852678299,3.43042182922363,2.70530982922363
195.552855014801,3.46580862998962,2.74069662998962
195.602854728699,3.45664095878601,2.73152895878601
195.652865886688,3.51705527305603,2.79194327305603
195.702871799469,3.48665809631348,2.76154609631348
195.752875804901,3.51958298683166,2.79447098683166
195.802877426147,3.53404140472412,2.80892940472412
195.852877616882,3.57519054412842,2.85007854412842
195.902869462967,3.57363224029541,2.84852024029541
195.952865839005,3.58649277687073,2.86138077687073
196.002864599228,3.58202695846558,2.85691495846558
196.052869081497,3.60476279258728,2.87965079258728
196.102860927582,3.56506681442261,2.83995481442261
196.152864694595,3.60193371772766,2.87682171772766
196.202864408493,3.60266709327698,2.87755509327698
196.252861976624,3.63006520271301,2.90495320271301
196.30286359787,3.59717965126038,2.87206765126038
196.352865219116,3.61023688316345,2.88512488316345
196.402940511704,3.58987164497375,2.86475964497375
196.452943325043,3.59882974624634,2.87371774624634
196.502934932709,3.56696581840515,2.84185381840515
196.552943706512,3.57877898216248,2.85366698216248
196.60294175148,3.54880118370056,2.82368918370056
196.652946710587,3.55857110023499,2.83345910023498
196.702941417694,3.5252799987793,2.8001679987793
196.752948045731,3.54100871086121,2.81589671086121
196.802942037582,3.50718021392822,2.78206821392822
196.852942228317,3.52395701408386,2.79884501408386
196.902935266495,3.49447679519653,2.76936479519653
196.952921152115,3.5135190486908,2.7884070486908
197.002905845642,3.48122334480286,2.75611134480286
197.052906751633,3.49441123008728,2.76929923008728
197.102914094925,3.46290111541748,2.73778911541748
197.152910470963,3.49239444732666,2.76728244732666
197.202906370163,3.45432281494141,2.72921081494141
197.252907991409,3.47442579269409,2.74931379269409
197.302912712097,3.45379900932312,2.72868700932312
197.352916955948,3.46878147125244,2.74366947125244
197.40290760994,3.44287657737732,2.71776457737732
197.452910661697,3.46097588539124,2.73586388539124
197.502907276154,3.42105793952942,2.69594593952942
197.55291056633,3.43835806846619,2.71324606846619
197.602911949158,3.42108368873596,2.69597168873596
197.6529276371,3.43698310852051,2.71187110852051
197.702929735184,3.40737199783325,2.68225999783325
197.752912998199,3.42875862121582,2.70364662121582
197.802909851074,3.40438580513,2.67927380513
197.852914810181,3.4147322177887,2.6896202177887
197.902915477753,3.38980960845947,2.66469760845947
197.952914237976,3.4179539680481,2.6928419680481
198.002912759781,3.38467574119568,2.65956374119568
198.05291056633,3.40392756462097,2.67881556462097
198.102915763855,3.37484002113342,2.64972802113342
198.152913331985,3.39601731300354,2.67090531300354
198.202913284302,3.36564636230469,2.64053436230469
198.252957344055,3.39326691627502,2.66815491627502
198.302972316742,3.36881566047668,2.64370366047668
198.35295343399,3.37980365753174,2.65469165753174
198.4029545784,3.34521579742432,2.62010379742432
198.452955007553,3.37338638305664,2.64827438305664
198.502920866013,3.34824109077454,2.62312909077454
198.552922010422,3.36535835266113,2.64024635266113
198.602933168411,3.32686758041382,2.60175558041382
198.652931928635,3.32846522331238,2.60335322331238
198.702928066254,3.31498908996582,2.58987708996582
198.752927780151,3.33090162277222,2.60578962277222
198.802926063538,3.30612277984619,2.58101077984619
198.85294175148,3.32278156280518,2.59766956280518
198.902930021286,3.29265952110291,2.5675475211029
198.952931642532,3.31840705871582,2.59329505871582
199.002940654755,3.27962851524353,2.55451651524353
199.052944898605,3.30430245399475,2.57919045399475
199.102966308594,3.28363585472107,2.55852385472107
199.152957677841,3.29726958274841,2.57215758274841
199.202965497971,3.27831888198853,2.55320688198853
199.252936124802,3.297518491745,2.57240649174499
199.302932262421,3.2607433795929,2.5356313795929
199.352940797806,3.27792596817017,2.55281396817017
199.402941226959,3.26289129257202,2.53777929257202
199.452938079834,3.28202509880066,2.55691309880066
199.502938270569,3.25308179855347,2.52796979855347
199.552932739258,3.27110266685486,2.54599066685486
199.602939128876,3.25004363059998,2.52493163059998
199.652936220169,3.27465176582336,2.54953976582336
199.70293211937,3.24631118774414,2.52119918774414
199.752936840057,3.26049470901489,2.53538270901489
199.802934885025,3.24019503593445,2.51508303593445
199.852938175201,3.25559639930725,2.53048439930725
199.902935743332,3.23290014266968,2.50778814266968
199.952942848206,3.26374244689941,2.53863044689941
200.002937316895,3.23211431503296,2.50700231503296
200.052938461304,3.25432586669922,2.52921386669922
200.102937221527,3.22487187385559,2.49975987385559
200.152941465378,3.24848484992981,2.52337284992981
200.202935934067,3.23016309738159,2.50505109738159
200.252937555313,3.24475240707397,2.51964040707397
200.302936315536,3.22466230392456,2.49955030392456
200.35294175148,3.24539399147034,2.52028199147034
200.402944326401,3.22935104370117,2.50423904370117
200.452944517136,3.24157023429871,2.51645823429871
200.502938508987,3.22154569625854,2.49643369625854
200.552941322327,3.23544096946716,2.51032896946716
200.602962255478,3.2187557220459,2.4936437220459
200.652985572815,3.23286080360413,2.50774880360413
200.702978372574,3.20560717582703,2.48049517582703
200.752988815308,3.2394483089447,2.5143363089447
200.802975416183,3.20669412612915,2.48158212612915
200.852978944778,3.22210884094238,2.49699684094238
200.902960062027,3.20624876022339,2.48113676022339
200.95295214653,3.21993470191956,2.49482270191956
201.002950668335,3.20335459709167,2.47824259709167
201.052950620651,3.21718454360962,2.49207254360962
201.102949142456,3.19956946372986,2.47445746372986
201.152950286865,3.20827889442444,2.48316689442444
201.202949523926,3.19454050064087,2.46942850064087
201.252953290939,3.21151375770569,2.48640175770569
201.302951574326,3.21212911605835,2.48701711605835
201.352965116501,3.2379162311554,2.5128042311554
201.402955770493,3.22055006027222,2.49543806027222
201.452957630157,3.261070728302,2.535958728302
201.502955913544,3.25564885139465,2.53053685139465
201.552956342697,3.29928636550903,2.57417436550903
201.602964401245,3.29467630386353,2.56956430386353
201.653010845184,3.33979392051697,2.61468192051697
201.702999591827,3.3780882358551,2.6529762358551
201.753001689911,3.39140725135803,2.66629525135803
201.80300283432,3.33919143676758,2.61407943676758
201.853008031845,3.4140772819519,2.6889652819519
201.902997255325,3.42524862289429,2.70013662289429
201.952975273132,3.44535183906555,2.72023983906555
202.002964496613,3.43369603157043,2.70858403157043
202.052969694138,3.47834205627441,2.75323005627441
202.102967977524,3.47766065597534,2.75254865597534
202.152963638306,3.49606132507324,2.77094932507324
202.202970266342,3.51664900779724,2.79153700779724
202.252972126007,3.54303860664368,2.81792660664368
202.302967071533,3.55333256721497,2.82822056721497
202.352968931198,3.54453182220459,2.81941982220459
202.402970314026,3.5668351650238,2.8417231650238
202.452973365784,3.6167721748352,2.8916601748352
202.503004312515,3.58118891716003,2.85607691716003
202.553013801575,3.62286186218262,2.89774986218262
202.603013038635,3.62874221801758,2.90363021801758
202.653019428253,3.65852355957031,2.93341155957031
202.703020811081,3.63206887245178,2.90695687245178
202.753022909164,3.67708158493042,2.95196958493042
202.803022146225,3.64828205108643,2.92317005108643
202.85301399231,3.69121241569519,2.96610041569519
202.903017282486,3.64164233207703,2.91653033207703
202.953007698059,3.69714522361755,2.97203322361755
203.002990484238,3.68412733078003,2.95901533078003
203.052993059158,3.70895838737488,2.98384638737488
203.102983474731,3.70402097702026,2.97890897702026
203.152990102768,3.75013375282288,3.02502175282288
203.202983856201,3.72090244293213,2.99579044293213
203.252988815308,3.72345638275146,2.99834438275146
203.302988052368,3.70057678222656,2.97546478222656
203.352989673614,3.71245503425598,2.98734303425598
203.402985095978,3.6826605796814,2.9575485796814
203.452987670898,3.68694305419922,2.96183105419922
203.502985239029,3.66158819198608,2.93647619198608
203.552989006042,3.67835187911987,2.95323987911987
203.602985620499,3.64202189445496,2.91690989445496
203.652987480164,3.65916562080383,2.93405362080383
203.702994585037,3.62224626541138,2.89713426541138
203.753026008606,3.63654780387878,2.91143580387878
203.803031682968,3.60941195487976,2.88429995487976
203.853035449982,3.61589455604553,2.89078255604553
203.903031826019,3.59880352020264,2.87369152020264
203.953006505966,3.62066149711609,2.89554949711609
204.003032207489,3.5906970500946,2.8655850500946
204.053047180176,3.60285043716431,2.87773843716431
204.103039741516,3.57240104675293,2.84728904675293
204.153057813644,3.5872654914856,2.8621534914856
204.203050851822,3.56336450576782,2.83825250576782
204.253060340881,3.59033012390137,2.86521812390137
204.303053855896,3.55431485176086,2.82920285176086
204.353045701981,3.56615400314331,2.84104200314331
204.403046369553,3.54206967353821,2.81695767353821
204.453026533127,3.55778527259827,2.83267327259827
204.503016710281,3.53110766410828,2.80599566410828
204.553017616272,3.54898428916931,2.82387228916931
204.603014945984,3.53119945526123,2.80608745526123
204.653048992157,3.54540920257568,2.82029720257568
204.70305109024,3.51994943618774,2.79483743618774
204.753063440323,3.52259492874145,2.79748292874145
204.803060293198,3.50454783439636,2.77943583439636
204.853055238724,3.5288028717041,2.8036908717041
204.903054237366,3.49729251861572,2.77218051861572
204.953023910522,3.51048064231873,2.78536864231873
205.003023386002,3.49483036994934,2.76971836994934
205.053024291992,3.50315976142883,2.77804776142883
205.1030189991,3.47853827476501,2.75342627476501
205.153020620346,3.49050831794739,2.76539631794739
205.203023195267,3.47450470924377,2.74939270924377
205.253022193909,3.4920015335083,2.7668895335083
205.303020715714,3.47302484512329,2.74791284512329
205.353029251099,3.48394727706909,2.75883527706909
205.403025865555,3.46483945846558,2.73972745846558
205.453025579453,3.48022770881653,2.75511570881653
205.503022670746,3.45493865013123,2.72982665013123
205.553027629852,3.47529029846191,2.75017829846191
205.60302567482,3.44924163818359,2.72412963818359
205.653033018112,3.46988153457642,2.74476953457642
205.703037977219,3.45594668388367,2.73083468388367
205.753027677536,3.45360279083252,2.72849079083252
205.803032636642,3.44510293006897,2.71999093006897
205.853030920029,3.4507474899292,2.7256354899292
205.903028488159,3.44065022468567,2.71553822468567
205.953035354614,3.44772243499756,2.72261043499756
206.003036260605,3.43000268936157,2.70489068936157
206.053033351898,3.45550179481506,2.73038979481506
206.103035449982,3.42218422889709,2.69707222889709
206.153038978577,3.44839000701904,2.72327800701904
206.20303106308,3.41456174850464,2.68944974850464
206.253037214279,3.44088578224182,2.71577378224182
206.30303311348,3.41517758369446,2.69006558369446
206.353033304214,3.43463897705078,2.70952697705078
206.403031826019,3.41403794288635,2.68892594288635
206.453031778336,3.42350673675537,2.69839473675537
206.50303030014,3.41752171516418,2.69240971516418
206.553032398224,3.42076969146729,2.69565769146728
206.603030204773,3.39838743209839,2.67327543209839
206.653032541275,3.42399144172668,2.69887944172668
206.703035354614,3.39954018592834,2.67442818592834
206.753033399582,3.42528796195984,2.70017596195984
206.80303144455,3.3988983631134,2.6737863631134
206.853040218353,3.41206049919128,2.68694849919128
206.903033494949,3.39487791061401,2.66976591061401
206.953043937683,3.4043333530426,2.6792213530426
207.003085374832,3.37832379341125,2.65321179341125
207.053076505661,3.4092710018158,2.6841590018158
207.103073358536,3.38326144218445,2.65814944218445
207.153076887131,3.3957028388977,2.6705908388977
207.203067064285,3.3823447227478,2.6572327227478
207.253073215485,3.39233684539795,2.66722484539795
207.303059339523,3.3718409538269,2.6467289538269
207.353045940399,3.38467574119568,2.65956374119568
207.403048276901,3.3767523765564,2.6516403765564
207.453054666519,3.37684392929077,2.65173192929077
207.50305223465,3.36913013458252,2.64401813458252
207.553050041199,3.38259339332581,2.65748139332581
207.603055238724,3.36792540550232,2.64281340550232
207.653054237366,3.37235188484192,2.64723988484192
207.703056335449,3.35566687583923,2.63055487583923
207.753049135208,3.37189340591431,2.64678140591431
207.80305480957,3.35697674751282,2.63186474751282
207.853051424026,3.37220764160156,2.64709564160156
207.90306854248,3.34852910041809,2.62341710041809
207.953095197678,3.36431050300598,2.63919850300598
208.003103494644,3.35045433044434,2.62534233044434
208.05310177803,3.35704183578491,2.63192983578491
208.103101015091,3.34695768356323,2.62184568356323
208.15309381485,3.35698962211609,2.63187762211609
208.203102111816,3.34211182594299,2.61699982594299
208.253095149994,3.34935426712036,2.62424226712036
208.303112030029,3.34029150009155,2.61517950009155
208.353098154068,3.35069012641907,2.62557812641907
208.403115749359,3.31501531600952,2.58990331600952
208.453099727631,3.37214231491089,2.64703031491089
208.50311756134,3.36465120315552,2.63953920315552
208.553097724915,3.39038562774658,2.66527362774658
208.603107213974,3.37947630882263,2.65436430882263
208.653088569641,3.42401766777039,2.69890566777039
208.703073740005,3.4343900680542,2.7092780680542
208.753078460693,3.4473032951355,2.7221912951355
208.803125143051,3.46390962600708,2.73879762600708
208.853110551834,3.48851799964905,2.76340599964905
208.903133153915,3.47432112693787,2.74920912693787
208.953095912933,3.52046036720276,2.79534836720276
209.003087759018,3.53296732902527,2.80785532902527
209.053087234497,3.53926682472229,2.81415482472229
209.103078365326,3.54544854164124,2.82033654164123
209.153082370758,3.57134032249451,2.84622832249451
209.20307970047,3.58163404464722,2.85652204464722
209.253082513809,3.61021065711975,2.88509865711975
209.303079605103,3.62952780723572,2.90441580723572
209.353083610535,3.63335227966309,2.90824027966309
209.403083562851,3.62696099281311,2.90184899281311
209.453082799911,3.63969087600708,2.91457887600708
209.503082513809,3.64665818214416,2.92154618214416
209.553085327148,3.674147605896,2.949035605896
209.603082418442,3.66558265686035,2.94047065686035
209.653104782104,3.68973255157471,2.96462055157471
209.703125715256,3.69561290740967,2.97050090740967
209.753132581711,3.71174788475037,2.98663588475037
209.803129434586,3.70193862915039,2.97682662915039
209.85312795639,3.72540760040283,3.00029560040283
209.903129339218,3.72890448570251,3.00379248570251
209.953110456467,3.75305438041687,3.02794238041687
210.003111362457,3.7654173374176,3.0403053374176
210.053096532822,3.77369427680969,3.04858227680969
210.103093147278,3.76748657226562,3.04237457226562
210.15309715271,3.77436232566833,3.04925032566833
210.203095197678,3.77615642547607,3.05104442547607
210.25310087204,3.79159736633301,3.06648536633301
210.303104639053,3.77762341499329,3.05251141499329
210.353097915649,3.80272960662842,3.07761760662842
210.403098583221,3.79739904403687,3.07228704403686
210.453102827072,3.8061740398407,3.0810620398407
210.503098726273,3.78901743888855,3.06390543888855
210.553113937378,3.78960680961609,3.06449480961609
210.603143453598,3.77059054374695,3.04547854374695
210.65314745903,3.7738778591156,3.0487658591156
210.70313835144,3.76846885681152,3.04335685681152
210.753145933151,3.7638852596283,3.0387732596283
210.803141355515,3.75360441207886,3.02849241207886
210.853141069412,3.74620485305786,3.02109285305786
210.90314412117,3.73900198936462,3.01388998936462
210.953126907349,3.73532176017761,3.01020976017761
211.003116130829,3.72439932823181,2.99928732823181
211.053147315979,3.72549939155579,3.00038739155579
211.103142976761,3.71312308311462,2.98801108311462
211.153119802475,3.71362066268921,2.98850866268921
211.20312166214,3.696857213974,2.971745213974
211.253116130829,3.70345783233643,2.97834583233643
211.303110122681,3.69508934020996,2.96997734020996
211.353110074997,3.68379998207092,2.95868798207092
211.403115034103,3.68178296089172,2.95667096089172
211.453109741211,3.67495965957642,2.94984765957642
211.503109693527,3.66913199424744,2.94401999424744
211.553111791611,3.67004871368408,2.94493671368408
211.603108644485,3.66229557991028,2.93718357991028
211.653111457825,3.66313362121582,2.93802162121582
211.703110694885,3.65153026580811,2.92641826580811
211.753113508224,3.65303611755371,2.92792411755371
211.803149223328,3.6426899433136,2.9175779433136
211.853150844574,3.64926433563232,2.92415233563232
211.903146028519,3.63569664955139,2.91058464955139
211.953127145767,3.63457036018372,2.90945836018372
212.003151655197,3.63332581520081,2.90821381520081
212.053152799606,3.62417149543762,2.89905949543762
212.103156089783,3.62104153633118,2.89592953633118
212.153189659119,3.62267875671387,2.89756675671387
212.203161239624,3.60730338096619,2.88219138096619
212.253163099289,3.61087846755981,2.88576646755981
212.303164482117,3.60264086723328,2.87752886723328
212.353162050247,3.60672688484192,2.88161488484192
212.403164625168,3.60519480705261,2.88008280705261
212.453137874603,3.61193919181824,2.88682719181824
212.50315117836,3.60413408279419,2.87902208279419
212.553166627884,3.60342693328857,2.87831493328857
212.603181123734,3.59220314025879,2.86709114025879
212.653130054474,3.59349942207336,2.86838742207336
212.703141689301,3.58609986305237,2.86098786305237
212.753129959106,3.593106508255,2.867994508255
212.803141593933,3.58129382133484,2.85618182133484
212.853132247925,3.57508587837219,2.84997387837219
212.903145313263,3.57545256614685,2.85034056614685
212.953132390976,3.57183790206909,2.84672590206909
213.003144025803,3.56866860389709,2.84355660389709
213.053140640259,3.56718873977661,2.84207673977661
213.103147029877,3.56543374061584,2.84032174061584
213.153139591217,3.56618022918701,2.84106822918701
213.203145980835,3.56163573265076,2.83652373265076
213.253144979477,3.56035208702087,2.83524008702087
213.303139209747,3.55293965339661,2.82782765339661
213.353141546249,3.54979634284973,2.82468434284973
213.403147220612,3.54400777816772,2.81889577816772
213.453145503998,3.5441517829895,2.8190397829895
213.503148555756,3.54027533531189,2.81516333531189
213.553138017654,3.54361510276794,2.81850310276794
213.603148460388,3.53747248649597,2.81236048649597
213.653140544891,3.53825855255127,2.81314655255127
213.703143119812,3.53067564964294,2.80556364964294
213.753139734268,3.52907800674438,2.80396600674438
213.803141593933,3.53118658065796,2.80607458065796
213.853143692017,3.52025079727173,2.79513879727173
213.90314912796,3.52428436279297,2.79917236279297
213.953144311905,3.51987099647522,2.79475899647522
214.003144264221,3.52283072471619,2.79771872471619
214.053142786026,3.51907205581665,2.79396005581665
214.103144884109,3.51515626907349,2.79004426907349
214.153142213821,3.51858735084534,2.79347535084534
214.203146219254,3.51930785179138,2.79419585179138
214.253143548965,3.50881743431091,2.78370543431091
214.303150892258,3.52032923698425,2.79521723698425
214.353152513504,3.51856136322021,2.79344936322021
214.403149366379,3.50260972976685,2.77749772976685
214.453143596649,3.50517654418945,2.78006454418945
214.503144741058,3.51163339614868,2.78652139614868
214.553143978119,3.50179767608643,2.77668567608643
214.603152513504,3.506028175354,2.780916175354
214.653173923492,3.49801301956177,2.77290101956177
214.703193426132,3.50249195098877,2.77737995098877
214.753180980682,3.49877238273621,2.77366038273621
214.803184509277,3.50456118583679,2.77944918583679
214.853184223175,3.50360512733459,2.77849312733459
214.903187990189,3.4975152015686,2.7724032015686
214.953164577484,3.49129438400269,2.76618238400269
215.003153085709,3.48995852470398,2.76484652470398
215.053150653839,3.49188375473022,2.76677175473022
215.10315322876,3.49205374717712,2.76694174717712
215.153151512146,3.48612117767334,2.76100917767334
215.203152179718,3.48333191871643,2.75821991871643
215.253153800964,3.48348879814148,2.75837679814148
215.303153038025,3.48618674278259,2.76107474278259
215.353155374527,3.4777524471283,2.7526404471283
215.403161525726,3.49572110176086,2.77060910176086
215.453156709671,3.5049147605896,2.7798027605896
215.503155231476,3.52116751670837,2.79605551670837
215.553158283234,3.52588224411011,2.80077024411011
215.603157758713,3.56540751457214,2.84029551457214
215.653203487396,3.5722177028656,2.8471057028656
215.703199625015,3.58696436882019,2.86185236882019
215.753211736679,3.59346008300781,2.86834808300781
215.803205728531,3.62297964096069,2.89786764096069
215.853197813034,3.62504911422729,2.89993711422729
215.903203725815,3.65667724609375,2.93156524609375
215.953176498413,3.66458749771118,2.93947549771118
216.003166675568,3.69177556037903,2.96666356037903
216.053165912628,3.69647741317749,2.97136541317749
216.103167295456,3.69947648048401,2.97436448048401
216.153164863586,3.7187807559967,2.9936687559967
216.20321059227,3.73238825798035,3.00727625798035
216.25320148468,3.73293805122375,3.00782605122375
216.303203582764,3.75077557563782,3.02566357563782
216.353166818619,3.76266717910767,3.03755517910767
216.403170585632,3.78355622291565,3.05844422291565
216.453177690506,3.78367400169373,3.05856200169373
216.503168344498,3.81318044662476,3.08806844662476
216.553177595139,3.81574749946594,3.09063549946594
216.603209257126,3.81798672676086,3.09287472676086
216.653242826462,3.84095811843872,3.11584611843872
216.70321893692,3.85456538200378,3.12945338200378
216.753222942352,3.86510801315308,3.13999601315308
216.803217172623,3.88936281204224,3.16425081204224
216.853214502335,3.89529538154602,3.17018338154602
216.903213977814,3.90265560150146,3.17754360150146
216.953196048737,3.89908051490784,3.17396851490784
217.003192901611,3.91378784179687,3.18867584179687
217.053208827972,3.91215062141418,3.18703862141418
217.103192329407,3.9365234375,3.2114114375
217.153187513351,3.92380666732788,3.19869466732788
217.203197240829,3.95155811309814,3.22644611309814
217.253184318542,3.95214748382568,3.22703548382568
217.30318236351,3.95887899398804,3.23376699398804
217.353185892105,3.941251039505,3.216139039505
217.403191328049,3.94612312316895,3.22101112316894
217.453189849854,3.92558765411377,3.20047565411377
217.503192663193,3.92818093299866,3.20306893299866
217.55318403244,3.90903377532959,3.18392177532959
217.603188514709,3.90310096740723,3.17798896740723
217.653185606003,3.8942346572876,3.1691226572876
217.703187942505,3.88980793952942,3.16469593952942
217.753197669983,3.87828326225281,3.15317126225281
217.8032310009,3.87359476089478,3.14848276089478
217.85323882103,3.86709880828857,3.14198680828857
217.90324139595,3.86640453338623,3.14129253338623
217.953198671341,3.84930062294006,3.12418862294006
218.003214359283,3.85511541366577,3.13000341366577
218.053241729736,3.84104990959167,3.11593790959167
218.103237390518,3.84217619895935,3.11706419895935
218.15324473381,3.82677459716797,3.10166259716797
218.203240633011,3.82224321365356,3.09713121365356
218.253245592117,3.81634974479675,3.09123774479675
218.303238630295,3.81805229187012,3.09294029187012
218.35324883461,3.80207467079163,3.07696267079163
218.403245925903,3.7977659702301,3.0726539702301
218.453204154968,3.79430818557739,3.06919618557739
218.503211021423,3.79399394989014,3.06888194989014
218.553202629089,3.7837917804718,3.0586797804718
218.603194236755,3.7890043258667,3.0638923258667
218.653206348419,3.78785181045532,3.06273981045532
218.703241109848,3.77759718894958,3.05248518894958
218.753250837326,3.76117420196533,3.03606220196533
218.803246259689,3.76933336257935,3.04422136257935
218.853256702423,3.76698899269104,3.04187699269104
218.903257846832,3.76266717910767,3.03755517910767
218.953211307526,3.74095320701599,3.01584120701599
219.003212928772,3.74877166748047,3.02365966748047
219.053242444992,3.74008870124817,3.01497670124817
219.103244304657,3.75161361694336,3.02650161694336
219.153208255768,3.73054146766663,3.00542946766663
219.203205108643,3.74025893211365,3.01514693211365
219.253206729889,3.72899603843689,3.00388403843689
219.303205966949,3.73126196861267,3.00614996861267
219.353208780289,3.71904253959656,2.99393053959656
219.403207778931,3.7303318977356,3.0052198977356
219.453209161758,3.71956658363342,2.99445458363342
219.503209352493,3.73115706443787,3.00604506443787
219.553207874298,3.71606993675232,2.99095793675232
219.603207588196,3.71876740455627,2.99365540455627
219.653212070465,3.70085144042969,2.97573944042969
219.703212499619,3.71703886985779,2.99192686985779
219.753209352493,3.70606398582458,2.98095198582458
219.803206682205,3.70817255973816,2.98306055973816
219.853214025497,3.69011235237122,2.96500035237122
219.903212547302,3.70419120788574,2.97907920788574
219.953209877014,3.68742775917053,2.96231575917053
220.003211259842,3.70087790489197,2.97576590489197
220.053210020065,3.6827130317688,2.9576010317688
220.103214740753,3.70011806488037,2.97500606488037
220.153213977814,3.67262864112854,2.94751664112854
220.203210830688,3.68390488624573,2.95879288624573
220.253211736679,3.66866016387939,2.94354816387939
220.303216695786,3.67658400535583,2.95147200535583
220.353223323822,3.66553044319153,2.94041844319153
220.403216123581,3.67692422866821,2.95181222866821
220.453214406967,3.66652584075928,2.94141384075928
220.503212690353,3.670978307724,2.945866307724
220.553211688995,3.65328526496887,2.92817326496887
220.603212594986,3.67167258262634,2.94656058262634
220.653212547302,3.64634394645691,2.92123194645691
220.703213691711,3.6668267250061,2.9417147250061
220.753213167191,3.6458854675293,2.9207734675293
220.803224086761,3.66147041320801,2.93635841320801
220.853225231171,3.64423537254333,2.91912337254333
220.903215646744,3.65209341049194,2.92698141049194
220.953217029572,3.63687515258789,2.91176315258789
221.003218173981,3.65564227104187,2.93053027104187
221.05322098732,3.63071966171265,2.90560766171265
221.103217363358,3.65274810791016,2.92763610791016
221.153221607208,3.63058876991272,2.90547676991272
221.20321893692,3.63890528678894,2.91379328678894
221.253219842911,3.6287944316864,2.9036824316864
221.30321764946,3.64327931404114,2.91816731404114
221.353222846985,3.62438106536865,2.89926906536865
221.403219938278,3.63281536102295,2.90770336102295
221.453224420547,3.62089729309082,2.89578529309082
221.503219842911,3.62601828575134,2.90090628575134
221.553223133087,3.61503005027771,2.88991805027771
221.603220701218,3.63018298149109,2.90507098149109
221.653222799301,3.61042022705078,2.88530822705078
221.703223466873,3.62123799324036,2.89612599324036
221.753249883652,3.60774850845337,2.88263650845337
221.803269863129,3.61673283576965,2.89162083576965
221.853261232376,3.59763789176941,2.87252589176941
221.903266906738,3.61121916770935,2.88610716770935
221.953239202499,3.6027193069458,2.8776073069458
222.003264427185,3.61375975608826,2.88864775608826
222.05327963829,3.60214328765869,2.87703128765869
222.103268623352,3.61043334007263,2.88532134007263
222.153276443481,3.591796875,2.866684875
222.203274011612,3.60904502868652,2.88393302868652
222.253279209137,3.59239935874939,2.86728735874939
222.303282260895,3.60616374015808,2.88105174015808
222.353270530701,3.59222912788391,2.86711712788391
222.403273820877,3.60408139228821,2.87896939228821
222.453253269196,3.59043478965759,2.86532278965759
222.503248691559,3.59911799430847,2.87400599430847
222.553244113922,3.59126019477844,2.86614819477844
222.60324048996,3.61392998695374,2.88881798695373
222.653255224228,3.61205744743347,2.88694544743347
222.703305959702,3.63690137863159,2.91178937863159
222.753294467926,3.63505458831787,2.90994258831787
222.803292512894,3.67171192169189,2.94659992169189
222.853285312653,3.68907785415649,2.96396585415649
222.903285264969,3.71946167945862,2.99434967945862
222.953254699707,3.72015595436096,2.99504395436096
223.003270149231,3.74705600738525,3.02194400738525
223.053314208984,3.7426426410675,3.0175306410675
223.103298902512,3.7674343585968,3.0423223585968
223.153300762177,3.77353715896606,3.04842515896606
223.203260660171,3.8120801448822,3.0869681448822
223.253257036209,3.80292582511902,3.07781382511902
223.303256034851,3.83581113815308,3.11069913815308
223.353261232376,3.82875204086304,3.10364004086304
223.40326333046,3.87076568603516,3.14565368603516
223.45325922966,3.87507462501526,3.14996262501526
223.503260850906,3.90565490722656,3.18054290722656
223.553261756897,3.89025330543518,3.16514130543518
223.603262662888,3.91531991958618,3.19020791958618
223.653262376785,3.92268037796021,3.1975683779602
223.703263998032,3.97298407554626,3.24787207554626
223.753269672394,3.96901559829712,3.24390359829712
223.803266763687,3.99731755256653,3.27220555256653
223.853270530701,4.01019144058228,3.28507944058228
223.903266906738,4.04686164855957,3.32174964855957
223.953267097473,4.0397629737854,3.3146509737854
224.003263950348,4.06560230255127,3.34049030255127
224.053262472153,4.06502628326416,3.33991428326416
224.103264808655,4.07745504379272,3.35234304379272
224.153267621994,4.07690477371216,3.35179277371216
224.203265190124,4.09935235977173,3.37424035977173
224.25327205658,4.07416772842407,3.34905572842407
224.303272724152,4.07796573638916,3.35285373638916
224.353278398514,4.058189868927,3.333077868927
224.403277873993,4.05630397796631,3.33119197796631
224.453277587891,4.03121137619019,3.30609937619019
224.503295183182,4.03415775299072,3.30904575299072
224.553317546844,4.00816154479981,3.2830495447998
224.603318452835,4.02102184295654,3.29590984295654
224.653322458267,3.99590301513672,3.27079101513672
224.703317165375,4.00537204742432,3.28026004742432
224.753311634064,3.98251819610596,3.25740619610596
224.8033182621,3.99392533302307,3.26881333302307
224.853313922882,3.96237587928772,3.23726387928772
224.903311491013,3.98437809944153,3.25926609944153
224.953283071518,3.96272945404053,3.23761745404053
225.003281354904,3.95701932907104,3.23190732907104
225.053286314011,3.94085836410522,3.21574636410522
225.103282928467,3.95724201202393,3.23213001202393
225.15327835083,3.93724346160889,3.21213146160889
225.203289270401,3.94595289230347,3.22084089230347
225.253287553787,3.91917061805725,3.19405861805725
225.303291082382,3.93609118461609,3.21097918461609
225.35329079628,3.91577839851379,3.19066639851379
225.403291940689,3.92510318756104,3.19999118756103
225.453283309937,3.90511775016785,3.18000575016785
225.5032954216,3.91556882858276,3.19045682858276
225.553290367126,3.89047598838806,3.16536398838806
225.603287220001,3.90405702590942,3.17894502590942
225.653296947479,3.88306355476379,3.15795155476379
225.70329117775,3.89630389213562,3.17119189213562
225.753290653229,3.88193726539612,3.15682526539612
225.803291797638,3.88454341888428,3.15943141888428
225.853297233582,3.86694169044495,3.14182969044495
225.903296470642,3.87326717376709,3.14815517376709
225.953292131424,3.85651659965515,3.13140459965515
226.00329375267,3.87348985671997,3.14837785671997
226.053289413452,3.84996843338013,3.12485643338013
226.103289842606,3.86567115783691,3.14055915783691
226.153288125992,3.84327626228333,3.11816426228332
226.203286886215,3.85414624214172,3.12903424214172
226.253299951553,3.84133791923523,3.11622591923523
226.303331375122,3.84841012954712,3.12329812954712
226.353327512741,3.82453489303589,3.09942289303589
226.403352022171,3.83912467956543,3.11401267956543
226.453304767609,3.82040977478027,3.09529777478027
226.503329515457,3.82690572738647,3.10179372738647
226.55332660675,3.81517100334167,3.09005900334167
226.603332519531,3.82242631912231,3.09731431912231
226.653331041336,3.81452941894531,3.08941741894531
226.70334649086,3.82776975631714,3.10265775631714
226.753327131271,3.80487728118896,3.07976528118896
226.803320884705,3.82260990142822,3.09749790142822
226.853302955627,3.80580711364746,3.08069511364746
226.903306484222,3.81316733360291,3.0880553336029
226.95330286026,3.80432724952698,3.07921524952698
227.003304243088,3.80885863304138,3.08374663304138
227.053322076797,3.78831028938293,3.06319828938293
227.103315114975,3.80356740951538,3.07845540951538
227.153306245804,3.77763652801514,3.05252452801514
227.203310728073,3.79959940910339,3.07448740910339
227.25333237648,3.7763659954071,3.0512539954071
227.303334474564,3.79208183288574,3.06696983288574
227.353337287903,3.7726469039917,3.0475349039917
227.403332948685,3.78906965255737,3.06395765255737
227.45330953598,3.7666220664978,3.0415100664978
227.503311157227,3.78275728225708,3.05764528225708
227.553310632706,3.7575466632843,3.0324346632843
227.603313922882,3.78101563453674,3.05590363453674
227.653323411941,3.76218247413635,3.03707047413635
227.703320741653,3.76721167564392,3.04209967564392
227.753323078156,3.75381374359131,3.02870174359131
227.80330824852,3.76694989204407,3.04183789204407
227.853312253952,3.74637508392334,3.02126308392334
227.903315067291,3.75834512710571,3.03323312710571
227.953311920166,3.73638248443604,3.01127048443603
228.003309726715,3.7619469165802,3.0368349165802
228.05330991745,3.74416184425354,3.01904984425354
228.103313684463,3.75401043891907,3.02889843891907
228.153309583664,3.72460865974426,2.99949665974426
228.203312397003,3.75184965133667,3.02673765133667
228.253312349319,3.73821592330933,3.01310392330933
228.303315639496,3.74219727516174,3.01708527516174
228.353314876556,3.72955918312073,3.00444718312073
228.403315544128,3.73862195014954,3.01350995014954
228.453311681747,3.71571636199951,2.99060436199951
228.503321886063,3.73660492897034,3.01149292897034
228.553313732147,3.71631860733032,2.99120660733032
228.603314876556,3.72398018836975,2.99886818836975
228.653316497803,3.71385645866394,2.98874445866394
228.703316450119,3.73288583755493,3.00777383755493
228.753314733505,3.70687627792358,2.98176427792358
228.803319454193,3.72214674949646,2.99703474949646
228.853334665298,3.70966553688049,2.98455353688049
228.903361558914,3.71258616447449,2.98747416447449
228.953348875046,3.70098257064819,2.97587057064819
229.003360033035,3.71638417243958,2.99127217243957
229.053362607956,3.70017051696777,2.97505851696777
229.103328943253,3.71478629112244,2.98967429112244
229.153322696686,3.69887399673462,2.97376199673462
229.203322649002,3.7036280632019,2.9785160632019
229.253321409225,3.69439506530762,2.96928306530762
229.303322315216,3.70003962516785,2.97492762516785
229.353325128555,3.69430327415466,2.96919127415466
229.403329849243,3.71434116363525,2.98922916363525
229.453322887421,3.71127653121948,2.98616453121948
229.503322601318,3.72624588012695,3.00113388012695
229.553324222565,3.71448516845703,2.98937316845703
229.603325128555,3.7468204498291,3.0217084498291
229.653327703476,3.76650428771973,3.04139228771973
229.703325510025,3.78888630867004,3.06377430867004
229.753326892853,3.78297972679138,3.05786772679138
229.80332660675,3.82609367370605,3.10098167370605
229.853329181671,3.82034420967102,3.09523220967102
229.903331279755,3.85531187057495,3.13019987057495
229.953329563141,3.86411261558533,3.13900061558533
230.003337621689,3.88866877555847,3.16355677555847
230.053329706192,3.89050221443176,3.16539021443176
230.103335618973,3.91724514961243,3.19213314961243
230.153339862823,3.93068242073059,3.20557042073059
230.203341245651,3.95310354232788,3.22799154232788
230.253338813782,3.95847320556641,3.23336120556641
230.303333044052,3.97234225273132,3.24723025273132
230.35333776474,3.98376274108887,3.25865074108887
230.403335571289,4.00362968444824,3.27851768444824
230.453341960907,4.01896572113037,3.29385372113037
230.503370046616,4.03313636779785,3.30802436779785
230.553370952606,4.02819871902466,3.30308671902466
230.603373289108,4.05667114257813,3.33155914257812
230.653374910355,4.04996538162231,3.32485338162231
230.703373193741,4.07336902618408,3.34825702618408
230.753376245499,4.06942653656006,3.34431453656006
230.803376674652,4.09265995025635,3.36754795025635
230.853373527527,4.0775203704834,3.3524083704834
230.903380393982,4.0950174331665,3.3699054331665
230.953392267227,4.09571123123169,3.37059923123169
231.003381729126,4.120765209198,3.395653209198
231.053373098373,4.1286883354187,3.4035763354187
231.103385686874,4.14957761764526,3.42446561764526
231.153356552124,4.14678812026978,3.42167612026978
231.20335817337,4.16390514373779,3.43879314373779
231.253353357315,4.16179656982422,3.43668456982422
231.303357362747,4.16970682144165,3.44459482144165
231.353358983994,4.17391061782837,3.44879861782837
231.403359651566,4.18151998519897,3.45640798519897
231.453356981277,4.16386556625366,3.43875356625366
231.503358840942,4.1644549369812,3.4393429369812
231.553358316421,4.15752696990967,3.43241496990967
231.603358268738,4.14884424209595,3.42373224209595
231.653359651566,4.13578701019287,3.41067501019287
231.70335650444,4.13215923309326,3.40704723309326
231.753368377686,4.11487197875977,3.38975997875977
231.803359746933,4.1154088973999,3.3902968973999
231.853357791901,4.1044602394104,3.3793482394104
231.903362035751,4.10220766067505,3.37709566067505
231.95335650444,4.08374118804932,3.35862918804932
232.003358125687,4.08612489700317,3.36101289700317
232.053357601166,4.07254362106323,3.34743162106323
232.103357791901,4.07234716415405,3.34723516415405
232.153357505798,4.06854915618897,3.34343715618896
232.203359365463,4.05308246612549,3.32797046612549
232.25336265564,4.05233573913574,3.32722373913574
232.303360700607,4.05403852462769,3.32892652462769
232.353361129761,4.03816556930542,3.31305356930542
232.403398990631,4.03490447998047,3.30979247998047
232.453390598297,4.03274345397949,3.30763145397949
232.503388643265,4.02817296981812,3.30306096981811
232.55337023735,4.02044582366943,3.29533382366943
232.603365421295,4.01781320571899,3.29270120571899
232.6533639431,4.00351190567017,3.27839990567017
232.703365564346,4.01417255401611,3.28906055401611
232.753368616104,4.00627517700195,3.28116317700195
232.803374528885,3.99832558631897,3.27321358631897
232.853367567062,3.99465870857239,3.26954670857239
232.903371572494,3.98536038398743,3.26024838398743
232.953366518021,3.97798681259155,3.25287481259155
233.00337433815,3.98446989059448,3.25935789059448
233.053369283676,3.97755479812622,3.25244279812622
233.103370428085,3.9689633846283,3.2438513846283
233.153371095657,3.97521042823792,3.25009842823791
233.203372001648,3.96407842636108,3.23896642636108
233.253367900848,3.95881342887878,3.23370142887878
233.303369522095,3.95992684364319,3.23481484364319
233.353370189667,3.94575619697571,3.22064419697571
233.403378725052,3.94434189796448,3.21922989796448
233.453369379044,3.93998074531555,3.21486874531555
233.50337100029,3.93411374092102,3.20900174092102
233.55337023735,3.92277193069458,3.19765993069458
233.603368997574,3.92818093299866,3.20306893299866
233.653373718262,3.92543077468872,3.20031877468872
233.703369617462,3.92205190658569,3.19693990658569
233.753373384476,3.92220878601074,3.19709678601074
233.803370952606,3.91973376274109,3.19462176274109
233.853376150131,3.91237354278564,3.18726154278564
233.903379440308,3.90716123580933,3.18204923580933
233.953374147415,3.89725995063782,3.17214795063782
234.003373861313,3.8985435962677,3.1734315962677
234.053374052048,3.89847803115845,3.17336603115845
234.103375434875,3.90164732933044,3.17653532933044
234.15337896347,3.89925074577332,3.17413874577332
234.203379631042,3.8878960609436,3.1627840609436
234.253379106522,3.88790893554687,3.16279693554687
234.303375482559,3.89443135261536,3.16931935261536
234.353377342224,3.89094758033752,3.16583558033752
234.403377056122,3.88966393470764,3.16455193470764
234.453374147415,3.87622690200806,3.15111490200806
234.503376960754,3.8768424987793,3.1517304987793
234.553378343582,3.87282204627991,3.14771004627991
234.603376150131,3.87946176528931,3.15434976528931
234.653387546539,3.8737518787384,3.1486398787384
234.703387737274,3.86509490013123,3.13998290013123
234.753380537033,3.86180782318115,3.13669582318115
234.803384304047,3.8638117313385,3.1386997313385
234.853382587433,3.85888743400574,3.13377543400574
234.903379201889,3.85641193389893,3.13129993389893
234.953380584717,3.85960745811462,3.13449545811462
235.003391027451,3.85893964767456,3.13382764767456
235.053387403488,3.85421180725098,3.12909980725098
235.10338306427,3.8454761505127,3.12036415051269
235.153381109238,3.84575128555298,3.12063928555298
235.203383207321,3.84450721740723,3.11939521740723
235.2533826828,3.84026384353638,3.11515184353638
235.303384065628,3.8336501121521,3.1085381121521
235.353387832642,3.83654475212097,3.11143275212097
235.403390407562,3.83638739585876,3.11127539585876
235.453383922577,3.83334898948669,3.10823698948669
235.50338602066,3.82530760765076,3.10019560765076
235.553384780884,3.83323097229004,3.10811897229004
235.60338807106,3.82123494148254,3.09612294148254
235.653384685516,3.8289749622345,3.1038629622345
235.703386545181,3.81644129753113,3.09132929753113
235.753383874893,3.82539939880371,3.10028739880371
235.803386688232,3.81661176681519,3.09149976681519
235.853387355804,3.82317328453064,3.09806128453064
235.903389215469,3.8140184879303,3.0889064879303
235.953386306763,3.82137894630432,3.09626694630432
236.003389120102,3.80862283706665,3.08351083706665
236.053388357162,3.81556391716003,3.09045191716003
236.103387832642,3.80517840385437,3.08006640385437
236.153398036957,3.80819058418274,3.08307858418274
236.203426837921,3.80033278465271,3.07522078465271
236.253435373306,3.80727386474609,3.08216186474609
236.303431987762,3.80017566680908,3.07506366680908
236.3534283638,3.80816435813904,3.08305235813904
236.403430461884,3.80534863471985,3.08023663471985
236.453408479691,3.83571934700012,3.11060734700012
236.503437995911,3.84194040298462,3.11682840298462
236.553429841995,3.86251497268677,3.13740297268677
236.6034283638,3.89278101921082,3.16766901921082
236.653428316116,3.91905236244202,3.19394036244202
236.703399658203,3.91697025299072,3.19185825299072
236.753402948379,3.94347763061523,3.21836563061523
236.803401947021,3.95312976837158,3.22801776837158
236.853419065475,3.98208618164062,3.25697418164062
236.903411388397,3.98456120491028,3.25944920491028
236.953403949738,4.01400232315064,3.28889032315063
237.003410577774,4.02104806900024,3.29593606900024
237.053409099579,4.06506538391113,3.33995338391113
237.103410243988,4.08465814590454,3.35954614590454
237.153408288956,4.09078693389893,3.36567493389893
237.203403711319,4.09779357910156,3.37268157910156
237.253408193588,4.10752439498901,3.38241239498901
237.303406238556,4.14080286026001,3.41569086026001
237.353409528732,4.1589937210083,3.4338817210083
237.403411149979,4.15936040878296,3.43424840878296
237.453410387039,4.18703317642212,3.46192117642212
237.503411531448,4.1877932548523,3.46268125485229
237.553418636322,4.19888591766357,3.47377391766357
237.603415966034,4.18421745300293,3.45910545300293
237.653416872025,4.22810411453247,3.50299211453247
237.703414440155,4.20680904388428,3.48169704388428
237.753412485123,4.22361183166504,3.49849983166504
237.803409337997,4.23291063308716,3.50779863308716
237.853412628174,4.2692141532898,3.54410215328979
237.903416395187,4.26334667205811,3.53823467205811
237.953412055969,4.28860998153687,3.56349798153686
238.003410339355,4.2806601524353,3.5555481524353
238.053420066833,4.30182456970215,3.57671256970215
238.103414297104,4.30171966552734,3.57660766552734
238.153417110443,4.32837104797363,3.60325904797363
238.203414201736,4.31916379928589,3.59405179928589
238.253415584564,4.35667228698731,3.6315602869873
238.30341219902,4.33763027191162,3.61251827191162
238.353418588638,4.34305191040039,3.61793991040039
238.403441905975,4.30667018890381,3.58155818890381
238.453466176987,4.31441020965576,3.58929820965576
238.503462553024,4.29479169845581,3.56967969845581
238.553473234177,4.30017423629761,3.57506223629761
238.603466749191,4.27864360809326,3.55353160809326
238.65346455574,4.27808046340942,3.55296846340942
238.703467845917,4.25280427932739,3.52769227932739
238.753474473953,4.25264692306519,3.52753492306519
238.803465604782,4.23101139068604,3.50589939068603
238.853467226028,4.24795866012573,3.52284666012573
238.903460502625,4.22764587402344,3.50253387402344
238.953433990478,4.22114992141724,3.49603792141724
239.003440618515,4.20718908309937,3.48207708309936
239.053456068039,4.20946788787842,3.48435588787842
239.103461027145,4.19313669204712,3.46802469204712
239.153437376022,4.19532346725464,3.47021146725464
239.203435659409,4.17093801498413,3.44582601498413
239.253432512283,4.183837890625,3.458725890625
239.30343413353,4.16512298583984,3.44001098583984
239.353437900543,4.16262149810791,3.43750949810791
239.403438568115,4.14947271347046,3.42436071347046
239.453435897827,4.15416097640991,3.42904897640991
239.503434419632,4.12716913223267,3.40205713223267
239.553435564041,4.14306831359863,3.41795631359863
239.603437185287,4.12602996826172,3.40091796826172
239.653436899185,4.13545942306519,3.41034742306519
239.703437566757,4.11201667785645,3.38690467785644
239.753439664841,4.12635707855225,3.40124507855225
239.80343580246,4.10882139205933,3.38370939205933
239.853437662125,4.10757684707642,3.38246484707642
239.903442621231,4.09666728973389,3.37155528973389
239.953439474106,4.10603141784668,3.38091941784668
240.003437042236,4.07462596893311,3.34951396893311
240.053438186646,4.09471607208252,3.36960407208252
240.103439092636,4.0701208114624,3.3450088114624
240.153440952301,4.09543657302856,3.37032457302856
240.203441858292,4.0602331161499,3.3351211161499
240.253445148468,4.07399749755859,3.34888549755859
240.30344247818,4.04602336883545,3.32091136883545
240.353440523148,4.07515001296997,3.35003801296997
240.403444051743,4.04983425140381,3.32472225140381
240.453443288803,4.06627035140991,3.34115835140991
240.503440618515,4.03997278213501,3.31486078213501
240.553443670273,4.04942846298218,3.32431646298218
240.603442430496,4.0372748374939,3.3121628374939
240.653452157974,4.04663848876953,3.32152648876953
240.703445911407,4.03100156784058,3.30588956784058
240.753446102142,4.03242921829224,3.30731721829224
240.80344080925,4.01569175720215,3.29057975720215
240.853454113007,4.02971839904785,3.30460639904785
240.903446912765,4.00526714324951,3.28015514324951
240.953446388245,4.02592039108276,3.30080839108276
241.003444910049,3.99661016464233,3.27149816464233
241.05344748497,4.01770877838135,3.29259677838135
241.103445529938,3.99839115142822,3.27327915142822
241.153445243835,4.01495838165283,3.28984638165283
241.203444957733,3.99084782600403,3.26573582600403
241.253447294235,4.00372171401978,3.27860971401978
241.303443908691,3.97417593002319,3.24906393002319
241.353445768356,3.99904608726501,3.27393408726501
241.40345788002,3.97633671760559,3.25122471760559
241.453457832336,3.98310780525208,3.25799580525207
241.503447055817,3.97773790359497,3.25262590359497
241.55344748497,3.98636889457703,3.26125689457703
241.603460550308,3.96678924560547,3.24167724560547
241.653458833694,3.98305511474609,3.25794311474609
241.703456401825,3.95898389816284,3.23387189816284
241.753452062607,3.97348165512085,3.24836965512085
241.803451776504,3.95205569267273,3.22694369267273
241.853452444077,3.97734522819519,3.25223322819519
241.903455734253,3.94468259811401,3.21957059811401
241.953457355499,3.96398663520813,3.23887463520813
242.003455877304,3.94132995605469,3.21621795605469
242.053458690643,3.96733951568604,3.24222751568603
242.103454351425,3.9375319480896,3.2124199480896
242.153456449509,3.95144033432007,3.22632833432007
242.203457117081,3.93622207641602,3.21111007641602
242.253489971161,3.95691442489624,3.23180242489624
242.30349946022,3.9299488067627,3.20483680676269
242.353493928909,3.95138788223267,3.22627588223267
242.403494358063,3.92228722572327,3.19717522572327
242.453471422195,3.9420108795166,3.2168988795166
242.503487586975,3.9173629283905,3.1922509283905
242.553505182266,3.93839621543884,3.21328421543884
242.603502511978,3.90871953964233,3.18360753964233
242.653485298157,3.93565893173218,3.21054693173218
242.7034907341,3.91534614562988,3.19023414562988
242.753470659256,3.93217515945435,3.20706315945435
242.803471088409,3.90514397621155,3.18003197621155
242.853469610214,3.92797136306763,3.20285936306763
242.903472900391,3.90185689926147,3.17674489926147
242.953474521637,3.91952419281006,3.19441219281006
243.00347328186,3.89295125007629,3.16783925007629
243.053474187851,3.91669511795044,3.19158311795044
243.10347366333,3.89098691940308,3.16587491940308
243.153471708298,3.92562699317932,3.20051499317932
243.2034740448,3.88624572753906,3.16113372753906
243.253474235535,3.91445589065552,3.18934389065552
243.3034760952,3.8910915851593,3.1659795851593
243.35348033905,3.90976738929749,3.18465538929749
243.403474330902,3.88424205780029,3.15913005780029
243.453473091125,3.91136503219604,3.18625303219604
243.503481388092,3.89483714103699,3.16972514103699
243.553479671478,3.93110132217407,3.20598932217407
243.60347700119,3.92088627815247,3.19577427815247
243.653479337692,3.97733211517334,3.25222011517334
243.703479528427,3.96568942070007,3.24057742070007
243.753479957581,4.01556062698364,3.29044862698364
243.803479909897,3.99718642234802,3.27207442234802
243.853481292725,4.04955911636353,3.32444711636353
243.903480529785,4.05005693435669,3.32494493435669
243.953481435776,4.09565925598145,3.37054725598144
244.003485918045,4.09349822998047,3.36838622998047
244.053485393524,4.14291095733643,3.41779895733643
244.10348033905,4.14993095397949,3.42481895397949
244.153479099274,4.17888736724854,3.45377536724853
244.203482151031,4.18821239471436,3.46310039471436
244.253482580185,4.21354103088379,3.48842903088379
244.303482294083,4.2077784538269,3.4826664538269
244.353485584259,4.24103021621704,3.51591821621704
244.403490781784,4.22852325439453,3.50341125439453
244.45352602005,4.272789478302,3.547677478302
244.503537893295,4.25645780563355,3.53134580563354
244.55352640152,4.3193736076355,3.5942616076355
244.603529691696,4.27810668945313,3.55299468945312
244.653520107269,4.32765102386475,3.60253902386475
244.703533411026,4.32187509536743,3.59676309536743
244.753529071808,4.35876798629761,3.63365598629761
244.803534030914,4.33594083786011,3.61082883786011
244.853531122208,4.3705940246582,3.6454820246582
244.903524637222,4.37259769439697,3.64748569439697
244.953501462936,4.40801095962524,3.68289895962524
245.003531932831,4.38612651824951,3.66101451824951
245.053537607193,4.42541599273682,3.70030399273682
245.103519439697,4.40774917602539,3.68263717602539
245.153506040573,4.43505525588989,3.70994325588989
245.203498840332,4.40636110305786,3.68124910305786
245.253499031067,4.41912984848022,3.69401784848022
245.303497314453,4.38344192504883,3.65832992504883
245.35350227356,4.39699649810791,3.67188449810791
245.403497934341,4.36353492736816,3.63842292736816
245.453500032425,4.39164018630981,3.66652818630981
245.503507137299,4.35092306137085,3.62581106137085
245.553505659103,4.36032629013062,3.63521429013061
245.603499650955,4.32846260070801,3.60335060070801
245.653498649597,4.34275102615356,3.61763902615356
245.703499078751,4.30966949462891,3.58455749462891
245.753500938416,4.32465124130249,3.59953924130249
245.803496360779,4.29629755020142,3.57118555020142
245.85350728035,4.31053352355957,3.58542152355957
245.903498649597,4.28348922729492,3.55837722729492
245.953500986099,4.29534149169922,3.57022949169922
246.003505468368,4.26453876495361,3.53942676495361
246.05350112915,4.28768014907837,3.56256814907837
246.10350227356,4.25115394592285,3.52604194592285
246.153502941132,4.27688884735107,3.55177684735107
246.203500747681,4.24708080291748,3.52196880291748
246.253501653671,4.26151323318481,3.53640123318481
246.303503036499,4.22767162322998,3.50255962322998
246.353514432907,4.2414755821228,3.5163635821228
246.403541326523,4.21183824539185,3.48672624539185
246.453535556793,4.23420715332031,3.50909515332031
246.503546953201,4.20489692687988,3.47978492687988
246.55352973938,4.21515130996704,3.49003930996704
246.603526830673,4.185959815979,3.460847815979
246.653543233871,4.21376323699951,3.48865123699951
246.703521728516,4.17998743057251,3.45487543057251
246.753514528275,4.20308971405029,3.47797771405029
246.803515434265,4.17117357254028,3.44606157254028
246.853534460068,4.18983602523804,3.46472402523804
246.903525114059,4.16019868850708,3.43508668850708
246.953522443771,4.18294715881348,3.45783515881348
247.003522872925,4.151123046875,3.426011046875
247.053514242172,4.17047929763794,3.44536729763794
247.103516101837,4.14985275268555,3.42474075268555
247.153517007828,4.1663670539856,3.4412550539856
247.203517198563,4.1370964050293,3.4119844050293
247.253515958786,4.14833354949951,3.42322154949951
247.303516864777,4.12757539749146,3.40246339749145
247.353516101837,4.14251852035522,3.41740652035522
247.403544187546,4.11597204208374,3.39086004208374
247.453518867493,4.13750267028809,3.41239067028809
247.503516197205,4.11003875732422,3.38492675732422
247.553519010544,4.13362598419189,3.40851398419189
247.60351896286,4.11096906661987,3.38585706661987
247.653521537781,4.12384271621704,3.39873071621704
247.70352101326,4.09940481185913,3.37429281185913
247.753519296646,4.1177134513855,3.3926014513855
247.803525686264,4.0959210395813,3.3708090395813
247.85352063179,4.11736011505127,3.39224811505127
247.903524160385,4.07528066635132,3.35016866635132
247.953518867493,4.10434198379517,3.37922998379517
248.003520488739,4.07924890518189,3.35413690518188
248.053521156311,4.09903812408447,3.37392612408447
248.10352563858,4.07229518890381,3.34718318890381
248.153523683548,4.09017181396484,3.36505981396484
248.20357465744,4.06052112579346,3.33540912579346
248.253519058228,4.0884690284729,3.3633570284729
248.303522348404,4.06201410293579,3.33690210293579
248.353521823883,4.08447456359863,3.35936256359863
248.403537273407,4.04826307296753,3.32315107296753
248.453527450562,4.08498525619507,3.35987325619507
248.503521203995,4.04929733276367,3.32418533276367
248.55352473259,4.07143068313599,3.34631868313599
248.603523015976,4.04408502578735,3.31897302578735
248.653522014618,4.05655288696289,3.33144088696289
248.703523397446,4.03432846069336,3.30921646069336
248.753525257111,4.0571813583374,3.3320693583374
248.803532361984,4.0309100151062,3.3057980151062
248.853538274765,4.05395984649658,3.32884784649658
248.90353345871,4.02499008178711,3.29987808178711
248.953536987305,4.04683542251587,3.32172342251587
249.00356054306,4.02313041687012,3.29801841687012
249.053561210632,4.04115104675293,3.31603904675293
249.103565692902,4.01465749740601,3.28954549740601
249.153553724289,4.05086898803711,3.32575698803711
249.203531503677,4.01533842086792,3.29022642086792
249.253534793854,4.0328221321106,3.3077101321106
249.303542852402,4.00755882263184,3.28244682263184
249.353544712067,4.02432250976563,3.29921050976562
249.403537273407,3.99791979789734,3.27280779789734
249.453533649445,4.02695465087891,3.30184265087891
249.503543138504,3.99676728248596,3.27165528248596
249.553540706635,4.0179443359375,3.2928323359375
249.603541851044,3.99547076225281,3.27035876225281
249.653542280197,4.02140188217163,3.29628988217163
249.703538656235,3.98956418037415,3.26445218037415
249.753535985947,4.00563383102417,3.28052183102417
249.803535699844,3.98394584655762,3.25883384655762
249.853542089462,3.99619126319885,3.27107926319885
249.903540372848,3.98238730430603,3.25727530430603
249.953535318375,4.00979804992676,3.28468604992676
250.003535509109,3.97002410888672,3.24491210888672
250.053536891937,3.99975323677063,3.27464123677063
250.103536367416,3.9681122303009,3.2430002303009
250.153542041779,3.99594235420227,3.27083035420227
250.203536987305,3.96411776542664,3.23900576542664
250.253540039062,3.99573278427124,3.27062078427124
250.303538560867,3.9657416343689,3.2406296343689
250.353541612625,3.99306106567383,3.26794906567383
250.403557300568,3.99038934707642,3.26527734707642
250.453575372696,4.01744699478149,3.29233499478149
250.503570556641,4.01151371002197,3.28640171002197
250.553571939468,4.07476997375488,3.34965797375488
250.603560447693,4.05593729019165,3.33082529019165
250.653552770615,4.093825340271,3.368713340271
250.703547716141,4.0905647277832,3.3654527277832
250.753549814224,4.13834095001221,3.41322895001221
250.803563833237,4.13249969482422,3.40738769482422
250.853565692902,4.16416692733765,3.43905492733765
250.903551101685,4.15524816513062,3.43013616513061
250.953545093536,4.19792985916138,3.47281785916138
251.003545999527,4.2002215385437,3.4751095385437
251.053548574448,4.22896862030029,3.50385662030029
251.103547811508,4.22238111495972,3.49726911495972
251.153564453125,4.25465059280396,3.52953859280395
251.203565120697,4.25310516357422,3.52799316357422
251.253551244736,4.28558444976807,3.56047244976807
251.303549528122,4.28515243530273,3.56004043530273
251.353563785553,4.32664203643799,3.60153003643799
251.403556108475,4.31222295761108,3.58711095761108
251.453551292419,4.35535001754761,3.63023801754761
251.503558158875,4.33068895339966,3.60557695339966
251.553552627563,4.35676431655884,3.63165231655884
251.603552818298,4.34518671035767,3.62007471035767
251.65355348587,4.38721370697022,3.66210170697021
251.703556537628,4.37828207015991,3.65317007015991
251.753556728363,4.41233253479004,3.68722053479004
251.803554773331,4.39391899108887,3.66880699108887
251.853556156158,4.43378496170044,3.70867296170044
251.903562545776,4.42616271972656,3.70105071972656
251.953556776047,4.46120882034302,3.73609682034302
252.003555297852,4.44457626342773,3.71946426342773
252.053555011749,4.4734673500061,3.7483553500061
252.103556632996,4.46435213088989,3.73924013088989
252.153561115265,4.49013900756836,3.76502700756836
252.203557014465,4.46386766433716,3.73875566433716
252.253556966782,4.48771619796753,3.76260419796753
252.303555965424,4.49439525604248,3.76928325604248
252.353564977646,4.50715160369873,3.78203960369873
252.4035820961,4.47224903106689,3.74713703106689
252.453606128693,4.48991632461548,3.76480432461548
252.5036008358,4.45568227767944,3.73057027767944
252.553608894348,4.46822881698608,3.74311681698608
252.603606462479,4.42258739471436,3.69747539471436
252.653614759445,4.43394184112549,3.70882984112549
252.703606843948,4.39793968200684,3.67282768200684
252.753604412079,4.42466974258423,3.69955774258423
252.803613185883,4.3908543586731,3.6657423586731
252.853611707687,4.40321731567383,3.67810531567383
252.903607130051,4.36976909637451,3.64465709637451
252.953576803207,4.38625764846802,3.66114564846802
253.003583431244,4.35428905487061,3.62917705487061
253.053573131561,4.36937618255615,3.64426418255615
253.103576898575,4.34082555770874,3.61571355770874
253.153573274612,4.34940385818481,3.62429185818481
253.203570365906,4.32823991775513,3.60312791775513
253.253577709198,4.33632040023804,3.61120840023804
253.303573131561,4.30701065063477,3.58189865063477
253.353578805923,4.31683301925659,3.59172101925659
253.403579950333,4.293625831604,3.568513831604
253.453573465347,4.30374956130981,3.57863756130981
253.503572463989,4.2791018486023,3.55398984860229
253.553576946259,4.29958486557007,3.57447286557007
253.60357427597,4.26482677459717,3.53971477459717
253.653578042984,4.29061365127564,3.56550165127563
253.703576564789,4.26765584945679,3.54254384945679
253.753574609756,4.27213478088379,3.54702278088379
253.80357503891,4.24110889434814,3.51599689434814
253.853581666946,4.26004648208618,3.53493448208618
253.903576135635,4.23737621307373,3.51226421307373
253.95357465744,4.24646520614624,3.52135320614624
254.003577232361,4.22463369369507,3.49952169369507
254.053577423096,4.236891746521,3.511779746521
254.103575229645,4.20424222946167,3.47913022946167
254.153582334518,4.22244644165039,3.49733444165039
254.203578233719,4.19644975662231,3.47133775662231
254.253580570221,4.207594871521,3.482482871521
254.303582191467,4.19401407241821,3.46890207241821
254.353586435318,4.19944906234741,3.47433706234741
254.403592586517,4.17520713806152,3.45009513806152
254.453590154648,4.18141508102417,3.45630308102417
254.503589391708,4.16162633895874,3.43651433895874
254.553583621979,4.17895317077637,3.45384117077637
254.603610515594,4.16023826599121,3.43512626599121
254.65358543396,4.17580938339233,3.45069738339233
254.703585863113,4.14393281936646,3.41882081936645
254.753585577011,4.16818761825562,3.44307561825561
254.803587913513,4.13555097579956,3.41043897579956
254.853586435318,4.15217065811157,3.42705865811157
254.903600931168,4.12906837463379,3.40395637463379
254.953596353531,4.14233493804932,3.41722293804932
255.003637075424,4.11686229705811,3.39175029705811
255.053601980209,4.1306791305542,3.4055671305542
255.103620052338,4.11468839645386,3.38957639645386
255.15360045433,4.12024116516113,3.39512916516113
255.203591823578,4.10418510437012,3.37907310437012
255.253593921661,4.1198091506958,3.3946971506958
255.303595304489,4.10033464431763,3.37522264431763
255.353603124619,4.10736703872681,3.38225503872681
255.403602600098,4.08392477035522,3.35881277035522
255.453598737717,4.11096906661987,3.38585706661987
255.503596305847,4.07993030548096,3.35481830548096
255.553598880768,4.10459089279175,3.37947889279175
255.603599071503,4.07327699661255,3.34816499661255
255.653597831726,4.09034156799316,3.36522956799316
255.703597784042,4.07685232162476,3.35174032162476
255.753597974777,4.0785026550293,3.3533906550293
255.803598165512,4.06663751602173,3.34152551602173
255.853604078293,4.07515001296997,3.35003801296997
255.903599262238,4.05426120758057,3.32914920758057
255.953598022461,4.07030439376831,3.34519239376831
256.003597736359,4.05046319961548,3.32535119961548
256.053599119186,4.06833982467651,3.34322782467651
256.10359954834,4.04429483413696,3.31918283413696
256.153596878052,4.05654001235962,3.33142801235962
256.203598976135,4.03473424911499,3.30962224911499
256.253599643707,4.0557279586792,3.3306159586792
256.303600072861,4.02453184127808,3.29941984127808
256.35360455513,4.04555177688599,3.32043977688599
256.403612852097,4.02186012268066,3.29674812268066
256.453637361526,4.03551959991455,3.31040759991455
256.503637313843,4.01177597045898,3.28666397045898
256.553630590439,4.032310962677,3.307198962677
256.603628873825,4.01659536361694,3.29148336361694
256.653603553772,4.02353668212891,3.29842468212891
256.703604221344,4.00977230072022,3.28466030072021
256.753604888916,4.02445316314697,3.29934116314697
256.803611278534,4.00070953369141,3.27559753369141
256.85361123085,4.01541662216187,3.29030462216186
256.903611898422,4.00123310089111,3.27612110089111
256.95360827446,4.00865888595581,3.28354688595581
257.00361084938,3.99899363517761,3.27388163517761
257.053609132767,4.00630140304565,3.28118940304565
257.103614091873,3.98471856117249,3.25960656117249
257.153625249863,4.00525379180908,3.28014179180908
257.203610181808,3.97501397132874,3.24990197132874
257.253608703613,3.99777579307556,3.27266379307556
257.303610563278,3.98788785934448,3.26277585934448
257.353613853455,4.00817441940308,3.28306241940308
257.403614997864,4.00533246994019,3.28022046994019
257.453610420227,4.05131435394287,3.32620235394287
257.503611564636,4.04532909393311,3.32021709393311
257.553614139557,4.07813596725464,3.35302396725464
257.603611707687,4.0905909538269,3.3654789538269
257.653614521027,4.12183904647827,3.39672704647827
257.703618764877,4.12659311294556,3.40148111294556
257.753621578217,4.16205835342407,3.43694635342407
257.803612470627,4.15926885604858,3.43415685604858
257.853614807129,4.18003988265991,3.45492788265991
257.903619289398,4.19457721710205,3.46946521710205
257.953613996506,4.23305463790894,3.50794263790894
258.003613948822,4.2285361289978,3.5034241289978
258.053615808487,4.26489210128784,3.53978010128784
258.103619098663,4.25603866577148,3.53092666577148
258.153616666794,4.28393459320068,3.55882259320068
258.20361495018,4.27865648269653,3.55354448269653
258.253614664078,4.30626392364502,3.58115192364502
258.3036236763,4.29693937301636,3.57182737301636
258.353626251221,4.33030939102173,3.60519739102173
258.40363574028,4.32989025115967,3.60477825115967
258.453654527664,4.34041976928711,3.61530776928711
258.503657817841,4.3443751335144,3.6192631335144
258.553657770157,4.36069345474243,3.63558145474243
258.603663444519,4.36734628677368,3.64223428677368
258.653671503067,4.38929605484009,3.66418405484009
258.703657150269,4.36678314208984,3.64167114208984
258.753664970398,4.38519668579102,3.66008468579102
258.803664684296,4.39863395690918,3.67352195690918
258.853665113449,4.39757299423218,3.67246099423218
258.903665542603,4.38087463378906,3.65576263378906
258.953634977341,4.39749431610107,3.67238231610107
259.003638029098,4.3680272102356,3.6429152102356
259.053673267364,4.40074253082275,3.67563053082275
259.103672504425,4.37559700012207,3.65048500012207
259.153668403625,4.38782930374146,3.66271730374145
259.203634738922,4.36788320541382,3.64277120541382
259.253633260727,4.38155603408814,3.65644403408813
259.303634643555,4.35376501083374,3.62865301083374
259.353635072708,4.35498285293579,3.62987085293579
259.403640270233,4.33021783828735,3.60510583828735
259.453637838364,4.31955718994141,3.59444518994141
259.503635406494,4.29598331451416,3.57087131451416
259.553636789322,4.29616689682007,3.57105489682007
259.60363817215,4.26681756973267,3.54170556973267
259.653637886047,4.25953578948975,3.53442378948975
259.703636169434,4.24072885513306,3.51561685513306
259.753638744354,4.22811698913574,3.50300498913574
259.803640365601,4.20451736450195,3.47940536450195
259.853639125824,4.20894384384155,3.48383184384155
259.903640031815,4.1763334274292,3.4512214274292
259.953636407852,4.17567873001099,3.45056673001099
260.003638029099,4.14693212509155,3.42182012509155
260.053638935089,4.14888334274292,3.42377134274292
260.103637933731,4.12045097351074,3.39533897351074
260.153640985489,4.12563705444336,3.40052505444336
260.203640699387,4.10443353652954,3.37932153652954
260.253638267517,4.10084533691406,3.37573333691406
260.303639173508,4.08041477203369,3.35530277203369
260.353645563126,4.06705617904663,3.34194417904663
260.403647422791,4.05207395553589,3.32696195553589
260.453648090363,4.0448579788208,3.3197459788208
260.503647327423,4.03362083435059,3.30850883435059
260.553642511368,4.03540182113647,3.31028982113647
260.603641033173,4.00876379013062,3.28365179013061
260.653649330139,4.01580953598022,3.29069753598022
260.703642129898,3.99600791931152,3.27089591931152
260.753643035889,3.99532675743103,3.27021475743103
260.803642511368,3.97342944145203,3.24831744145203
260.853649377823,3.97920489311218,3.25409289311218
260.903650760651,3.96536207199097,3.24025007199097
260.953685998917,3.97278761863708,3.24767561863708
261.00368475914,3.95259284973145,3.22748084973144
261.05367398262,3.95821118354797,3.23309918354797
261.103674650192,3.93831753730774,3.21320553730774
261.153680801392,3.94439435005188,3.21928235005188
261.203674793243,3.93285632133484,3.20774432133484
261.253658533096,3.93501710891724,3.20990510891724
261.30365729332,3.92036247253418,3.19525047253418
261.353657007217,3.92659616470337,3.20148416470337
261.403660774231,3.91195440292358,3.18684240292358
261.453656673431,3.91445589065552,3.18934389065552
261.503656864166,3.90238094329834,3.17726894329834
261.553657531738,3.90979337692261,3.18468137692261
261.603656291962,3.88745069503784,3.16233869503784
261.653660774231,3.90744924545288,3.18233724545288
261.703660964966,3.88612794876099,3.16101594876099
261.753656864166,3.89695882797241,3.17184682797241
261.803661346436,3.88252639770508,3.15741439770508
261.853662967682,3.89304280281067,3.16793080281067
261.903661966324,3.87280869483948,3.14769669483948
261.953659772873,3.88500165939331,3.15988965939331
262.003659486771,3.86154580116272,3.13643380116272
262.053662538528,3.87803435325623,3.15292235325623
262.103661298752,3.8574333190918,3.1323213190918
262.153660774231,3.85873007774353,3.13361807774353
262.20366358757,3.84920907020569,3.12409707020569
262.253666877747,3.85498452186584,3.12987252186584
262.303659677505,3.83984470367432,3.11473270367432
262.353664159775,3.84707427024841,3.12196227024841
262.403671979904,3.83657073974609,3.11145873974609
262.453660726547,3.83400368690491,3.10889168690491
262.503662109375,3.81951928138733,3.09440728138733
262.553659915924,3.83150243759155,3.10639043759155
262.603662490845,3.8193359375,3.0942239375
262.653661251068,3.82547807693481,3.10036607693481
262.70366191864,3.80630469322205,3.08119269322205
262.753660440445,3.81314134597778,3.08802934597778
262.80366230011,3.80502128601074,3.07990928601074
262.853665113449,3.81612706184387,3.09101506184387
262.903664588928,3.79649519920349,3.07138319920349
262.953662395477,3.80702519416809,3.08191319416809
263.003664970398,3.79071974754333,3.06560774754333
263.05366396904,3.79814553260803,3.07303353260803
263.103666782379,3.78958058357239,3.06446858357239
263.153666973114,3.79336547851562,3.06825347851562
263.203667879105,3.77725672721863,3.05214472721863
263.253665208817,3.78295373916626,3.05784173916626
263.303667068481,3.77150726318359,3.04639526318359
263.353679895401,3.78139519691467,3.05628319691467
263.403673648834,3.77272534370422,3.04761334370422
263.453669071197,3.77958798408508,3.05447598408508
263.503673791885,3.77082633972168,3.04571433972168
263.553674697876,3.7717559337616,3.0466439337616
263.603669881821,3.76333498954773,3.03822298954773
263.6536693573,3.7715859413147,3.0464739413147
263.703671455383,3.75482225418091,3.02971025418091
263.7536714077,3.76506376266479,3.03995176266479
263.803669929504,3.75191497802734,3.02680297802734
263.853674411774,3.75915718078613,3.03404518078613
263.903684139252,3.74654531478882,3.02143331478882
263.953671216965,3.74782872200012,3.02271672200012
264.003672361374,3.7329249382019,3.0078129382019
264.053671836853,3.74185681343079,3.01674481343079
264.103676080704,3.73898863792419,3.01387663792419
264.153676986694,3.74514389038086,3.02003189038086
264.203675270081,3.73868751525879,3.01357551525879
264.253677368164,3.74083542823791,3.01572342823791
264.303687810898,3.7368278503418,3.0117158503418
264.35368347168,3.74206638336182,3.01695438336182
264.403681755066,3.72737216949463,3.00226016949463
264.453676939011,3.73263692855835,3.00752492855835
264.503679513931,3.7316415309906,3.0065295309906
264.553709506989,3.74912524223328,3.02401324223328
264.60368514061,3.76960825920105,3.04449625920105
264.653695106506,3.79307723045349,3.06796523045349
264.703684568405,3.80483818054199,3.07972618054199
264.753713130951,3.82951188087463,3.10439988087463
264.80371427536,3.8312668800354,3.1061548800354
264.853739976883,3.854172706604,3.129060706604
264.903718948364,3.87629246711731,3.15118046711731
264.95369052887,3.89071178436279,3.16559978436279
265.003700494766,3.91689157485962,3.19177957485962
265.053721904755,3.93740081787109,3.21228881787109
265.103717803955,3.94452524185181,3.21941324185181
265.153725862503,3.96600365638733,3.24089165638733
265.203718900681,3.97840595245361,3.25329395245361
265.253724098206,3.99640083312988,3.27128883312988
265.303700208664,4.00035572052002,3.27524372052002
265.353693008423,4.01309871673584,3.28798671673584
265.403694629669,4.03106689453125,3.30595489453125
265.45369386673,4.0438756942749,3.3187636942749
265.503692865372,4.0611629486084,3.3360509486084
265.553694248199,4.07854175567627,3.35342975567627
265.603693962097,4.08654356002808,3.36143156002808
265.653696298599,4.11217403411865,3.38706203411865
265.703693389893,4.10600566864014,3.38089366864014
265.753692865372,4.11153221130371,3.38642021130371
265.803695201874,4.12867546081543,3.40356346081543
265.853696346283,4.15499925613403,3.42988725613403
265.903698921204,4.15811634063721,3.43300434063721
265.953694343567,4.16662883758545,3.44151683758545
266.003695487976,4.1838903427124,3.4587783427124
266.053696155548,4.20378398895264,3.47867198895264
266.103695392609,4.19468212127686,3.46957012127686
266.153701066971,4.22733163833618,3.50221963833618
266.203698396683,4.23639392852783,3.51128192852783
266.253696680069,4.23353910446167,3.50842710446167
266.303696393967,4.24664878845215,3.52153678845215
266.353700876236,4.2641978263855,3.5390858263855
266.403705835342,4.26262664794922,3.53751464794922
266.4537088871,4.27899694442749,3.55388494442749
266.503725290298,4.25427103042603,3.52915903042603
266.553743362427,4.23880386352539,3.51369186352539
266.603729963303,4.22788143157959,3.50276943157959
266.653728723526,4.21805906295776,3.49294706295776
266.70370221138,4.20381021499634,3.47869821499634
266.753704786301,4.1948127746582,3.4697007746582
266.803702354431,4.18702030181885,3.46190830181885
266.853713035584,4.17966032028198,3.45454832028198
266.9037129879,4.16969394683838,3.44458194683838
266.95371055603,4.15881013870239,3.43369813870239
267.003709793091,4.14716768264771,3.4220556826477
267.053711175919,4.14691877365112,3.42180677365112
267.103714466095,4.13003778457642,3.40492578457642
267.153708457947,4.13686037063599,3.41174837063599
267.203707456589,4.12351512908936,3.39840312908936
267.253706932068,4.11197710037231,3.38686510037231
267.303709745407,4.09508275985718,3.36997075985718
267.353710412979,4.10396242141724,3.37885042141724
267.403708696365,4.09228038787842,3.36716838787842
267.453707933426,4.08774900436401,3.36263700436401
267.503709077835,4.06803846359253,3.34292646359253
267.553709030151,4.0656156539917,3.3405036539917
267.603708982468,4.0590934753418,3.3339814753418
267.653711557388,4.05897569656372,3.33386369656372
267.703711032867,4.0481448173523,3.32303281735229
267.753712654114,4.04163599014282,3.31652399014282
267.803708553314,4.04181909561157,3.31670709561157
267.853714704514,4.03918695449829,3.31407495449829
267.903725385666,4.03548049926758,3.31036849926758
267.953719139099,4.02771472930908,3.30260272930908
268.003720283508,4.02476787567139,3.29965587567139
268.053719997406,4.02117919921875,3.29606719921875
268.103724718094,4.01556062698364,3.29044862698364
268.153722286224,4.02221393585205,3.29710193585205
268.203722476959,4.01435613632202,3.28924413632202
268.253726243973,4.01660871505737,3.29149671505737
268.303725004196,4.00427150726318,3.27915950726318
268.353719711304,3.99420046806335,3.26908846806335
268.403752326965,3.98930239677429,3.26419039677429
268.453758478165,3.98812341690063,3.26301141690063
268.503757953644,3.97710943222046,3.25199743222046
268.553757190704,3.97302317619324,3.24791117619324
268.603749275208,3.97768568992615,3.25257368992615
268.653736829758,3.97611403465271,3.25100203465271
268.703726291656,3.96473336219788,3.23962136219788
268.753723621368,3.96661901473999,3.24150701473999
268.803727388382,3.95853877067566,3.23342677067566
268.853728055954,3.9606602191925,3.2355482191925
268.903732776642,3.95193791389465,3.22682591389465
268.953728437424,3.94841504096985,3.22330304096985
269.003730297089,3.95311689376831,3.22800489376831
269.053732872009,3.94309782981873,3.21798582981873
269.103731155396,3.9375057220459,3.2123937220459
269.153731822968,3.9384880065918,3.2133760065918
269.203730344772,3.93163824081421,3.20652624081421
269.25373339653,3.9342052936554,3.2090932936554
269.303731203079,3.93774151802063,3.21262951802063
269.353733062744,3.93120622634888,3.20609422634888
269.403737783432,3.92667484283447,3.20156284283447
269.453728437424,3.91951107978821,3.19439907978821
269.503730297089,3.91915726661682,3.19404526661682
269.553729772568,3.92497229576111,3.19986029576111
269.603730678558,3.91085410118103,3.18574210118103
269.653729200363,3.91059231758118,3.18548031758118
269.703730106354,3.91828012466431,3.19316812466431
269.753731250763,3.91191506385803,3.18680306385803
269.803730964661,3.90479040145874,3.17967840145874
269.853732824326,3.90526223182678,3.18015023182678
269.903733968735,3.90010190010071,3.17498990010071
269.953733205795,3.89957809448242,3.17446609448242
270.003730773926,3.88989973068237,3.16478773068237
270.053730487823,3.89357995986938,3.16846795986938
270.103733539581,3.8908429145813,3.1657309145813
270.153732776642,3.89718151092529,3.17206951092529
270.203732728958,3.89623856544495,3.17112656544495
270.25374007225,3.88325977325439,3.15814777325439
270.303740262985,3.88997840881348,3.16486640881348
270.353734493256,3.88511943817139,3.16000743817139
270.403737306595,3.88502812385559,3.15991612385559
270.45373916626,3.87760210037231,3.15249010037231
270.50373673439,3.8846218585968,3.1595098585968
270.553743839264,3.87595224380493,3.15084024380493
270.603741884232,3.87427568435669,3.14916368435669
270.653734922409,3.87198376655579,3.14687176655579
270.7037358284,3.86581540107727,3.14070340107727
270.753757715225,3.86772751808167,3.14261551808166
270.803781032562,3.86535668373108,3.14024468373108
270.8537774086,3.86491179466248,3.13979979466248
270.90377664566,3.86250185966492,3.13738985966492
270.953755617142,3.85744667053223,3.13233467053223
271.003761291504,3.86222696304321,3.13711496304321
271.053789377213,3.85447359085083,3.12936159085083
271.103778123856,3.84968042373657,3.12456842373657
271.153780221939,3.84736227989197,3.12225027989197
271.203779459,3.85392379760742,3.12881179760742
271.253750085831,3.84653735160828,3.12142535160828
271.303756475449,3.84279155731201,3.11767955731201
271.353761672974,3.8379065990448,3.1127945990448
271.403755187988,3.8563597202301,3.1312477202301
271.453753948212,3.87338519096375,3.14827319096374
271.503750085831,3.89875316619873,3.17364116619873
271.55375289917,3.90658473968506,3.18147273968506
271.603754997253,3.93975830078125,3.21464630078125
271.653752326965,3.94740653038025,3.22229453038025
271.70375418663,3.97408413887024,3.24897213887024
271.753751754761,3.99334907531738,3.26823707531738
271.803766489029,4.00990295410156,3.28479095410156
271.853766918182,4.04043102264404,3.31531902264404
271.903758764267,4.06325817108154,3.33814617108154
271.953756332397,4.06746244430542,3.34235044430542
272.003756523132,4.09537076950073,3.37025876950073
272.053768634796,4.10252189636231,3.3774098963623
272.103766918182,4.12254619598389,3.39743419598389
272.153766393661,4.14330434799194,3.41819234799194
272.203767538071,4.17203807830811,3.44692607830811
272.253765821457,4.17413330078125,3.44902130078125
272.303766727447,4.19538927078247,3.47027727078247
272.35377573967,4.21270275115967,3.48759075115967
272.403798818588,4.23293685913086,3.50782485913086
272.453796625137,4.22607421875,3.50096221875
272.503801345825,4.23732423782349,3.51221223782349
272.553805112839,4.25073480606079,3.52562280606079
272.603806495666,4.26975107192993,3.54463907192993
272.6538002491,4.28436708450317,3.55925508450317
272.703813314438,4.30475807189941,3.57964607189941
272.75381064415,4.30822849273682,3.58311649273682
272.803810596466,4.31972694396973,3.59461494396973
272.853785991669,4.3407735824585,3.6156615824585
272.903785467148,4.35688209533691,3.63177009533691
272.953803062439,4.34403419494629,3.61892219494629
273.00381231308,4.35935735702515,3.63424535702515
273.053835391998,4.36893081665039,3.64381881665039
273.103816986084,4.39814901351929,3.67303701351929
273.153815984726,4.38304901123047,3.65793701123047
273.203816413879,4.39587020874023,3.67075820874023
273.253784894943,4.4027853012085,3.6776733012085
273.303787231445,4.40780115127564,3.68268915127563
273.353787183762,4.40767049789429,3.68255849789429
273.403791666031,4.3993411064148,3.67422910641479
273.453787565231,4.39376163482666,3.66864963482666
273.503788471222,4.39055299758911,3.66544099758911
273.553787231445,4.37123584747314,3.64612384747314
273.603788375854,4.35440683364868,3.62929483364868
273.653787136078,4.36151838302612,3.63640638302612
273.703789710999,4.35531044006348,3.63019844006348
273.753789186478,4.33897924423218,3.61386724423218
273.803789377212,4.33507633209229,3.60996433209228
273.853791713715,4.32218933105469,3.59707733105469
273.903791189194,4.32339429855347,3.59828229855347
273.95378947258,4.31987142562866,3.59475942562866
274.003790378571,4.30069828033447,3.57558628033447
274.05379319191,4.28946113586426,3.56434913586426
274.10379076004,4.29667711257935,3.57156511257935
274.153791427612,4.28041172027588,3.55529972027588
274.203791379929,4.28339767456055,3.55828567456055
274.253790616989,4.26672554016113,3.54161354016113
274.303791761398,4.26275730133057,3.53764530133057
274.353793859482,4.25341987609863,3.52830787609863
274.403795480728,4.24820709228516,3.52309509228516
274.453791618347,4.23717975616455,3.51206775616455
274.503792762756,4.23968172073364,3.51456972073364
274.553802013397,4.23880386352539,3.51369186352539
274.603822469711,4.23931455612183,3.51420255612183
274.653826951981,4.23046159744263,3.50534959744263
274.703835725784,4.2285099029541,3.5033979029541
274.753831386566,4.21099996566772,3.48588796566772
274.803837060928,4.2130560874939,3.4879440874939
274.853834629059,4.21347522735596,3.48836322735596
274.903830766678,4.2000904083252,3.47497840832519
274.953811883926,4.19363403320313,3.46852203320312
275.003843784332,4.19236373901367,3.46725173901367
275.053846359253,4.1857762336731,3.4606642336731
275.103834867477,4.18191289901733,3.45680089901733
275.153831243515,4.17879581451416,3.45368381451416
275.203835010529,4.1743688583374,3.4492568583374
275.253811359405,4.17030906677246,3.44519706677246
275.303808927536,4.1688814163208,3.4437694163208
275.353813886642,4.16410160064697,3.43898960064697
275.403816699982,4.1610631942749,3.4359511942749
275.453813076019,4.14955139160156,3.42443939160156
275.503821372986,4.15239334106445,3.42728134106445
275.553818941116,4.15336227416992,3.42825027416992
275.603818416595,4.14435195922852,3.41923995922852
275.653828382492,4.13497495651245,3.40986295651245
275.703830957413,4.13948011398315,3.41436811398315
275.753820180893,4.13696527481079,3.41185327481079
275.803822278976,4.14099931716919,3.41588731716919
275.853820085526,4.12695980072022,3.40184780072021
275.903820514679,4.12936973571777,3.40425773571777
275.953822135925,4.12190437316895,3.39679237316894
276.003821849823,4.12238883972168,3.39727683972168
276.053829908371,4.1103401184082,3.3852281184082
276.10382604599,4.11394166946411,3.38882966946411
276.153822422028,4.10620164871216,3.38108964871216
276.203822612762,4.10752439498901,3.38241239498901
276.253825187683,4.09442806243897,3.36931606243896
276.303858995438,4.09552812576294,3.37041612576294
276.353825807571,4.09082651138306,3.36571451138306
276.403824567795,4.09146785736084,3.36635585736084
276.453824043274,4.08980464935303,3.36469264935303
276.503830194473,4.09228038787842,3.36716838787842
276.553836584091,4.08316469192505,3.35805269192505
276.603836774826,4.08700227737427,3.36189027737427
276.653843641281,4.07862043380737,3.35350843380737
276.703848838806,4.08168506622314,3.35657306622314
276.753833055496,4.07114267349243,3.34603067349243
276.803831338882,4.07724523544312,3.35213323544311
276.853838920593,4.07233428955078,3.34722228955078
276.903835773468,4.06991147994995,3.34479947994995
276.953830480576,4.06710863113403,3.34199663113403
277.003830194473,4.05560970306397,3.33049770306396
277.053833723068,4.05204772949219,3.32693572949219
277.10383105278,4.05178594589233,3.32667394589233
277.153829574585,4.05060720443726,3.32549520443726
277.203834295273,4.04934978485107,3.32423778485107
277.253839492798,4.04369211196899,3.31858011196899
277.30384349823,4.04621982574463,3.32110782574463
277.353857278824,4.03658103942871,3.31146903942871
277.403848409653,4.04581356048584,3.32070156048584
277.45383644104,4.03016328811646,3.30505128811645
277.503841638565,4.04436016082764,3.31924816082764
277.553836345673,4.03151273727417,3.30640073727417
277.603839159012,4.03595209121704,3.31084009121704
277.653835535049,4.02657508850098,3.30146308850098
277.703838586807,4.02853965759277,3.30342765759277
277.753836154938,4.01748609542847,3.29237409542847
277.803839445114,4.02986240386963,3.30475040386963
277.853847503662,4.01980400085449,3.29469200085449
277.903839588165,4.01489305496216,3.28978105496216
277.953840017319,4.01308584213257,3.28797384213257
278.003848314285,4.01470947265625,3.28959747265625
278.053840875626,4.00229406356812,3.27718206356811
278.103842258453,4.00865888595581,3.28354688595581
278.153840065002,4.00461196899414,3.27949996899414
278.203843593597,4.00985097885132,3.28473897885132
278.253842115402,3.99725198745728,3.27213998745728
278.303842782974,4.0158486366272,3.2907366366272
278.353854656219,4.01876926422119,3.29365726422119
278.403847932816,4.03045129776001,3.30533929776001
278.453861951828,4.04961156845093,3.32449956845093
278.503852844238,4.10121202468872,3.37610002468872
278.553847551346,4.12220573425293,3.39709373425293
278.603852033615,4.13856315612793,3.41345115612793
278.653873920441,4.14431238174439,3.41920038174438
278.703895568848,4.16766357421875,3.44255157421875
278.753887176514,4.20108604431152,3.47597404431152
278.803892374039,4.21881866455078,3.49370666455078
278.853909254074,4.23381423950195,3.50870223950195
278.903904914856,4.26834964752197,3.54323764752197
278.953874349594,4.27364063262939,3.54852863262939
279.003856658936,4.28913402557373,3.56402202557373
279.053859233856,4.318443775177,3.593331775177
279.103890657425,4.32884216308594,3.60373016308594
279.153883934021,4.34555339813232,3.62044139813232
279.203891515732,4.36669111251831,3.64157911251831
279.25386095047,4.36747694015503,3.64236494015503
279.303863048553,4.39782190322876,3.67270990322876
279.3538646698,4.40239238739014,3.67728038739014
279.403865098953,4.41505670547485,3.68994470547485
279.453862190247,4.41897249221802,3.69386049221802
279.503865003586,4.44549322128296,3.72038122128296
279.553867101669,4.44367265701294,3.71856065701294
279.603867292404,4.46059322357178,3.73548122357178
279.653864145279,4.47945261001587,3.75434061001587
279.703867673874,4.48055267333984,3.75544067333984
279.75386428833,4.49133062362671,3.76621862362671
279.803866624832,4.51038646697998,3.78527446697998
279.853870868683,4.52178049087524,3.79666849087524
279.903866529465,4.53583288192749,3.81072088192749
279.953863859177,4.5429573059082,3.8178453059082
280.003865242004,4.55594921112061,3.83083721112061
280.053869247437,4.56194734573364,3.83683534573364
280.103867292404,4.58891296386719,3.86380096386719
280.153868436813,4.57039451599121,3.84528251599121
280.203870773315,4.60705184936523,3.88193984936523
280.253871917725,4.60554552078247,3.88043352078247
280.303868293762,4.59396839141846,3.86885639141846
280.353878736496,4.57482099533081,3.84970899533081
280.403880596161,4.57286977767944,3.84775777767944
280.453880310059,4.56167221069336,3.83656021069336
280.503870248795,4.55283212661743,3.82772012661743
280.553871870041,4.53597688674927,3.81086488674927
280.603882789612,4.53575420379639,3.81064220379639
280.653907775879,4.51834917068481,3.79323717068481
280.703923940659,4.51698684692383,3.79187484692383
280.75390791893,4.50425720214844,3.77914520214844
280.803916215897,4.49973869323731,3.7746266932373
280.853903532028,4.47668886184692,3.75157686184692
280.903903245926,4.48004198074341,3.75492998074341
280.953952312469,4.46034479141235,3.73523279141235
281.003914833069,4.46046257019043,3.73535057019043
281.053914546967,4.43891859054565,3.71380659054565
281.10391497612,4.44677639007568,3.72166439007568
281.153910160065,4.43378496170044,3.70867296170044
281.203952312469,4.43921995162964,3.71410795162964
281.253899097443,4.41914319992065,3.69403119992065
281.303883552551,4.42719745635986,3.70208545635986
281.353892803192,4.40664911270142,3.68153711270142
281.403886795044,4.40812873840332,3.68301673840332
281.453882932663,4.39648580551147,3.67137380551147
281.503883838654,4.38933515548706,3.66422315548706
281.553887844086,4.38924360275269,3.66413160275269
281.603883504868,4.38215827941895,3.65704627941894
281.653886795044,4.37200832366943,3.64689632366943
281.703885555267,4.37276840209961,3.64765640209961
281.753886699676,4.35546779632568,3.63035579632568
281.803889751434,4.35430192947388,3.62918992947388
281.853889703751,4.34491205215454,3.61980005215454
281.903892040253,4.35009813308716,3.62498613308716
281.953931570053,4.33633375167847,3.61122175167847
282.003913879395,4.33612394332886,3.61101194332886
282.053914546967,4.31879758834839,3.59368558834839
282.10391831398,4.33076763153076,3.60565563153076
282.15389251709,4.30647373199463,3.58136173199463
282.203889608383,4.31895446777344,3.59384246777344
282.253890275955,4.3074688911438,3.5823568911438
282.30389380455,4.32122039794922,3.59610839794922
282.353893518448,4.30236148834229,3.57724948834228
282.403890371323,4.30464029312134,3.57952829312134
282.453912734985,4.29270935058594,3.56759735058594
282.503899097443,4.30579233169556,3.58068033169556
282.553909778595,4.28362035751343,3.55850835751343
282.6039083004,4.28651475906372,3.56140275906372
282.653895378113,4.27442646026611,3.54931446026611
282.703894853592,4.28165578842163,3.55654378842163
282.753895759583,4.26667356491089,3.54156156491089
282.803894042969,4.27222633361816,3.54711433361816
282.853899955749,4.2573618888855,3.5322498888855
282.903896093369,4.27258014678955,3.54746814678955
282.953897476196,4.2477879524231,3.5226759524231
283.003895282745,4.26456499099731,3.53945299099731
283.053898572922,4.24943828582764,3.52432628582764
283.103902339935,4.25055170059204,3.52543970059204
283.153896093369,4.24127912521362,3.51616712521362
283.203898191452,4.24899291992188,3.52388091992187
283.253898620605,4.233971118927,3.508859118927
283.30389714241,4.24020528793335,3.51509328793335
283.353908538818,4.23346042633057,3.50834842633057
283.403897762299,4.23737621307373,3.51226421307373
283.453900098801,4.21340990066528,3.48829790066528
283.50389790535,4.22547197341919,3.50035997341919
283.553897619247,4.21359300613403,3.48848100613403
283.603900194168,4.21720790863037,3.49209590863037
283.653901338577,4.20052289962769,3.47541089962769
283.703898906708,4.21701145172119,3.49189945172119
283.753899335861,4.1978120803833,3.4727000803833
283.803899288177,4.21412992477417,3.48901792477417
283.853901147842,4.19588661193848,3.47077461193848
283.903900146484,4.21046304702759,3.48535104702759
283.953898429871,4.18873596191406,3.46362396191406
284.003899335861,4.18812036514282,3.46300836514282
284.053900241852,4.18260717391968,3.45749517391968
284.103898763657,4.19647598266602,3.47136398266602
284.15389919281,4.18131017684937,3.45619817684936
284.203900814056,4.18690252304077,3.46179052304077
284.253904342651,4.1718020439148,3.44669004391479
284.303900718689,4.18056344985962,3.45545144985962
284.353908538818,4.17543029785156,3.45031829785156
284.403902053833,4.17884826660156,3.45373626660156
284.453902006149,4.1654372215271,3.4403252215271
284.503903150558,4.17006015777588,3.44494815777588
284.553921461105,4.16213703155518,3.43702503155518
284.603943347931,4.16720533370972,3.44209333370972
284.653940677643,4.15316581726074,3.42805381726074
284.703945398331,4.17037487030029,3.44526287030029
284.753945112228,4.15863990783691,3.43352790783691
284.803942203522,4.15929508209229,3.43418308209228
284.853941679001,4.14959049224854,3.42447849224853
284.903939962387,4.16407537460327,3.43896337460327
284.953912496567,4.1471152305603,3.4220032305603
285.00390791893,4.15214443206787,3.42703243206787
285.053913831711,4.13785600662231,3.41274400662231
285.103948831558,4.13483095169067,3.40971895169067
285.153949737549,4.1330885887146,3.4079765887146
285.203944444656,4.14906644821167,3.42395444821167
285.253939151764,4.12547969818115,3.40036769818115
285.303917407989,4.13489627838135,3.40978427838135
285.353916883469,4.11698007583618,3.39186807583618
285.403917074203,4.12724781036377,3.40213581036377
285.45391535759,4.11539554595947,3.39028354595947
285.503919124603,4.1232271194458,3.3981151194458
285.553915262222,4.11373233795166,3.38862033795166
285.603915452957,4.12236261367798,3.39725061367798
285.653914451599,4.11378479003906,3.38867279003906
285.703916788101,4.11969137191772,3.39457937191772
285.753915309906,4.10144758224487,3.37633558224487
285.80391740799,4.11024856567383,3.38513656567383
285.853922367096,4.10121202468872,3.37610002468872
285.903923511505,4.11375856399536,3.38864656399536
285.953916072845,4.09137678146362,3.36626478146362
286.003919124603,4.09940481185913,3.37429281185913
286.053921222687,4.09035491943359,3.36524291943359
286.103921175003,4.0978856086731,3.3727736086731
286.153918981552,4.08816814422607,3.36305614422607
286.203920125961,4.0939826965332,3.3688706965332
286.253921508789,4.08402919769287,3.35891719769287
286.303921937942,4.09269905090332,3.36758705090332
286.353923797607,4.07367038726807,3.34855838726807
286.403922319412,4.09277772903442,3.36766572903442
286.453920841217,4.06809091567993,3.34297891567993
286.503922462463,4.08698892593384,3.36187692593384
286.553928613663,4.06993770599365,3.34482570599365
286.603955745697,4.08435678482056,3.35924478482056
286.653957366943,4.06480360031128,3.33969160031128
286.703959941864,4.0721116065979,3.3469996065979
286.753953456879,4.04906177520752,3.32394977520752
286.803961277008,4.06651926040649,3.34140726040649
286.853976249695,4.04759502410889,3.32248302410889
286.903980731964,4.05538749694824,3.33027549694824
286.953933477402,4.03039932250977,3.30528732250977
287.00395655632,4.03293991088867,3.30782791088867
287.05396771431,4.00943183898926,3.28431983898926
287.103972673416,3.99387311935425,3.26876111935425
287.153964519501,3.96486401557922,3.23975201557922
287.203968524933,3.96938252449036,3.24427052449036
287.253961801529,3.93290853500366,3.20779653500366
287.303938627243,3.92980480194092,3.20469280194092
287.353943347931,3.90472483634949,3.17961283634949
287.403940916061,3.90011501312256,3.17500301312256
287.45393705368,3.87740564346313,3.15229364346313
287.503939151764,3.88255262374878,3.15744062374878
287.553942680359,3.86652255058289,3.14141055058289
287.603939294815,3.88638973236084,3.16127773236084
287.65393781662,3.87166953086853,3.14655753086853
287.703939199448,3.87823057174683,3.15311857174683
287.753941297531,3.8639030456543,3.1387910456543
287.803939580917,3.86747860908508,3.14236660908508
287.853943347931,3.86925959587097,3.14414759587097
287.903941392899,3.87418389320374,3.14907189320374
287.953944206238,3.86131000518799,3.13619800518799
288.003944158554,3.87211489677429,3.14700289677429
288.053940534592,3.85481429100037,3.12970229100037
288.103942632675,3.86632609367371,3.14121409367371
288.153941631317,3.85049247741699,3.12538047741699
288.203940629959,3.86937761306763,3.14426561306763
288.25394153595,3.85559988021851,3.13048788021851
288.303951263428,3.86987519264221,3.14476319264221
288.353944301605,3.85269284248352,3.12758084248352
288.403942108154,3.85979080200195,3.13467880200195
288.453942775726,3.84926128387451,3.12414928387451
288.503976345062,3.86144089698792,3.13632889698791
288.553981542587,3.84941864013672,3.12430664013672
288.603977203369,3.85413336753845,3.12902136753845
288.653972387314,3.84554171562195,3.12042971562195
288.703950881958,3.85845494270325,3.13334294270325
288.753948926926,3.84771585464478,3.12260385464478
288.803956031799,3.86290788650513,3.13779588650513
288.85395693779,3.84173083305359,3.11661883305359
288.903953790665,3.86131000518799,3.13619800518799
288.953950881958,3.84055233001709,3.11544033001709
289.003950834274,3.85590124130249,3.13078924130249
289.053955554962,3.8398973941803,3.1147853941803
289.10395359993,3.86086487770081,3.13575287770081
289.153952121735,3.84102368354797,3.11591168354797
289.2039539814,3.84885549545288,3.12374349545288
289.253960847855,3.82956409454346,3.10445209454346
289.303983449936,3.8542640209198,3.1291520209198
289.353955030441,3.83587670326233,3.11076470326233
289.403955698013,3.84941864013672,3.12430664013672
289.453960418701,3.82666993141174,3.10155793141174
289.503962039947,3.84982442855835,3.12471242855835
289.553953409195,3.83218359947205,3.10707159947205
289.60395860672,3.8401198387146,3.1150078387146
289.653956651688,3.82530760765076,3.10019560765076
289.703954935074,3.84149503707886,3.11638303707886
289.753957271576,3.82555651664734,3.10044451664734
289.803982019424,3.8379852771759,3.1128732771759
289.853981494904,3.82213830947876,3.09702630947876
289.903983354568,3.84259533882141,3.11748333882141
289.953959703445,3.81910014152527,3.09398814152527
290.003960847855,3.8401198387146,3.1150078387146
290.05396771431,3.81911301612854,3.09400101612854
290.10395860672,3.83799839019775,3.11288639019775
290.153965950012,3.82035732269287,3.09524532269287
290.203963041306,3.84119391441345,3.11608191441345
290.253963947296,3.81840586662292,3.09329386662292
290.30396437645,3.83531355857849,3.11020155857849
290.353965759277,3.81693887710571,3.09182687710571
290.403966426849,3.83245873451233,3.10734673451233
290.453962802887,3.81705713272095,3.09194513272095
290.503965854645,3.82742953300476,3.10231753300476
290.553966760635,3.8095920085907,3.0844800085907
290.603965997696,3.82849025726318,3.10337825726318
290.653962373733,3.81196236610413,3.08685036610413
290.703964233398,3.82828068733215,3.10316868733215
290.753965377808,3.81826186180115,3.09314986180115
290.803966522217,3.82139182090759,3.09627982090759
290.853970527649,3.81176590919495,3.08665390919495
290.903968334198,3.81544613838196,3.09033413838196
290.953967809677,3.80385589599609,3.07874389599609
291.003972768784,3.82212543487549,3.09701343487549
291.053967952728,3.80675005912781,3.08163805912781
291.103971719742,3.81760692596436,3.09249492596436
291.153971910477,3.80272960662842,3.07761760662842
291.20397233963,3.81688666343689,3.09177466343689
291.253969430923,3.80280804634094,3.07769604634094
291.303973674774,3.82090735435486,3.09579535435486
291.353976488113,3.80094838142395,3.07583638142395
291.403973817825,3.81028604507446,3.08517404507446
291.453970193863,3.80427503585815,3.07916303585815
291.503975152969,3.81742358207703,3.09231158207703
291.553970813751,3.79797554016113,3.07286354016113
291.603973150253,3.81462121009827,3.08950921009827
291.653971672058,3.79644298553467,3.07133098553467
291.703973531723,3.8032534122467,3.0781414122467
291.753979206085,3.79903626441956,3.07392426441956
291.803981542587,3.80568933486938,3.08057733486938
291.853978395462,3.78550744056702,3.06039544056702
291.90397810936,3.8076274394989,3.0825154394989
291.953973770142,3.78787803649902,3.06276603649902
292.003975868225,3.81029915809631,3.08518715809631
292.053978443146,3.79703259468079,3.07192059468079
292.103977441788,3.80081725120544,3.07570525120544
292.153975486755,3.79371905326843,3.06860705326843
292.203977108002,3.8034496307373,3.0783376307373
292.25398182869,3.7857038974762,3.0605918974762
292.303980350494,3.79868268966675,3.07357068966675
292.353982448578,3.78630638122559,3.06119438122559
292.403987884521,3.79261875152588,3.06750675152588
292.453996181488,3.76080727577209,3.03569527577209
292.504006385803,3.77100968360901,3.04589768360901
292.554008483887,3.73746943473816,3.01235743473816
292.603988170624,3.73026633262634,3.00515433262634
292.65398311615,3.69988250732422,2.97477050732422
292.703990697861,3.68628811836243,2.96117611836243
292.754014015198,3.65281367301941,2.92770167301941
292.804022312164,3.65928339958191,2.93417139958191
292.854017734528,3.62549448013306,2.90038248013306
292.904018878937,3.62343811988831,2.89832611988831
292.954022169113,3.57923746109009,2.85412546109009
293.004027366638,3.56870794296265,2.84359594296265
293.054030179977,3.54159784317017,2.81648584317017
293.104026079178,3.54331374168396,2.81820174168396
293.154022932053,3.51223564147949,2.78712364147949
293.204026937485,3.50683999061584,2.78172799061584
293.254062414169,3.48504734039307,2.75993534039307
293.304019927979,3.46257376670837,2.73746176670837
293.354028940201,3.43212413787842,2.70701213787842
293.404008388519,3.42557597160339,2.70046397160339
293.453998327255,3.3867449760437,2.6616329760437
293.503998994827,3.38620781898499,2.66109581898499
293.554002761841,3.33879852294922,2.61368652294922
293.604001045227,3.35141038894653,2.62629838894653
293.653999328613,3.32094812393188,2.59583612393188
293.704002380371,3.30055665969849,2.57544465969849
293.754006147385,3.27978563308716,2.55467363308716
293.804001808167,3.28595399856567,2.56084199856567
293.85400390625,3.25953841209412,2.53442641209412
293.904004573822,3.25859570503235,2.53348370503235
293.95400428772,3.22764849662781,2.50253649662781
294.00400185585,3.22650909423828,2.50139709423828
294.054002523422,3.19725131988525,2.47213931988525
294.104005336761,3.18560862541199,2.46049662541199
294.154004096985,3.16980123519897,2.44468923519897
294.204005241394,3.15980839729309,2.43469639729309
294.25400352478,3.1352002620697,2.4100882620697
294.304006099701,3.12943768501282,2.40432568501282
294.354007720947,3.10883712768555,2.38372512768555
294.404006719589,3.11978578567505,2.39467378567505
294.454004049301,3.10286498069763,2.37775298069763
294.504006385803,3.11563396453857,2.39052196453857
294.554012060165,3.09854292869568,2.37343092869568
294.604053020477,3.11721873283386,2.39210673283386
294.654042243957,3.1093213558197,2.3842093558197
294.704043149948,3.11332893371582,2.38821693371582
294.754035949707,3.11184906959534,2.38673706959534
294.804009914398,3.12947702407837,2.40436502407837
294.854014396667,3.10848355293274,2.38337155293274
294.904012680054,3.12175011634827,2.39663811634827
294.954011678696,3.11442899703979,2.38931699703979
295.004014492035,3.12169766426086,2.39658566426086
295.054019212723,3.10966205596924,2.38455005596924
295.1040122509,3.12286329269409,2.39775129269409
295.154014110565,3.11105012893677,2.38593812893677
295.204015016556,3.1245265007019,2.3994145007019
295.254014492035,3.10942625999451,2.38431425999451
295.304015159607,3.1145601272583,2.3894481272583
295.354018211365,3.10422706604004,2.37911506604004
295.404016971588,3.12461829185486,2.39950629185486
295.454023838043,3.10530090332031,2.38018890332031
295.504019975662,3.12662196159363,2.40150996159363
295.554015398026,3.11198019981384,2.38686819981384
295.604020357132,3.12921524047852,2.40410324047852
295.654018878937,3.10706877708435,2.38195677708435
295.704017400742,3.1244478225708,2.3993358225708
295.754018545151,3.11344695091248,2.38833495091248
295.804022789001,3.12719798088074,2.40208598088074
295.854021549225,3.11763787269592,2.39252587269592
295.904021024704,3.12541723251343,2.40030523251343
295.954018115997,3.11511015892029,2.38999815892029
296.004020690918,3.12954258918762,2.40443058918762
296.054017066956,3.11961531639099,2.39450331639099
296.104021787643,3.124356508255,2.399244508255
296.154018878937,3.10561513900757,2.38050313900757
296.204021692276,3.13218784332275,2.40707584332275
296.254021167755,3.11533284187317,2.39022084187317
296.304022073746,3.12979125976562,2.40467925976562
296.354046344757,3.11029076576233,2.38517876576233
296.40402507782,3.13188695907593,2.40677495907593
296.454028129578,3.11970686912537,2.39459486912537
296.504058599472,3.1287043094635,2.4035923094635
296.554058790207,3.11018586158752,2.38507386158752
296.604060173035,3.12636017799377,2.40124817799377
296.654064416885,3.11465191841125,2.38953991841125
296.704063415527,3.1252338886261,2.4001218886261
296.754053115845,3.11272644996643,2.38761444996643
296.804036140442,3.12797069549561,2.40285869549561
296.854033231735,3.11589598655701,2.39078398655701
296.904029607773,3.12836384773254,2.40325184773254
296.954033136368,3.11236000061035,2.38724800061035
297.00403046608,3.12928080558777,2.40416880558777
297.054032325745,3.1167471408844,2.3916351408844
297.104032754898,3.12755179405212,2.40243979405212
297.154029846191,3.12219524383545,2.39708324383545
297.204033613205,3.13654899597168,2.41143699597168
297.254030227661,3.11167883872986,2.38656683872986
297.304033994675,3.13726949691772,2.41215749691772
297.354033231735,3.1200737953186,2.3949617953186
297.404031515121,3.13442754745483,2.40931554745483
297.454033613205,3.11526727676392,2.39015527676392
297.504035234451,3.12180233001709,2.39669033001709
297.554034948349,3.11398386955261,2.38887186955261
297.604035377502,3.12918901443481,2.40407701443481
297.654032707214,3.11776852607727,2.39265652607727
297.704035997391,3.12729001045227,2.40217801045227
297.754033565521,3.11948442459106,2.39437242459106
297.804035902023,3.13897204399109,2.41386004399109
297.85406088829,3.11605310440063,2.39094110440063
297.904037475586,3.13220119476318,2.40708919476318
297.954034328461,3.11588287353516,2.39077087353516
298.004037857056,3.13641810417175,2.41130610417175
298.054039239883,3.12206435203552,2.39695235203552
298.104037284851,3.13294768333435,2.40783568333435
298.1540350914,3.11881637573242,2.39370437573242
298.204036951065,3.14233779907227,2.41722579907227
298.254036426544,3.11676049232483,2.39164849232483
298.304036855698,3.13005352020264,2.40494152020264
298.354053497314,3.12295508384705,2.39784308384705
298.404036521912,3.12472295761108,2.39961095761108
298.454043626785,3.1189866065979,2.3938746065979
298.504040956497,3.13259410858154,2.40748210858154
298.554042816162,3.12522053718567,2.40010853718567
298.604047775269,3.12776136398315,2.40264936398315
298.654046773911,3.12379312515259,2.39868112515259
298.70404791832,3.12825918197632,2.40314718197632
298.754043579102,3.12269282341003,2.39758082341003
298.804046392441,3.13154625892639,2.40643425892639
298.854048490524,3.11884260177612,2.39373060177612
298.904081344604,3.13516092300415,2.41004892300415
298.954082250595,3.1241991519928,2.3990871519928
299.004083633423,3.1244740486145,2.3993620486145
299.054085731506,3.11926174163818,2.39414974163818
299.104083538055,3.1297390460968,2.4046270460968
299.154077529907,3.12019157409668,2.39507957409668
299.204080820084,3.12557411193848,2.40046211193848
299.25407910347,3.12376689910889,2.39865489910889
299.3040766716,3.12954258918762,2.40443058918762
299.354068756104,3.12000823020935,2.39489623020935
299.404053926468,3.13260698318481,2.40749498318481
299.454055070877,3.11774253845215,2.39263053845215
299.504056215286,3.12700176239014,2.40188976239014
299.554057598114,3.12112164497375,2.39600964497375
299.604056358337,3.11966753005981,2.39455553005981
299.654054880142,3.09502005577087,2.36990805577087
299.704056739807,3.07769322395325,2.35258122395325
299.754059076309,3.06092977523804,2.33581777523804
299.804057836533,3.04031586647034,2.31520386647034
299.854061365128,3.02072334289551,2.29561134289551
299.904062271118,3.01135945320129,2.28624745320129
299.954060554504,2.98753690719604,2.26242490719604
300.004061222076,2.98363423347473,2.25852223347473
300.054059028625,2.95776844024658,2.23265644024658
300.10406422615,2.94955706596375,2.22444506596374
300.154061079025,2.92989921569824,2.20478721569824
300.204062223434,2.91723489761353,2.19212289761353
300.254060983658,2.89163136482239,2.16651936482239
300.304064273834,2.87395095825195,2.14883895825195
300.354063510895,2.85813045501709,2.13301845501709
300.404064893723,2.86808347702026,2.14297147702026
300.454061746597,2.84055471420288,2.11544271420288
300.504094362259,2.82329368591309,2.09818168591309
300.554093837738,2.80038809776306,2.07527609776306
300.604101419449,2.79935312271118,2.07424112271118
300.654093027115,2.77609372138977,2.05098172138977
300.704102039337,2.76031255722046,2.03520055722046
300.754088878632,2.74312973022461,2.01801773022461
300.804102420807,2.72590804100037,2.00079604100037
300.854125499725,2.71048021316528,1.98536821316528
300.9041056633,2.70818829536438,1.98307629536438
300.954102516174,2.70002913475037,1.97491713475037
301.004093170166,2.69713497161865,1.97202297161865
301.05407333374,2.66265177726746,1.93753977726746
301.104094266891,2.65352368354797,1.92841168354797
301.154100418091,2.64211654663086,1.91700454663086
301.20410656929,2.63537192344666,1.91025992344666
301.254105091095,2.63047385215759,1.90536185215759
301.304100751877,2.63613152503967,1.91101952503967
301.354080200195,2.63013315200806,1.90502115200806
301.404080867767,2.63462543487549,1.90951343487549
301.454079389572,2.62871885299683,1.90360685299683
301.504078865051,2.62658405303955,1.90147205303955
301.554078102112,2.62727808952332,1.90216608952332
301.604084968567,2.63565993309021,1.91054793309021
301.654086112976,2.63780760765076,1.91269560765076
301.704084157944,2.63228106498718,1.90716906498718
301.754080057144,2.62565422058105,1.90054222058105
301.804081439972,2.63218927383423,1.90707727383423
301.854081869125,2.63171792030334,1.90660592030334
301.90408539772,2.63987708091736,1.91476508091736
301.954081296921,2.63675999641418,1.91164799641418
302.004083156586,2.63366937637329,1.90855737637329
302.054079055786,2.63238573074341,1.90727373074341
302.104080915451,2.64011287689209,1.91500087689209
302.154079675674,2.63548970222473,1.91037770222473
302.204083442688,2.63639330863953,1.91128130863953
302.254081249237,2.6416449546814,1.9165329546814
302.304082393646,2.63982439041138,1.91471239041138
302.354087352753,2.63442873954773,1.90931673954773
302.404086828232,2.6353588104248,1.9102468104248
302.454082489014,2.63321113586426,1.90809913586426
302.504086256027,2.63162612915039,1.90651412915039
302.554085016251,2.63890767097473,1.91379567097473
302.604090690613,2.64435601234436,1.91924401234436
302.654112577438,2.63335514068604,1.90824314068604
302.704122543335,2.64481425285339,1.91970225285339
302.754122495651,2.63914346694946,1.91403146694946
302.804123163223,2.64192008972168,1.91680808972168
302.854118824005,2.64560031890869,1.92048831890869
302.904120922089,2.65070796012878,1.92559596012878
302.954107999802,2.63711357116699,1.91200157116699
303.004130125046,2.64337372779846,1.91826172779846
303.054130554199,2.64315104484558,1.91803904484558
303.104135751724,2.64186787605286,1.91675587605286
303.154125213623,2.65307831764221,1.92796631764221
303.204126358032,2.64774823188782,1.92263623188782
303.254131555557,2.6471586227417,1.9220466227417
303.304103851318,2.64611101150513,1.92099901150513
303.354098081589,2.64756441116333,1.92245241116333
303.404100179672,2.64443445205688,1.91932245205688
303.454097747803,2.64954233169556,1.92443033169556
303.504097223282,2.65099596977234,1.92588396977234
303.554100751877,2.6437668800354,1.9186548800354
303.604102611542,2.65246295928955,1.92735095928955
303.654105424881,2.65538334846497,1.93027134846497
303.704110622406,2.64294147491455,1.91782947491455
303.754099369049,2.6537070274353,1.9285950274353
303.804105997086,2.64924097061157,1.92412897061157
303.854110717773,2.64865159988403,1.92353959988403
303.904111623764,2.64108180999756,1.91596980999756
303.954107284546,2.65573692321777,1.93062492321777
304.004134654999,2.63905215263367,1.91394015263367
304.05411696434,2.63939237594604,1.91428037594605
304.10410785675,2.64973855018616,1.92462655018616
304.154103994369,2.6517162322998,1.9266042322998
304.204107761383,2.64743375778198,1.92232175778198
304.254105806351,2.64114737510681,1.91603537510681
304.304128170013,2.64247012138367,1.91735812138367
304.354114055634,2.64801001548767,1.92289801548767
304.404118061066,2.64783954620361,1.92272754620361
304.454112052917,2.65289497375488,1.92778297375488
304.504109382629,2.64123916625977,1.91612716625977
304.554111242294,2.64986968040466,1.92475768040466
304.604116201401,2.6437668800354,1.9186548800354
304.654109716415,2.65999341011047,1.93488141011047
304.704110860825,2.65519976615906,1.93008776615906
304.754108905792,2.65169024467468,1.92657824467468
304.804112434387,2.65601205825806,1.93090005825806
304.854110240936,2.65222692489624,1.92711492489624
304.90410900116,2.64321660995483,1.91810460995483
304.954107046127,2.6591157913208,1.9340037913208
305.004108190536,2.64476203918457,1.91965003918457
305.054109573364,2.65433549880981,1.92922349880981
305.104109764099,2.64662170410156,1.92150970410156
305.154106855392,2.66064810752869,1.93553610752869
305.20410990715,2.65374612808228,1.92863412808228
305.254112958908,2.66338515281677,1.93827315281677
305.304116010666,2.65034103393555,1.92522903393555
305.354125499725,2.65775370597839,1.93264170597839
305.40411567688,2.65302610397339,1.92791410397339
305.454112052917,2.66845345497131,1.94334145497131
305.504113912582,2.63793873786926,1.91282673786926
305.554119348526,2.66392207145691,1.93881007145691
305.604117155075,2.63873767852783,1.91362567852783
305.654113054275,2.6710467338562,1.9459347338562
305.704115152359,2.64607167243958,1.92095967243958
305.754115819931,2.66383051872253,1.93871851872253
305.80411696434,2.64751219749451,1.92240019749451
305.854117155075,2.65729546546936,1.93218346546936
305.904116153717,2.64552140235901,1.92040940235901
305.95411491394,2.66101479530334,1.93590279530334
306.004115343094,2.65440106391907,1.92928906391907
306.054115533829,2.65967893600464,1.93456693600464
306.104121923447,2.64917540550232,1.92406340550232
306.154116868973,2.66809988021851,1.94298788021851
306.204117059708,2.64463090896606,1.91951890896606
306.254117250442,2.66032075881958,1.93520875881958
306.304131269455,2.65175557136536,1.92664357136536
306.35413146019,2.66419720649719,1.93908520649719
306.404129981995,2.65119242668152,1.92608042668152
306.454126596451,2.66341161727905,1.93829961727905
306.504130601883,2.63254308700562,1.90743108700562
306.554128646851,2.64476203918457,1.91965003918457
306.604128599167,2.61697125434875,1.89185925434876
306.654149055481,2.61195516586304,1.88684316586304
306.704169511795,2.57493138313293,1.84981938313293
306.754163742065,2.57841491699219,1.85330291699219
306.804171085358,2.54317235946655,1.81806035946655
306.854167222977,2.55215668678284,1.82704468678284
306.904169559479,2.52420854568481,1.79909654568481
306.95415186882,2.52389430999756,1.79878230999756
307.004135847092,2.50404000282288,1.77892800282288
307.054152965546,2.49726915359497,1.77215715359497
307.104142665863,2.47302746772766,1.74791546772766
307.154171228409,2.47636699676514,1.75125499676514
307.204173803329,2.46074295043945,1.73563095043945
307.254175901413,2.45693182945251,1.73181982945251
307.304157733917,2.42688846588135,1.70177646588135
307.354138374329,2.42838144302368,1.70326944302368
307.404141664505,2.40611743927002,1.68100543927002
307.454138040543,2.41463017463684,1.68951817463684
307.504138946533,2.38754653930664,1.66243453930664
307.554138660431,2.39065027236938,1.66553827236938
307.604142665863,2.35997843742371,1.63486643742371
307.654142618179,2.36047601699829,1.63536401699829
